race_id,season,location,driver_id,driver_code,team,resultposition,gridposition,avg_lap,median_lap,std_lap,best_lap,pit_count,avg_pit_loss,tyre_mix,avg_stint_length,nolaps,tracklength
1,2014,Melbourne,1,HAM,Mercedes,19,1,103.20750000000001,103.20750000000001,4.13021070891062,100.287,0,0.0,1,3.0,57,5303.0
1,2014,Melbourne,2,RIC,RedBull,22,2,98.30236842105265,94.968,11.52336415510366,93.066,2,22.7105,2,19.333333333333332,57,5303.0
1,2014,Melbourne,3,ROS,Mercedes,1,3,97.87210526315789,94.04,12.238517778607555,92.478,2,24.002000000000002,2,19.333333333333332,57,5303.0
1,2014,Melbourne,4,MAG,McLaren,2,4,98.34187719298245,94.995,11.0841658557057,92.917,2,22.7115,2,19.333333333333332,57,5303.0
1,2014,Melbourne,5,ALO,Ferrari,4,5,98.49112280701753,95.374,10.747006639841254,92.616,2,22.4325,2,19.333333333333332,57,5303.0
1,2014,Melbourne,6,VER,ToroRosso,8,6,98.93247368421052,95.525,10.647883626244473,93.864,2,23.051000000000002,2,19.333333333333332,57,5303.0
1,2014,Melbourne,7,HUL,ForceIndia,6,7,98.76189473684211,95.457,10.71407417786165,93.21,2,22.774,2,19.333333333333332,57,5303.0
1,2014,Melbourne,8,KVY,ToroRosso,9,8,98.98763157894737,95.66,10.907095925247761,92.634,2,27.217,2,19.333333333333332,57,5303.0
1,2014,Melbourne,9,MAS,Williams,20,9,,,,,0,0.0,1,1.0,57,5303.0
1,2014,Melbourne,10,BUT,McLaren,3,10,98.3988947368421,95.341,9.85721732083403,93.186,2,22.405,2,19.333333333333332,57,5303.0
1,2014,Melbourne,11,RAI,Ferrari,7,11,98.88394736842105,95.338,10.72676839969764,93.691,2,23.683999999999997,2,19.333333333333332,57,5303.0
1,2014,Melbourne,12,VET,RedBull,18,12,114.128,111.46,5.979455911703006,109.947,0,0.0,1,4.0,57,5303.0
1,2014,Melbourne,13,SUT,Sauber,11,13,99.7652142857143,96.9805,8.735437878839555,94.564,1,24.305,2,28.5,57,5303.0
1,2014,Melbourne,14,KOB,Caterham,21,14,,,,,0,0.0,1,1.0,57,5303.0
1,2014,Melbourne,15,BOT,Williams,5,15,98.70787719298247,95.211,10.7931916884643,92.568,2,29.019,2,19.333333333333332,57,5303.0
1,2014,Melbourne,16,PER,ForceIndia,10,16,99.37940350877192,96.156,10.824772714307494,93.366,3,23.52133333333333,2,19.333333333333332,57,5303.0
1,2014,Melbourne,17,CHI,Marussia,13,17,101.83761818181819,98.872,8.154848070639872,95.635,2,23.851,2,18.666666666666668,57,5303.0
1,2014,Melbourne,18,BIA,Marussia,14,18,115.76002040816327,97.728,106.0609525774939,95.281,2,23.238500000000002,2,16.666666666666668,57,5303.0
1,2014,Melbourne,19,ERI,Caterham,17,19,105.01429629629628,100.204,10.375684836766622,97.064,1,23.238,1,14.0,57,5303.0
1,2014,Melbourne,20,GUT,Sauber,12,20,99.87421428571429,96.2995,10.910073823122096,94.202,2,28.226999999999997,2,28.5,57,5303.0
1,2014,Melbourne,21,MAL,LotusF1,16,21,104.03341379310345,99.261,10.468672099982205,97.332,1,22.847,1,30.0,57,5303.0
1,2014,Melbourne,22,GRO,LotusF1,15,22,101.02709302325582,97.54,9.969285590332781,94.766,2,19.7595,1,22.0,57,5303.0
2,2014,KualaLumpur,1,HAM,Mercedes,1,1,107.60667857142857,106.5505,4.669056977425052,103.066,3,24.794666666666668,2,14.25,56,5543.0
2,2014,KualaLumpur,2,RIC,RedBull,16,5,112.70502040816326,107.507,16.44446542722125,104.675,5,45.598,2,8.333333333333334,56,5543.0
2,2014,KualaLumpur,3,ROS,Mercedes,2,3,107.91583928571428,106.799,4.682473378177143,103.96,3,24.888,2,14.25,56,5543.0
2,2014,KualaLumpur,4,MAG,McLaren,9,8,109.60663636363635,107.922,6.040001049679932,105.373,3,30.730666666666668,2,14.0,56,5543.0
2,2014,KualaLumpur,5,ALO,Ferrari,4,4,108.24939285714285,107.164,4.598403053545562,104.165,3,24.443,2,14.25,56,5543.0
2,2014,KualaLumpur,6,VER,ToroRosso,19,9,116.10583333333332,109.571,13.644209085132912,108.527,2,36.1135,2,6.333333333333333,56,5543.0
2,2014,KualaLumpur,7,HUL,ForceIndia,5,7,108.44951785714285,107.27449999999999,3.9506363445586903,105.982,2,25.1115,2,19.0,56,5543.0
2,2014,KualaLumpur,8,KVY,ToroRosso,10,11,110.09698181818182,108.675,4.869795757717722,106.695,3,25.957000000000004,2,14.0,56,5543.0
2,2014,KualaLumpur,9,MAS,Williams,7,13,109.12589285714286,107.686,4.680608214862568,104.897,3,24.58,2,14.25,56,5543.0
2,2014,KualaLumpur,10,BUT,McLaren,6,10,109.10116071428573,107.612,4.64669282501705,106.039,3,24.797666666666668,2,14.25,56,5543.0
2,2014,KualaLumpur,11,RAI,Ferrari,12,6,110.13952727272728,108.309,7.34301180729135,105.129,3,25.020666666666667,2,14.0,56,5543.0
2,2014,KualaLumpur,12,VET,RedBull,3,2,108.04478571428572,106.8005,4.686571434192826,104.289,3,24.782,2,14.25,56,5543.0
2,2014,KualaLumpur,13,SUT,Sauber,18,17,111.43659375000001,109.664,5.602534460226386,108.04,2,25.7455,2,11.0,56,5543.0
2,2014,KualaLumpur,14,KOB,Caterham,13,20,110.86814545454544,109.852,4.530402571508702,107.753,2,26.8145,2,18.666666666666668,56,5543.0
2,2014,KualaLumpur,15,BOT,Williams,8,18,109.134125,107.732,4.8689156644706095,105.475,3,24.827333333333332,2,14.25,56,5543.0
2,2014,KualaLumpur,16,PER,ForceIndia,22,14,,,,,0,0.0,1,1.0,56,5543.0
2,2014,KualaLumpur,17,CHI,Marussia,15,21,111.80816666666664,110.27199999999999,5.475561805413728,108.249,3,27.559,2,13.75,56,5543.0
2,2014,KualaLumpur,18,BIA,Marussia,20,19,128.70399999999998,112.131,30.077119447941055,111.473,1,52.836,1,9.0,56,5543.0
2,2014,KualaLumpur,19,ERI,Caterham,14,22,111.80575925925925,110.34899999999999,5.604393498686561,107.5,3,27.528333333333336,2,13.75,56,5543.0
2,2014,KualaLumpur,20,GUT,Sauber,17,12,111.36962857142856,109.924,5.4721008229752774,107.782,2,27.872500000000002,2,12.0,56,5543.0
2,2014,KualaLumpur,21,MAL,LotusF1,21,16,115.51528571428571,112.005,6.945567668527545,110.929,0,0.0,1,8.0,56,5543.0
2,2014,KualaLumpur,22,GRO,LotusF1,11,15,110.13701818181818,108.601,4.857016061141017,106.224,3,25.459,2,14.0,56,5543.0
3,2014,Sakhir,1,HAM,Mercedes,1,2,104.96040350877192,100.341,14.544790201133443,97.108,2,24.9165,2,19.333333333333332,57,5412.0
3,2014,Sakhir,2,RIC,RedBull,4,13,105.3900350877193,102.252,10.119267085905467,99.269,2,24.761,2,19.333333333333332,57,5412.0
3,2014,Sakhir,3,ROS,Mercedes,2,1,104.97943859649124,100.536,13.646056900408924,97.02,2,24.878999999999998,2,19.333333333333332,57,5412.0
3,2014,Sakhir,4,MAG,McLaren,18,8,103.87935,102.316,5.314098474088309,100.108,3,24.914,2,10.25,57,5412.0
3,2014,Sakhir,5,ALO,Ferrari,9,9,105.53224561403508,101.565,10.894835670891936,99.732,3,24.94633333333333,2,14.5,57,5412.0
3,2014,Sakhir,6,VER,ToroRosso,21,14,109.3786111111111,104.095,13.053474769031872,101.65,2,29.896,2,9.5,57,5412.0
3,2014,Sakhir,7,HUL,ForceIndia,5,11,105.4631052631579,101.86,10.9502257424288,98.785,2,24.5985,2,19.333333333333332,57,5412.0
3,2014,Sakhir,8,KVY,ToroRosso,11,12,105.68570175438595,102.381,8.869713234140649,100.16,3,25.583,2,14.5,57,5412.0
3,2014,Sakhir,9,MAS,Williams,7,7,105.50891228070175,101.384,10.27019544479611,99.272,3,24.999666666666666,2,14.5,57,5412.0
3,2014,Sakhir,10,BUT,McLaren,17,6,106.50696363636364,101.766,11.861061193176724,99.565,2,24.860500000000002,2,18.666666666666668,57,5412.0
3,2014,Sakhir,11,RAI,Ferrari,10,5,105.54745614035087,102.18,9.78211506137271,99.438,3,24.959,2,14.5,57,5412.0
3,2014,Sakhir,12,VET,RedBull,6,10,105.48459649122807,101.853,10.381246866103682,99.312,2,25.575,2,19.333333333333332,57,5412.0
3,2014,Sakhir,13,SUT,Sauber,22,22,116.07882352941179,105.388,32.79682237129706,101.791,2,33.019999999999996,2,6.0,57,5412.0
3,2014,Sakhir,14,KOB,Caterham,15,18,106.50250877192983,104.077,6.419930384921873,101.246,2,26.875999999999998,2,19.333333333333332,57,5412.0
3,2014,Sakhir,15,BOT,Williams,8,3,105.51963157894737,101.32,10.926823390876853,99.762,3,25.36266666666667,2,14.5,57,5412.0
3,2014,Sakhir,16,PER,ForceIndia,3,4,105.38263157894735,101.491,11.096305274137068,99.32,2,24.717,2,19.333333333333332,57,5412.0
3,2014,Sakhir,17,CHI,Marussia,13,21,106.01143859649123,103.786,7.250091795028588,101.825,3,26.357333333333333,2,14.5,57,5412.0
3,2014,Sakhir,18,BIA,Marussia,16,19,108.20651785714288,104.723,8.420400722468502,102.175,5,25.1446,2,11.4,57,5412.0
3,2014,Sakhir,19,ERI,Caterham,20,20,105.41957575757577,104.13,5.379698737094294,101.134,2,25.593,1,11.333333333333334,57,5412.0
3,2014,Sakhir,20,GUT,Sauber,19,15,104.07179487179488,102.893,4.7248079224645245,100.698,2,25.588,1,13.333333333333334,57,5412.0
3,2014,Sakhir,21,MAL,LotusF1,14,17,106.06221052631581,102.358,10.833112776075623,99.666,4,29.7395,2,19.333333333333332,57,5412.0
3,2014,Sakhir,22,GRO,LotusF1,12,16,105.71729824561405,102.104,8.658178352956469,99.443,3,25.305666666666667,2,14.5,57,5412.0
4,2014,Shanghai,1,HAM,Mercedes,1,1,103.8581111111111,102.943,4.049359379413958,101.196,2,23.4835,2,18.333333333333332,54,5451.0
4,2014,Shanghai,2,RIC,RedBull,4,2,104.36062962962963,103.6615,3.717880073051858,101.473,2,22.842,2,18.333333333333332,54,5451.0
4,2014,Shanghai,3,ROS,Mercedes,2,4,104.1925925925926,103.315,3.9130844732817143,100.402,2,23.183,2,18.333333333333332,54,5451.0
4,2014,Shanghai,4,MAG,McLaren,13,15,106.2102075471698,105.367,3.844005329773434,102.701,2,23.1245,2,18.0,54,5451.0
4,2014,Shanghai,5,ALO,Ferrari,3,5,104.29522222222222,103.5675,3.6135022663519694,102.081,2,22.8615,2,18.333333333333332,54,5451.0
4,2014,Shanghai,6,VER,ToroRosso,12,9,106.13775471698114,105.307,3.914546299016117,102.896,2,24.268,2,18.0,54,5451.0
4,2014,Shanghai,7,HUL,ForceIndia,6,8,104.86357407407405,104.169,3.6979248673544163,102.624,2,23.101,2,18.333333333333332,54,5451.0
4,2014,Shanghai,8,KVY,ToroRosso,10,13,105.87149056603774,105.229,3.920715484265994,103.337,2,23.5745,2,18.0,54,5451.0
4,2014,Shanghai,9,MAS,Williams,15,6,106.55911320754713,104.782,10.444563754671568,102.379,2,51.0535,2,18.0,54,5451.0
4,2014,Shanghai,10,BUT,McLaren,11,12,106.04260377358491,105.373,3.6414769158195988,103.375,2,22.478,2,18.0,54,5451.0
4,2014,Shanghai,11,RAI,Ferrari,8,11,105.27172222222224,104.431,3.9836860640909815,102.3,2,23.1425,2,18.333333333333332,54,5451.0
4,2014,Shanghai,12,VET,RedBull,5,3,104.74288888888888,103.914,3.48884990871413,102.169,2,22.408,2,18.333333333333332,54,5451.0
4,2014,Shanghai,13,SUT,Sauber,22,14,120.58040000000001,119.921,2.4122618638945448,118.376,0,0.0,1,6.0,54,5451.0
4,2014,Shanghai,14,KOB,Caterham,18,18,107.47054716981131,106.481,5.107656991698602,103.323,3,25.002333333333336,2,13.5,54,5451.0
4,2014,Shanghai,15,BOT,Williams,7,7,104.88953703703703,104.14699999999999,3.997789817277877,102.66,2,24.2095,2,18.333333333333332,54,5451.0
4,2014,Shanghai,16,PER,ForceIndia,9,16,105.38861111111112,104.502,4.090243450874457,102.228,2,23.275,2,18.333333333333332,54,5451.0
4,2014,Shanghai,17,CHI,Marussia,19,21,108.09025,106.8155,4.704808349225415,102.875,3,23.848333333333333,2,13.25,54,5451.0
4,2014,Shanghai,18,BIA,Marussia,17,19,107.44741509433962,106.222,4.6236204280676745,104.825,2,24.552,2,18.0,54,5451.0
4,2014,Shanghai,19,ERI,Caterham,20,20,108.38830769230769,107.202,5.070970037296154,103.62,3,23.792,2,13.25,54,5451.0
4,2014,Shanghai,20,GUT,Sauber,16,17,106.68275471698112,105.47,4.630159068149988,102.257,3,22.99133333333333,2,13.5,54,5451.0
4,2014,Shanghai,21,MAL,LotusF1,14,22,106.40567924528301,105.398,4.148086499420708,103.067,2,23.516,2,18.0,54,5451.0
4,2014,Shanghai,22,GRO,LotusF1,21,10,107.89178571428572,105.614,7.833112107311771,104.366,1,23.213,2,14.5,54,5451.0
5,2014,Catalunya,1,HAM,Mercedes,1,1,91.89628787878786,91.4525,3.506181046556985,89.483,2,23.2705,2,22.333333333333332,66,4655.0
5,2014,Catalunya,2,RIC,RedBull,3,3,92.63892424242424,92.18299999999999,3.3744261520606664,90.012,2,21.8995,2,22.333333333333332,66,4655.0
5,2014,Catalunya,3,ROS,Mercedes,2,2,91.90592424242423,91.4735,3.5031339652927747,89.236,2,22.2815,2,22.333333333333332,66,4655.0
5,2014,Catalunya,4,MAG,McLaren,12,14,93.8172923076923,92.892,3.604410378806243,90.318,2,21.831,2,22.0,66,4655.0
5,2014,Catalunya,5,ALO,Ferrari,6,7,93.22572727272727,92.114,4.2396788541131265,89.898,3,21.882666666666665,2,16.75,66,4655.0
5,2014,Catalunya,6,VER,ToroRosso,22,21,95.81695833333333,94.644,4.761677102059248,91.781,1,22.976,2,12.5,66,4655.0
5,2014,Catalunya,7,HUL,ForceIndia,10,10,93.73816923076924,92.819,3.5545672273904843,91.411,2,22.5395,2,22.0,66,4655.0
5,2014,Catalunya,8,KVY,ToroRosso,14,12,93.95324615384615,92.923,4.461354418891369,90.269,3,22.842666666666663,2,16.5,66,4655.0
5,2014,Catalunya,9,MAS,Williams,13,9,93.82623076923078,92.817,4.305003058830327,90.468,3,22.525000000000002,2,16.5,66,4655.0
5,2014,Catalunya,10,BUT,McLaren,11,8,93.80718461538461,92.779,3.7996570564505707,90.563,2,23.109,2,22.0,66,4655.0
5,2014,Catalunya,11,RAI,Ferrari,7,6,93.36072307692308,92.441,3.7067501623208137,90.58,2,22.3915,2,22.0,66,4655.0
5,2014,Catalunya,12,VET,RedBull,4,15,93.05843939393941,92.4385,4.250065060601699,88.918,3,21.727,2,16.75,66,4655.0
5,2014,Catalunya,13,SUT,Sauber,17,16,94.43826153846153,93.391,4.275351934625246,91.473,2,25.695500000000003,2,22.0,66,4655.0
5,2014,Catalunya,14,KOB,Caterham,21,20,96.93467647058823,95.37049999999999,5.97206146186374,93.064,1,22.789,1,17.5,66,4655.0
5,2014,Catalunya,15,BOT,Williams,5,4,93.09769696969698,92.47749999999999,3.5731451044603744,90.424,2,22.762500000000003,2,22.333333333333332,66,4655.0
5,2014,Catalunya,16,PER,ForceIndia,9,11,93.57810769230771,92.667,3.464182177671398,90.756,2,22.3245,2,22.0,66,4655.0
5,2014,Catalunya,17,CHI,Marussia,19,17,95.7810625,94.3335,5.122259607643413,91.767,3,23.718333333333334,2,16.25,66,4655.0
5,2014,Catalunya,18,BIA,Marussia,18,18,95.145265625,94.14099999999999,4.144563186596204,91.784,2,22.748,2,21.666666666666668,66,4655.0
5,2014,Catalunya,19,ERI,Caterham,20,19,96.10696875000001,95.11,4.43949964279456,93.35,2,24.881,2,21.666666666666668,66,4655.0
5,2014,Catalunya,20,GUT,Sauber,16,13,94.39020000000001,93.403,4.475093582122055,90.666,3,23.622666666666664,2,16.5,66,4655.0
5,2014,Catalunya,21,MAL,LotusF1,15,22,94.07724615384615,92.853,4.119012897644476,91.235,2,24.9375,2,22.0,66,4655.0
5,2014,Catalunya,22,GRO,LotusF1,8,5,93.56121538461538,92.794,3.6111887131019076,91.068,2,22.102,2,22.0,66,4655.0
6,2014,MonteCarlo,1,HAM,Mercedes,2,2,84.31885897435895,80.5485,11.618275160587576,79.361,1,27.509,2,39.5,78,3337.0
6,2014,MonteCarlo,2,RIC,RedBull,3,3,84.32403846153845,80.767,11.089073647025293,79.252,1,26.584,2,39.5,78,3337.0
6,2014,MonteCarlo,3,ROS,Mercedes,1,1,84.20078205128206,80.36449999999999,11.70435476138915,79.425,1,24.672,2,39.5,78,3337.0
6,2014,MonteCarlo,4,MAG,McLaren,10,8,85.91925974025975,81.786,11.142335696511418,80.657,1,28.943,2,39.0,78,3337.0
6,2014,MonteCarlo,5,ALO,Ferrari,4,5,84.61683333333333,81.081,10.951232684475471,79.727,1,26.499,2,39.5,78,3337.0
6,2014,MonteCarlo,6,VER,ToroRosso,17,7,87.54226,81.91550000000001,12.285625665477719,81.083,2,22.4145,2,25.5,78,3337.0
6,2014,MonteCarlo,7,HUL,ForceIndia,5,11,85.56597402597403,82.085,10.026158228110406,80.767,1,25.714,2,39.0,78,3337.0
6,2014,MonteCarlo,8,KVY,ToroRosso,19,9,94.11439999999999,85.295,15.62262914421826,82.011,0,0.0,1,11.0,78,3337.0
6,2014,MonteCarlo,9,MAS,Williams,7,16,85.57768831168832,81.885,10.20581730817713,80.314,1,24.264,2,39.0,78,3337.0
6,2014,MonteCarlo,10,BUT,McLaren,6,12,85.56846753246754,81.958,9.639298780983168,81.047,1,25.992,2,39.0,78,3337.0
6,2014,MonteCarlo,11,RAI,Ferrari,12,6,86.06512987012987,81.491,12.79311448988607,78.479,3,27.620666666666665,2,19.5,78,3337.0
6,2014,MonteCarlo,12,VET,RedBull,20,4,120.44239999999999,119.505,25.47350997212594,94.569,1,66.065,2,3.0,78,3337.0
6,2014,MonteCarlo,13,SUT,Sauber,18,18,88.14452173913044,83.653,14.067609165188868,81.761,1,33.207,2,24.0,78,3337.0
6,2014,MonteCarlo,14,KOB,Caterham,13,20,87.81710666666666,84.279,8.924599246924098,82.425,2,25.2685,2,25.333333333333332,78,3337.0
6,2014,MonteCarlo,15,BOT,Williams,16,13,86.87867272727273,81.832,11.521160297236245,81.105,1,25.595,2,28.0,78,3337.0
6,2014,MonteCarlo,16,PER,ForceIndia,21,10,,,,,0,0.0,1,1.0,78,3337.0
6,2014,MonteCarlo,17,CHI,Marussia,14,19,88.47776,84.156,12.019803575586238,80.579,3,32.187666666666665,2,19.0,78,3337.0
6,2014,MonteCarlo,18,BIA,Marussia,9,21,85.78097402597405,82.692,9.313498108961653,81.254,1,32.658,2,39.0,78,3337.0
6,2014,MonteCarlo,19,ERI,Caterham,11,22,86.05720779220779,83.162,9.312001232616664,80.911,2,26.838,2,26.0,78,3337.0
6,2014,MonteCarlo,20,GUT,Sauber,15,17,86.55527118644066,82.124,10.658361777837104,81.146,1,25.906,2,30.0,78,3337.0
6,2014,MonteCarlo,22,GRO,LotusF1,8,14,85.79992207792208,83.269,8.994601659893789,80.979,2,25.6705,2,39.0,78,3337.0
7,2014,Montreal,1,HAM,Mercedes,17,2,87.21160869565219,80.332,15.140303269351072,78.942,2,23.985500000000002,2,15.666666666666666,70,4361.0
7,2014,Montreal,2,RIC,RedBull,1,6,85.04042857142856,80.17099999999999,12.73638419279264,78.64,2,23.44,2,23.666666666666668,70,4361.0
7,2014,Montreal,3,ROS,Mercedes,2,1,85.10094285714287,80.107,12.914022608727167,78.616,2,24.492,2,23.666666666666668,70,4361.0
7,2014,Montreal,4,MAG,McLaren,9,12,85.45834285714285,80.628,12.974085739630983,78.819,2,23.692999999999998,2,23.666666666666668,70,4361.0
7,2014,Montreal,5,ALO,Ferrari,6,7,85.25284285714284,80.5975,12.803695574569575,78.614,2,23.860999999999997,2,23.666666666666668,70,4361.0
7,2014,Montreal,6,VER,ToroRosso,8,8,85.44080000000001,80.6815,12.796758840776262,79.399,2,24.204,2,23.666666666666668,70,4361.0
7,2014,Montreal,7,HUL,ForceIndia,5,11,85.2239,80.537,12.740869095501122,78.936,1,23.902,2,35.5,70,4361.0
7,2014,Montreal,8,KVY,ToroRosso,16,15,88.43314893617021,81.46,15.018555659118205,79.978,2,25.4665,2,16.0,70,4361.0
7,2014,Montreal,9,MAS,Williams,12,5,84.92485507246377,80.12,12.846686985682295,78.504,2,25.9805,2,23.333333333333332,70,4361.0
7,2014,Montreal,10,BUT,McLaren,4,9,85.20835714285712,80.435,12.908416301829014,78.759,2,24.2715,2,23.666666666666668,70,4361.0
7,2014,Montreal,11,RAI,Ferrari,10,10,85.80725714285715,80.4535,13.414660827666312,78.529,2,24.073,2,23.666666666666668,70,4361.0
7,2014,Montreal,12,VET,RedBull,3,3,85.11538571428574,80.34700000000001,12.775901367325087,79.171,2,23.622,2,23.666666666666668,70,4361.0
7,2014,Montreal,13,SUT,Sauber,13,16,86.51239130434782,81.634,12.738049946815654,80.226,2,23.8855,2,23.333333333333332,70,4361.0
7,2014,Montreal,14,KOB,Caterham,18,21,95.69147826086959,84.577,18.457589099115264,83.13,0,0.0,1,24.0,70,4361.0
7,2014,Montreal,15,BOT,Williams,7,4,85.37725714285713,80.507,12.769629115953451,79.321,2,23.9695,2,23.666666666666668,70,4361.0
7,2014,Montreal,16,PER,ForceIndia,11,13,84.9226811594203,80.702,12.68498647949934,79.491,1,23.907,2,35.0,70,4361.0
7,2014,Montreal,17,CHI,Marussia,21,18,,,,,0,0.0,1,1.0,70,4361.0
7,2014,Montreal,18,BIA,Marussia,22,19,,,,,0,0.0,1,1.0,70,4361.0
7,2014,Montreal,19,ERI,Caterham,20,20,122.89785714285715,124.823,8.302246531884636,111.041,0,0.0,1,8.0,70,4361.0
7,2014,Montreal,20,GUT,Sauber,14,22,86.481125,81.951,13.64361723030165,80.112,3,24.513666666666666,2,32.5,70,4361.0
7,2014,Montreal,21,MAL,LotusF1,19,17,95.55161904761904,82.847,19.678507782543345,81.514,0,0.0,1,22.0,70,4361.0
7,2014,Montreal,22,GRO,LotusF1,15,14,86.6582372881356,81.593,13.638927072953509,79.65,2,23.899500000000003,2,20.0,70,4361.0
8,2014,Spielberg,1,HAM,Mercedes,2,9,74.32264788732394,73.814,3.130795152757712,72.217,2,22.3905,2,24.0,71,4318.0
8,2014,Spielberg,2,RIC,RedBull,8,5,74.90842253521126,74.051,3.2336803343292555,73.06,2,21.432499999999997,2,24.0,71,4318.0
8,2014,Spielberg,3,ROS,Mercedes,1,3,74.2954366197183,73.706,2.9967490420329748,72.598,2,21.569000000000003,2,24.0,71,4318.0
8,2014,Spielberg,4,MAG,McLaren,7,6,74.74657746478873,74.201,3.1906622002425045,72.746,2,21.776000000000003,2,24.0,71,4318.0
8,2014,Spielberg,5,ALO,Ferrari,5,4,74.55674647887325,73.852,3.1057602874948813,72.595,2,21.255000000000003,2,24.0,71,4318.0
8,2014,Spielberg,6,VER,ToroRosso,20,14,76.16918644067795,75.327,3.8453943319364314,73.317,2,22.302999999999997,2,20.0,71,4318.0
8,2014,Spielberg,7,HUL,ForceIndia,9,10,74.91708450704225,74.193,3.1024069031570534,73.156,2,22.083,2,24.0,71,4318.0
8,2014,Spielberg,8,KVY,ToroRosso,22,7,76.34779166666667,75.27850000000001,3.897824320434545,74.332,1,21.906,2,12.5,71,4318.0
8,2014,Spielberg,9,MAS,Williams,4,1,74.53991549295775,74.089,3.167934201817054,72.586,2,21.996000000000002,2,24.0,71,4318.0
8,2014,Spielberg,10,BUT,McLaren,11,11,75.0132676056338,74.274,3.0768931081194157,72.858,2,21.3735,2,24.0,71,4318.0
8,2014,Spielberg,11,RAI,Ferrari,10,8,74.96835211267606,74.144,3.3057773976504983,72.884,2,21.766,2,24.0,71,4318.0
8,2014,Spielberg,12,VET,RedBull,21,12,79.47376470588235,75.2315,15.005708481570208,74.254,2,25.6125,2,11.666666666666666,71,4318.0
8,2014,Spielberg,13,SUT,Sauber,13,16,75.92501428571428,75.1215,3.5383638300768134,73.709,2,22.704500000000003,2,23.666666666666668,71,4318.0
8,2014,Spielberg,14,KOB,Caterham,16,19,76.98036231884059,76.273,2.6609328139440036,75.274,1,22.48,2,35.0,71,4318.0
8,2014,Spielberg,15,BOT,Williams,3,2,74.4105352112676,73.875,2.921586397984032,72.581,2,21.670499999999997,2,24.0,71,4318.0
8,2014,Spielberg,16,PER,ForceIndia,6,15,74.69749295774649,73.95,3.3525728536804995,72.142,2,22.865000000000002,2,24.0,71,4318.0
8,2014,Spielberg,17,CHI,Marussia,17,21,77.01095652173912,76.677,2.774575698535791,74.847,1,22.977,2,35.0,71,4318.0
8,2014,Spielberg,18,BIA,Marussia,15,18,76.51692753623186,76.103,2.828902563762142,74.476,1,24.452,2,35.0,71,4318.0
8,2014,Spielberg,19,ERI,Caterham,18,20,77.11871014492752,76.407,3.9495738567651357,74.672,2,24.177500000000002,2,23.333333333333332,71,4318.0
8,2014,Spielberg,20,GUT,Sauber,19,17,77.1229420289855,75.55,7.201470203008914,74.036,3,35.60633333333333,2,23.333333333333332,71,4318.0
8,2014,Spielberg,21,MAL,LotusF1,12,13,75.54875714285714,74.6775,3.427419189781792,73.187,2,22.9775,2,23.666666666666668,71,4318.0
8,2014,Spielberg,22,GRO,LotusF1,14,22,76.42211428571429,75.6435,3.54303998898701,73.953,2,23.048000000000002,2,23.666666666666668,71,4318.0
9,2014,Silverstone,1,HAM,Mercedes,1,6,169.4633461538462,98.789,499.0333625280325,97.176,2,29.485,2,17.666666666666668,52,5891.0
9,2014,Silverstone,2,RIC,RedBull,3,8,170.3574807692308,99.6245,498.00607564470414,98.459,1,28.483,2,17.666666666666668,52,5891.0
9,2014,Silverstone,3,ROS,Mercedes,18,1,229.45671428571427,98.961,680.2561461163733,98.091,1,28.329,1,14.5,52,5891.0
9,2014,Silverstone,4,MAG,McLaren,7,5,170.6664807692308,100.787,499.080488212759,98.677,1,28.745,2,26.5,52,5891.0
9,2014,Silverstone,5,ALO,Ferrari,6,16,170.61615384615385,100.187,496.26233628139266,98.587,1,34.41,2,26.5,52,5891.0
9,2014,Silverstone,6,VER,ToroRosso,10,10,172.8471176470588,101.238,499.2461836714487,99.261,1,30.218,2,17.333333333333332,52,5891.0
9,2014,Silverstone,7,HUL,ForceIndia,8,4,171.1689615384615,101.4305,498.1572953755871,98.625,1,29.579,2,26.5,52,5891.0
9,2014,Silverstone,8,KVY,ToroRosso,9,9,171.1814230769231,100.5615,497.6957492313499,98.407,2,28.6375,2,17.666666666666668,52,5891.0
9,2014,Silverstone,9,MAS,Williams,21,15,,,,,0,0.0,1,1.0,52,5891.0
9,2014,Silverstone,10,BUT,McLaren,4,3,170.37469230769233,100.67349999999999,499.18744542814767,98.284,1,28.645,2,26.5,52,5891.0
9,2014,Silverstone,11,RAI,Ferrari,22,18,,,,,0,0.0,1,1.0,52,5891.0
9,2014,Silverstone,12,VET,RedBull,5,2,170.4991923076923,99.756,498.38949344129264,97.481,2,28.6725,2,13.25,52,5891.0
9,2014,Silverstone,13,SUT,Sauber,13,13,173.4233333333333,101.699,501.49850400365784,100.041,1,29.956,2,26.0,52,5891.0
9,2014,Silverstone,14,KOB,Caterham,15,22,177.5259,104.1865,508.1870446471798,101.462,2,29.5235,2,17.0,52,5891.0
9,2014,Silverstone,15,BOT,Williams,2,14,170.04286538461537,99.636,497.7188066390077,98.264,1,29.104,2,26.5,52,5891.0
9,2014,Silverstone,16,PER,ForceIndia,11,7,173.00100000000003,101.579,504.18039924043046,98.716,1,29.599,2,17.333333333333332,52,5891.0
9,2014,Silverstone,17,CHI,Marussia,16,17,178.15107999999998,102.7765,523.220042598805,100.399,3,1253.499,2,25.5,52,5891.0
9,2014,Silverstone,18,BIA,Marussia,14,12,174.0889411764706,102.56,501.8445692426057,99.961,1,30.353,2,26.0,52,5891.0
9,2014,Silverstone,19,ERI,Caterham,19,21,437.7107272727273,105.28,1073.8543156049698,104.319,0,0.0,1,12.0,52,5891.0
9,2014,Silverstone,20,GUT,Sauber,20,19,507.85922222222234,104.377,1190.2490493035248,102.566,0,0.0,1,10.0,52,5891.0
9,2014,Silverstone,21,MAL,LotusF1,17,20,176.70385714285715,102.115,510.62951036616715,100.314,1,28.831,2,25.0,52,5891.0
9,2014,Silverstone,22,GRO,LotusF1,12,11,173.05529411764707,101.765,499.6589593146227,98.919,1,29.71,2,26.0,52,5891.0
10,2014,Hockenheim,1,HAM,Mercedes,3,20,84.26035820895521,82.44,7.3773746042586446,79.908,3,19.831999999999997,2,17.0,67,4574.0
10,2014,Hockenheim,2,RIC,RedBull,6,5,84.70840298507463,83.139,7.078864352207962,80.846,3,19.092,2,17.0,67,4574.0
10,2014,Hockenheim,3,ROS,Mercedes,1,1,83.92408955223878,82.187,6.483585219220087,81.298,2,20.156,2,22.666666666666668,67,4574.0
10,2014,Hockenheim,4,MAG,McLaren,9,4,85.24001515151514,83.673,8.030515190853954,80.224,3,21.473666666666663,2,16.75,67,4574.0
10,2014,Hockenheim,5,ALO,Ferrari,5,7,84.7071791044776,83.155,6.587041187346501,80.548,3,19.171333333333333,2,17.0,67,4574.0
10,2014,Hockenheim,6,VER,ToroRosso,13,13,85.63265151515152,83.8965,7.140866283350358,81.876,3,22.471999999999998,2,16.75,67,4574.0
10,2014,Hockenheim,7,HUL,ForceIndia,7,9,84.88197014925373,83.222,6.37401754514075,82.098,2,19.539,2,22.666666666666668,67,4574.0
10,2014,Hockenheim,8,KVY,ToroRosso,20,8,86.62854545454546,84.4565,7.910462061165685,82.179,2,20.282,2,15.0,67,4574.0
10,2014,Hockenheim,9,MAS,Williams,22,3,,,,,0,0.0,1,1.0,67,4574.0
10,2014,Hockenheim,10,BUT,McLaren,8,11,85.18843283582088,83.288,6.649356811510739,81.346,3,20.247,2,17.0,67,4574.0
10,2014,Hockenheim,11,RAI,Ferrari,11,12,85.47975757575759,83.647,6.757378918487454,81.338,3,19.781333333333333,2,16.75,67,4574.0
10,2014,Hockenheim,12,VET,RedBull,4,6,84.58101492537313,83.018,6.585008107246426,81.545,3,19.182333333333332,2,17.0,67,4574.0
10,2014,Hockenheim,13,SUT,Sauber,19,15,86.39210638297872,84.059,7.73027523902256,82.529,3,20.031,2,16.0,67,4574.0
10,2014,Hockenheim,14,KOB,Caterham,16,19,86.91369230769232,85.147,7.284121841210248,82.866,3,20.19033333333333,2,16.5,67,4574.0
10,2014,Hockenheim,15,BOT,Williams,2,2,84.23437313432835,82.792,6.409901261083752,81.494,2,20.1605,2,22.666666666666668,67,4574.0
10,2014,Hockenheim,16,PER,ForceIndia,10,10,85.35328787878788,83.48400000000001,6.84590199432119,80.752,3,20.525666666666666,2,16.75,67,4574.0
10,2014,Hockenheim,17,CHI,Marussia,17,21,87.09953846153846,85.199,7.197681998994804,83.035,3,21.811666666666667,2,16.5,67,4574.0
10,2014,Hockenheim,18,BIA,Marussia,15,17,86.25745454545455,84.78200000000001,7.145724968725799,82.522,2,20.302999999999997,2,22.333333333333332,67,4574.0
10,2014,Hockenheim,19,ERI,Caterham,18,22,87.54346153846154,85.535,7.6906567646173,83.23,3,22.602666666666668,2,22.0,67,4574.0
10,2014,Hockenheim,20,GUT,Sauber,14,16,85.72865151515153,83.81800000000001,7.11839693814539,82.008,3,21.362,2,16.75,67,4574.0
10,2014,Hockenheim,21,MAL,LotusF1,12,18,85.62148484848485,83.9925,6.707975292928269,82.305,2,19.1125,2,22.333333333333332,67,4574.0
10,2014,Hockenheim,22,GRO,LotusF1,21,14,88.44203846153847,85.2365,9.610061958096919,84.137,1,18.928,2,13.5,67,4574.0
11,2014,Budapest,1,HAM,Mercedes,3,22,97.01307142857142,89.4545,14.615088043903667,87.38,2,23.582,3,23.666666666666668,70,4381.0
11,2014,Budapest,2,RIC,RedBull,1,4,96.92939999999999,89.393,15.045752171872012,86.608,3,22.739666666666665,2,17.75,70,4381.0
11,2014,Budapest,3,ROS,Mercedes,4,1,97.02027142857143,89.49,15.536656270114676,85.724,3,22.897333333333336,2,17.75,70,4381.0
11,2014,Budapest,4,MAG,McLaren,12,21,98.05032857142857,90.5825,13.173345785347442,88.883,2,22.679000000000002,3,23.666666666666668,70,4381.0
11,2014,Budapest,5,ALO,Ferrari,2,5,97.00404285714286,89.1315,15.035685199980723,87.419,2,21.9435,2,23.666666666666668,70,4381.0
11,2014,Budapest,6,VER,ToroRosso,9,8,97.7655,90.14,14.167599523335744,89.12,2,23.466,3,23.666666666666668,70,4381.0
11,2014,Budapest,7,HUL,ForceIndia,20,9,117.12464285714286,107.91499999999999,15.126928787924703,101.151,1,24.04,2,7.5,70,4381.0
11,2014,Budapest,8,KVY,ToroRosso,14,10,98.60479710144928,91.916,13.520017278943568,89.401,2,22.8125,3,23.333333333333332,70,4381.0
11,2014,Budapest,9,MAS,Williams,5,6,97.3557,89.662,14.524844490025368,88.229,3,22.413333333333338,3,17.75,70,4381.0
11,2014,Budapest,10,BUT,McLaren,10,7,97.89054285714285,90.334,13.6892405974845,89.156,3,23.918333333333333,3,17.75,70,4381.0
11,2014,Budapest,11,RAI,Ferrari,6,16,97.37927142857143,89.63149999999999,13.983138049374592,87.983,2,22.683999999999997,2,23.666666666666668,70,4381.0
11,2014,Budapest,12,VET,RedBull,7,2,97.51460000000002,89.6585,14.773250840231675,88.746,2,21.889000000000003,3,23.666666666666668,70,4381.0
11,2014,Budapest,13,SUT,Sauber,11,11,97.90324285714286,90.5355,13.881738994804499,88.704,2,27.228,2,23.666666666666668,70,4381.0
11,2014,Budapest,14,KOB,Caterham,18,17,109.46841666666666,108.32650000000001,14.87184668196536,92.888,1,34.086,2,12.5,70,4381.0
11,2014,Budapest,15,BOT,Williams,8,3,97.52002857142857,90.1,14.723774922559308,86.85,3,23.534666666666666,3,17.75,70,4381.0
11,2014,Budapest,16,PER,ForceIndia,19,12,108.18763636363637,106.8555,16.178237373958222,90.28,1,25.535,2,11.5,70,4381.0
11,2014,Budapest,17,CHI,Marussia,16,18,99.0419420289855,92.529,12.596667743172564,89.499,2,23.9285,2,23.333333333333332,70,4381.0
11,2014,Budapest,18,BIA,Marussia,15,15,99.03463768115942,92.575,12.751698859103646,89.883,3,24.207333333333334,2,17.5,70,4381.0
11,2014,Budapest,19,ERI,Caterham,22,19,112.51685714285713,110.196,5.916561428976895,108.459,0,0.0,1,8.0,70,4381.0
11,2014,Budapest,20,GUT,Sauber,17,13,107.25437500000001,105.9645,15.581376678897069,90.485,1,24.05,2,16.5,70,4381.0
11,2014,Budapest,21,MAL,LotusF1,13,20,98.12974285714284,90.9565,12.873135677246756,89.128,3,25.600666666666665,2,17.75,70,4381.0
11,2014,Budapest,22,GRO,LotusF1,21,14,113.57419999999999,109.7365,9.61615301690049,106.312,1,23.979,2,5.5,70,4381.0
12,2014,Spa,1,HAM,Mercedes,19,2,118.68631578947368,115.993,8.524960857816977,113.707,3,24.46766666666667,2,9.75,44,7004.0
12,2014,Spa,2,RIC,RedBull,1,5,115.37627272727273,114.416,3.1563459839506973,112.974,2,22.794,2,15.0,44,7004.0
12,2014,Spa,3,ROS,Mercedes,2,1,115.45315909090908,114.42599999999999,4.7280837946730925,110.511,3,25.441666666666666,2,11.25,44,7004.0
12,2014,Spa,4,MAG,McLaren,12,7,116.60950000000001,115.83,2.9268474308923147,114.203,2,22.764499999999998,2,15.0,44,7004.0
12,2014,Spa,5,ALO,Ferrari,7,4,116.76631818181818,115.623,3.861879568731093,113.879,2,25.947000000000003,2,15.0,44,7004.0
12,2014,Spa,6,VER,ToroRosso,11,12,117.0108181818182,116.471,3.6181723529256726,113.276,2,23.3865,2,15.0,44,7004.0
12,2014,Spa,7,HUL,ForceIndia,10,18,116.86938636363635,115.905,3.558249845574459,113.612,2,23.832,2,15.0,44,7004.0
12,2014,Spa,8,KVY,ToroRosso,9,11,116.86143181818183,115.646,3.575595376656691,114.159,2,24.259,2,15.0,44,7004.0
12,2014,Spa,9,MAS,Williams,13,9,117.10297727272724,116.674,4.270715094463235,112.512,3,23.750666666666664,2,11.25,44,7004.0
12,2014,Spa,10,BUT,McLaren,6,10,116.61672727272729,116.22999999999999,3.202452783549947,113.483,2,22.694000000000003,2,15.0,44,7004.0
12,2014,Spa,11,RAI,Ferrari,4,8,116.21297727272727,114.99199999999999,3.1575434555822137,114.09,2,22.8385,2,15.0,44,7004.0
12,2014,Spa,12,VET,RedBull,5,3,116.56254545454544,115.564,3.474311740136925,112.953,3,22.907,2,11.25,44,7004.0
12,2014,Spa,13,SUT,Sauber,14,14,117.2500681818182,116.477,4.182131416071193,112.413,3,23.75533333333333,2,11.25,44,7004.0
12,2014,Spa,15,BOT,Williams,3,6,116.01336363636364,115.25200000000001,3.132435363507747,112.716,2,22.972499999999997,2,15.0,44,7004.0
12,2014,Spa,16,PER,ForceIndia,8,13,116.83747727272727,115.80699999999999,3.235719390833457,114.532,2,23.5405,2,15.0,44,7004.0
12,2014,Spa,17,CHI,Marussia,16,19,119.49551162790698,118.669,3.9210040221259965,115.247,2,24.3035,2,14.666666666666666,44,7004.0
12,2014,Spa,18,BIA,Marussia,18,16,120.95671794871797,118.17,9.281538200412797,116.347,2,24.64,2,20.0,44,7004.0
12,2014,Spa,19,ERI,Caterham,17,22,119.51100000000002,118.548,3.8099792900324525,115.9,2,24.148,2,14.666666666666666,44,7004.0
12,2014,Spa,20,GUT,Sauber,15,20,117.44047727272728,116.3715,3.5936736628164065,114.0,2,23.0785,2,15.0,44,7004.0
12,2014,Spa,21,MAL,LotusF1,21,17,129.072,129.072,,129.072,0,0.0,1,2.0,44,7004.0
12,2014,Spa,22,GRO,LotusF1,20,15,119.30960606060604,117.434,5.829339091716326,115.649,3,25.554333333333332,2,11.333333333333334,44,7004.0
12,2014,Spa,23,LOT,Caterham,22,21,129.985,129.985,,129.985,0,0.0,1,2.0,44,7004.0
13,2014,Monza,1,HAM,Mercedes,1,1,89.62709433962264,88.956,2.941512276312664,88.004,1,24.453,2,27.0,53,5793.0
13,2014,Monza,2,RIC,RedBull,5,9,90.57632075471699,90.242,3.257138265962841,88.588,1,24.388,2,27.0,53,5793.0
13,2014,Monza,3,ROS,Mercedes,2,2,89.687,89.146,2.8958459040494553,88.206,1,24.583,2,27.0,53,5793.0
13,2014,Monza,4,MAG,McLaren,10,5,90.7812641509434,90.284,2.885563150948738,89.283,1,24.214,2,27.0,53,5793.0
13,2014,Monza,5,ALO,Ferrari,21,7,91.75932142857144,90.6785,4.047189734211752,89.68,1,24.913,2,14.5,53,5793.0
13,2014,Monza,6,VER,ToroRosso,13,12,91.00620754716981,90.634,3.309991217502236,89.121,1,25.046,2,27.0,53,5793.0
13,2014,Monza,7,HUL,ForceIndia,12,13,90.99701886792454,90.108,3.2605381014758312,89.366,1,25.547,2,27.0,53,5793.0
13,2014,Monza,8,KVY,ToroRosso,11,21,90.9701886792453,90.605,3.578503528316979,88.486,1,24.651,2,27.0,53,5793.0
13,2014,Monza,9,MAS,Williams,3,4,90.09928301886791,89.421,2.9631034625706887,88.342,1,24.323,2,27.0,53,5793.0
13,2014,Monza,10,BUT,McLaren,8,6,90.81696226415094,90.41,2.9207810267531067,89.245,1,24.669,2,27.0,53,5793.0
13,2014,Monza,11,RAI,Ferrari,9,11,90.82586792452831,90.281,3.228277893133975,88.942,1,24.547,2,27.0,53,5793.0
13,2014,Monza,12,VET,RedBull,6,8,90.75850943396226,90.229,3.020583811518775,89.141,1,25.176,2,27.0,53,5793.0
13,2014,Monza,13,SUT,Sauber,15,14,91.62592307692307,91.435,3.7734544627174333,89.375,1,26.864,2,26.5,53,5793.0
13,2014,Monza,14,KOB,Caterham,17,18,92.67851923076924,91.788,3.689271454144844,90.758,1,25.277,2,26.5,53,5793.0
13,2014,Monza,15,BOT,Williams,4,3,90.39664150943398,89.843,3.427783636327503,88.559,1,24.991,2,27.0,53,5793.0
13,2014,Monza,16,PER,ForceIndia,7,10,90.806679245283,90.391,3.0345580198617257,89.107,1,24.938,2,27.0,53,5793.0
13,2014,Monza,17,CHI,Marussia,22,20,95.3384,93.517,4.068697432840144,92.569,0,0.0,1,6.0,53,5793.0
13,2014,Monza,18,BIA,Marussia,18,19,92.93055769230772,92.3775,3.704511607689777,90.521,1,26.641,2,26.5,53,5793.0
13,2014,Monza,19,ERI,Caterham,20,22,93.4442156862745,92.736,4.21238806528423,90.28,1,28.685,2,26.0,53,5793.0
13,2014,Monza,20,GUT,Sauber,19,15,93.23082352941177,90.815,7.008341977118074,89.449,3,26.306,2,13.0,53,5793.0
13,2014,Monza,21,MAL,LotusF1,14,16,91.39930769230767,90.6065,3.528399345692713,89.856,1,24.223,2,26.5,53,5793.0
13,2014,Monza,22,GRO,LotusF1,16,17,92.09142307692308,91.001,3.7580736791979668,90.083,1,25.098,2,26.5,53,5793.0
14,2014,Singapore,1,HAM,Mercedes,1,1,120.07991666666666,113.4245,16.87450982619329,110.417,3,29.915333333333336,2,15.25,60,5063.0
14,2014,Singapore,2,RIC,RedBull,3,3,120.31780000000002,114.4495,14.869297966855015,112.569,2,29.436999999999998,2,20.333333333333332,60,5063.0
14,2014,Singapore,3,ROS,Mercedes,21,2,120.32215384615384,119.073,4.125318711852332,116.769,0,0.0,1,14.0,60,5063.0
14,2014,Singapore,4,MAG,McLaren,10,9,121.11708333333334,115.39,13.62408426938774,111.639,3,28.74366666666667,2,15.25,60,5063.0
14,2014,Singapore,5,ALO,Ferrari,4,5,120.33639999999998,114.01599999999999,15.708502796526302,112.115,3,28.90433333333333,2,15.25,60,5063.0
14,2014,Singapore,6,VER,ToroRosso,6,12,120.94326666666664,115.381,13.741473918510613,111.937,3,31.742,2,15.25,60,5063.0
14,2014,Singapore,7,HUL,ForceIndia,9,13,121.1076,115.72800000000001,13.935747356337263,112.762,3,29.921333333333333,2,15.25,60,5063.0
14,2014,Singapore,8,KVY,ToroRosso,14,10,121.28005,115.8775,12.881961735310348,111.761,3,30.456333333333333,2,15.25,60,5063.0
14,2014,Singapore,9,MAS,Williams,5,6,120.7826,114.971,14.036654929148892,113.283,2,29.292,2,20.333333333333332,60,5063.0
14,2014,Singapore,10,BUT,McLaren,18,11,121.57703846153845,115.2835,15.309444077407775,113.707,2,28.634,2,17.666666666666668,60,5063.0
14,2014,Singapore,11,RAI,Ferrari,8,7,121.0906,115.22149999999999,14.515152826136614,112.872,3,29.686666666666667,2,15.25,60,5063.0
14,2014,Singapore,12,VET,RedBull,2,4,120.30548333333336,113.7995,15.45776129831386,112.519,2,29.439999999999998,2,20.333333333333332,60,5063.0
14,2014,Singapore,13,SUT,Sauber,19,17,123.725475,116.6565,13.998892276666679,113.948,3,30.102333333333334,2,10.25,60,5063.0
14,2014,Singapore,14,KOB,Caterham,22,20,,,,,0,0.0,1,1.0,60,5063.0
14,2014,Singapore,15,BOT,Williams,11,8,121.16433333333335,115.22149999999999,13.865911857851884,112.515,2,29.61,2,20.333333333333332,60,5063.0
14,2014,Singapore,16,PER,ForceIndia,7,15,121.06388333333331,116.15549999999999,15.019273540954723,112.007,4,31.02725,2,15.25,60,5063.0
14,2014,Singapore,17,CHI,Marussia,17,21,122.4767966101695,118.627,9.9974285448631,113.807,3,32.867666666666665,2,15.0,60,5063.0
14,2014,Singapore,18,BIA,Marussia,16,19,121.65563333333334,117.26599999999999,13.88426500800202,113.538,3,30.016666666666666,2,15.25,60,5063.0
14,2014,Singapore,19,ERI,Caterham,15,22,121.64971666666665,117.628,12.013437178866216,115.416,2,30.253999999999998,2,20.333333333333332,60,5063.0
14,2014,Singapore,20,GUT,Sauber,20,14,120.87794117647057,117.164,7.736759766454138,115.684,1,33.679,2,9.0,60,5063.0
14,2014,Singapore,21,MAL,LotusF1,12,18,121.19516666666665,116.5445,13.141144995861657,113.213,4,29.503500000000003,2,15.25,60,5063.0
14,2014,Singapore,22,GRO,LotusF1,13,16,121.21373333333334,116.2915,13.124208467324243,113.543,3,29.37433333333333,2,15.25,60,5063.0
15,2014,Suzuka,1,HAM,Mercedes,1,2,152.34138636363636,114.20349999999999,178.49022412070977,111.6,3,394.95433333333335,2,15.0,44,5807.0
15,2014,Suzuka,2,RIC,RedBull,4,6,153.22361363636364,115.163,177.58761581811814,112.231,3,395.10366666666664,2,15.0,44,5807.0
15,2014,Suzuka,3,ROS,Mercedes,2,1,152.5500227272727,114.58449999999999,178.4535544299241,112.551,3,395.0246666666667,2,15.0,44,5807.0
15,2014,Suzuka,4,MAG,McLaren,14,7,156.79232558139535,117.767,178.94215477537253,113.51,5,248.3436,2,8.8,44,5807.0
15,2014,Suzuka,5,ALO,Ferrari,22,5,189.6215,189.6215,0.16617009357884832,189.504,1,1137.051,1,3.0,44,5807.0
15,2014,Suzuka,6,VER,ToroRosso,9,20,155.24224999999998,117.963,176.11358033450563,113.562,3,395.4536666666667,2,15.0,44,5807.0
15,2014,Suzuka,7,HUL,ForceIndia,8,13,154.97656818181818,116.2115,176.6880360900741,112.814,4,302.48074999999994,2,11.25,44,5807.0
15,2014,Suzuka,8,KVY,ToroRosso,11,12,156.00951162790696,116.635,178.74255791892057,114.021,4,302.468,2,11.0,44,5807.0
15,2014,Suzuka,9,MAS,Williams,7,4,154.9578863636364,116.539,177.7670421664677,113.45,3,395.2993333333334,2,15.0,44,5807.0
15,2014,Suzuka,10,BUT,McLaren,5,8,153.87661363636366,114.5815,177.28194351951518,111.721,4,303.4725,2,11.25,44,5807.0
15,2014,Suzuka,11,RAI,Ferrari,12,10,156.04274418604652,116.726,178.9834131825646,112.426,5,248.3748,2,11.0,44,5807.0
15,2014,Suzuka,12,VET,RedBull,3,9,153.00325,114.88,177.30016462014746,111.915,3,394.06166666666667,2,15.0,44,5807.0
15,2014,Suzuka,13,SUT,Sauber,21,14,159.4381,117.819,184.6734471460644,115.753,4,302.4135,2,10.25,44,5807.0
15,2014,Suzuka,14,KOB,Caterham,19,19,159.04932558139535,119.965,177.52213802612806,115.641,5,247.631,2,11.0,44,5807.0
15,2014,Suzuka,15,BOT,Williams,6,3,154.92713636363635,116.444,177.76700012874056,114.103,3,395.50366666666656,2,15.0,44,5807.0
15,2014,Suzuka,16,PER,ForceIndia,10,11,155.41037209302328,116.872,178.984814411064,113.556,4,302.65450000000004,2,14.666666666666666,44,5807.0
15,2014,Suzuka,17,CHI,Marussia,18,21,158.51818604651166,119.854,177.58659820523457,116.472,3,395.6979999999999,2,14.666666666666666,44,5807.0
15,2014,Suzuka,18,BIA,Marussia,20,18,158.39290243902437,118.402,182.1820721806628,115.985,3,394.57800000000003,2,14.0,44,5807.0
15,2014,Suzuka,19,ERI,Caterham,17,17,157.45179069767443,118.069,175.166359559591,114.669,4,299.1675,2,11.0,44,5807.0
15,2014,Suzuka,20,GUT,Sauber,13,15,156.62041860465115,118.126,178.05451546463073,115.372,3,395.45633333333336,2,14.666666666666666,44,5807.0
15,2014,Suzuka,21,MAL,LotusF1,16,22,156.81158139534884,118.184,176.92105468867726,114.702,4,300.6925,2,11.0,44,5807.0
15,2014,Suzuka,22,GRO,LotusF1,15,16,156.8088372093023,118.028,178.02650968912442,115.302,5,245.7754,2,11.0,44,5807.0
16,2014,Sochi,1,HAM,Mercedes,1,1,103.97630188679243,103.603,3.242470126692977,101.606,1,30.503,2,27.0,53,5848.0
16,2014,Sochi,2,RIC,RedBull,7,6,105.14256603773588,104.103,3.5640155265430273,103.05,1,30.006,2,27.0,53,5848.0
16,2014,Sochi,3,ROS,Mercedes,2,2,104.23398113207547,103.695,3.9997921363806572,101.36,1,33.82,2,27.0,53,5848.0
16,2014,Sochi,4,MAG,McLaren,5,11,104.9879245283019,104.115,3.2265441076808283,103.076,1,29.736,2,27.0,53,5848.0
16,2014,Sochi,5,ALO,Ferrari,6,7,105.10867924528303,104.426,3.933371199275722,102.179,1,35.112,2,27.0,53,5848.0
16,2014,Sochi,6,VER,ToroRosso,13,9,105.81205660377354,105.047,3.486941835207324,102.55,1,30.272,2,27.0,53,5848.0
16,2014,Sochi,7,HUL,ForceIndia,12,17,105.51043396226416,104.724,3.669460684065344,102.685,1,30.096,2,27.0,53,5848.0
16,2014,Sochi,8,KVY,ToroRosso,14,5,106.01265384615385,105.19550000000001,4.860856464050607,102.022,2,30.9525,2,17.666666666666668,53,5848.0
16,2014,Sochi,9,MAS,Williams,11,18,105.50228301886793,104.494,4.694919370886912,102.879,2,30.095,2,27.0,53,5848.0
16,2014,Sochi,10,BUT,McLaren,4,4,104.54675471698111,104.112,3.237562847062469,101.964,1,29.994,2,27.0,53,5848.0
16,2014,Sochi,11,RAI,Ferrari,9,8,105.46454716981131,104.797,3.500657001885161,102.919,1,30.097,2,27.0,53,5848.0
16,2014,Sochi,12,VET,RedBull,8,10,105.22507547169813,104.626,3.6379700058446405,102.63,1,30.355,2,27.0,53,5848.0
16,2014,Sochi,13,SUT,Sauber,16,14,106.82763461538462,105.56899999999999,4.093037301817857,103.822,1,30.733,2,26.5,53,5848.0
16,2014,Sochi,14,KOB,Caterham,20,19,109.54285714285713,108.531,3.1647856370647633,107.407,0,0.0,1,22.0,53,5848.0
16,2014,Sochi,15,BOT,Williams,3,3,104.30507547169809,104.029,3.520444600686422,100.896,1,30.363,2,27.0,53,5848.0
16,2014,Sochi,16,PER,ForceIndia,10,12,105.487,105.046,3.4933194209695557,102.924,1,29.876,2,27.0,53,5848.0
16,2014,Sochi,17,CHI,Marussia,21,20,115.91944444444442,111.585,8.74295400752959,108.268,1,31.374,2,5.0,53,5848.0
16,2014,Sochi,19,ERI,Caterham,19,16,108.15405882352941,106.92,4.986190290840351,103.979,2,30.89,2,17.333333333333332,53,5848.0
16,2014,Sochi,20,GUT,Sauber,15,13,106.5103076923077,105.6065,3.5898549565896722,104.075,1,30.303,2,26.5,53,5848.0
16,2014,Sochi,21,MAL,LotusF1,18,21,107.419,107.10900000000001,3.8874544925146766,104.03,1,30.18,2,26.5,53,5848.0
16,2014,Sochi,22,GRO,LotusF1,17,15,106.88676923076925,106.11250000000001,3.538683169365737,104.461,1,30.037,2,26.5,53,5848.0
17,2014,Austin,1,HAM,Mercedes,1,2,107.22830357142857,103.931,12.703912549675598,101.929,2,24.305999999999997,2,19.0,56,5513.0
17,2014,Austin,2,RIC,RedBull,3,5,107.68473214285714,104.17750000000001,12.410450382994414,102.831,2,24.198,2,19.0,56,5513.0
17,2014,Austin,3,ROS,Mercedes,2,1,107.30533928571428,104.08250000000001,12.747134631718446,101.932,2,24.473,2,19.0,56,5513.0
17,2014,Austin,4,MAG,McLaren,8,7,109.02619642857142,106.1645,12.418555967026478,104.287,2,25.689,2,19.0,56,5513.0
17,2014,Austin,5,ALO,Ferrari,6,6,108.92885714285714,105.3215,12.253863570955263,101.474,2,24.366999999999997,2,19.0,56,5513.0
17,2014,Austin,6,VER,ToroRosso,10,14,109.083,105.3185,12.120408647476294,104.18,2,27.3555,2,19.0,56,5513.0
17,2014,Austin,7,HUL,ForceIndia,16,13,116.7755,106.508,20.70644112669614,106.226,1,33.427,1,17.0,56,5513.0
17,2014,Austin,8,KVY,ToroRosso,15,17,109.67367272727272,105.722,12.159389095970463,101.689,3,25.241666666666664,2,14.0,56,5513.0
17,2014,Austin,9,MAS,Williams,4,4,107.7090892857143,104.03450000000001,12.60452728085037,102.971,2,24.972,2,19.0,56,5513.0
17,2014,Austin,10,BUT,McLaren,12,12,109.2929090909091,106.282,12.118476194198687,104.255,2,25.176000000000002,2,28.0,56,5513.0
17,2014,Austin,11,RAI,Ferrari,13,8,109.53816363636363,105.755,12.288055791678106,102.888,3,24.076333333333334,2,14.0,56,5513.0
17,2014,Austin,12,VET,RedBull,7,18,108.93783928571429,105.888,12.07506079002471,101.379,4,23.9705,2,19.0,56,5513.0
17,2014,Austin,13,SUT,Sauber,18,9,,,,,0,0.0,1,1.0,56,5513.0
17,2014,Austin,15,BOT,Williams,5,3,107.78173214285714,104.22,12.52033230533595,102.505,2,24.217,2,19.0,56,5513.0
17,2014,Austin,16,PER,ForceIndia,17,11,146.788,146.788,,146.788,0,0.0,1,2.0,56,5513.0
17,2014,Austin,20,GUT,Sauber,14,15,109.55767272727273,105.773,12.460899704534368,103.006,3,26.977,2,18.666666666666668,56,5513.0
17,2014,Austin,21,MAL,LotusF1,9,10,109.06526785714286,105.3605,12.151722853520248,103.808,2,27.101,2,19.0,56,5513.0
17,2014,Austin,22,GRO,LotusF1,11,16,109.27205454545454,105.517,11.877107208622721,104.44,2,24.244999999999997,2,18.666666666666668,56,5513.0
18,2014,SaoPaulo,1,HAM,Mercedes,2,2,76.11284507042254,74.986,4.133745515865683,73.555,3,23.483,2,18.0,71,4309.0
18,2014,SaoPaulo,2,RIC,RedBull,18,9,78.64074358974361,76.582,6.422513189505003,75.387,2,23.006,2,13.333333333333334,71,4309.0
18,2014,SaoPaulo,3,ROS,Mercedes,1,1,76.09232394366197,75.3,3.894858360801355,73.619,3,23.438666666666666,2,18.0,71,4309.0
18,2014,SaoPaulo,4,MAG,McLaren,9,7,77.07943661971831,76.108,3.965807461403737,74.544,3,23.794,2,18.0,71,4309.0
18,2014,SaoPaulo,5,ALO,Ferrari,6,8,76.96423943661972,75.968,3.901366370406248,74.313,3,23.163,2,18.0,71,4309.0
18,2014,SaoPaulo,6,VER,ToroRosso,13,15,77.44824285714286,76.338,4.313919964707824,74.774,3,24.063999999999997,2,17.75,71,4309.0
18,2014,SaoPaulo,7,HUL,ForceIndia,8,12,76.9928028169014,75.871,4.029545059821865,73.728,3,23.429333333333332,2,18.0,71,4309.0
18,2014,SaoPaulo,8,KVY,ToroRosso,11,17,77.34738571428572,76.07900000000001,4.390978446614551,74.144,3,24.703999999999997,2,17.75,71,4309.0
18,2014,SaoPaulo,9,MAS,Williams,3,3,76.67022535211268,75.396,4.513860597243571,74.101,3,26.74066666666667,2,18.0,71,4309.0
18,2014,SaoPaulo,10,BUT,McLaren,4,5,76.77764788732395,75.752,3.889457828903265,73.999,3,23.007,2,18.0,71,4309.0
18,2014,SaoPaulo,11,RAI,Ferrari,7,10,76.98992957746479,76.101,3.793118040135108,74.963,2,25.680500000000002,2,24.0,71,4309.0
18,2014,SaoPaulo,12,VET,RedBull,5,6,76.81654929577465,75.705,3.908367049544321,74.018,3,23.249666666666666,2,18.0,71,4309.0
18,2014,SaoPaulo,13,SUT,Sauber,16,13,77.7337142857143,76.3115,4.981004008398008,74.834,3,26.206666666666667,2,17.75,71,4309.0
18,2014,SaoPaulo,15,BOT,Williams,10,4,77.33745714285715,76.1685,5.074187053288421,74.229,3,28.346999999999998,2,17.75,71,4309.0
18,2014,SaoPaulo,16,PER,ForceIndia,15,18,77.56165714285714,76.3555,4.646010309264156,74.55,3,25.510333333333335,2,17.75,71,4309.0
18,2014,SaoPaulo,20,GUT,Sauber,14,11,77.51008571428572,76.377,4.236696688828019,74.875,3,23.782,2,17.75,71,4309.0
18,2014,SaoPaulo,21,MAL,LotusF1,12,16,77.43338571428573,76.237,4.10109070078008,74.81,3,23.236,2,17.75,71,4309.0
18,2014,SaoPaulo,22,GRO,LotusF1,17,14,77.89512698412699,76.991,4.429198502066908,74.07,3,23.937,2,16.0,71,4309.0
19,2014,YasMarina,1,HAM,Mercedes,1,2,108.04761818181818,107.147,4.065459467864424,105.599,2,21.886000000000003,2,18.666666666666668,55,5554.0
19,2014,YasMarina,2,RIC,RedBull,4,20,108.72465454545454,108.329,4.3857093527272575,104.496,2,21.6645,2,18.666666666666668,55,5554.0
19,2014,YasMarina,3,ROS,Mercedes,14,1,110.26562962962963,108.5155,5.058142415000421,106.869,2,22.912,2,18.333333333333332,55,5554.0
19,2014,YasMarina,4,MAG,McLaren,11,9,109.69081818181817,109.413,4.3487070836816875,106.824,2,21.855,2,18.666666666666668,55,5554.0
19,2014,YasMarina,5,ALO,Ferrari,9,8,109.60785454545454,108.964,3.860448599043716,107.424,2,21.8435,2,18.666666666666668,55,5554.0
19,2014,YasMarina,6,VER,ToroRosso,12,10,109.71938181818182,108.68,4.917204868813736,105.686,3,22.676,2,14.0,55,5554.0
19,2014,YasMarina,7,HUL,ForceIndia,6,12,109.17758181818182,108.522,4.5585395431354945,105.777,2,24.5435,2,18.666666666666668,55,5554.0
19,2014,YasMarina,8,KVY,ToroRosso,20,5,111.21085714285714,109.1125,6.31773034777939,108.748,1,24.169,2,7.5,55,5554.0
19,2014,YasMarina,9,MAS,Williams,2,4,108.09445454545454,107.577,3.8603336442745255,104.826,2,22.046999999999997,2,18.666666666666668,55,5554.0
19,2014,YasMarina,10,BUT,McLaren,5,6,109.14460000000001,108.655,4.329721758231548,106.739,2,22.3345,2,18.666666666666668,55,5554.0
19,2014,YasMarina,11,RAI,Ferrari,10,7,109.64434545454544,108.819,4.163148969399741,107.736,2,21.875999999999998,2,18.666666666666668,55,5554.0
19,2014,YasMarina,12,VET,RedBull,8,19,109.35752727272727,108.456,4.485939803490314,105.552,2,22.3525,2,18.666666666666668,55,5554.0
19,2014,YasMarina,13,SUT,Sauber,16,13,110.60487037037036,109.19200000000001,5.026931980226359,107.508,3,22.331666666666667,2,13.75,55,5554.0
19,2014,YasMarina,14,KOB,Caterham,18,16,111.96228571428574,110.5195,5.085551231775219,107.431,2,23.423499999999997,2,14.333333333333334,55,5554.0
19,2014,YasMarina,15,BOT,Williams,3,3,108.57270909090909,107.987,4.060366165173556,105.727,2,21.838,2,18.666666666666668,55,5554.0
19,2014,YasMarina,16,PER,ForceIndia,7,11,109.33961818181818,108.507,4.148749621945053,105.808,2,22.177999999999997,2,18.666666666666668,55,5554.0
19,2014,YasMarina,20,GUT,Sauber,15,14,110.29533333333336,109.53049999999999,4.31309846599385,107.698,2,23.198999999999998,2,18.333333333333332,55,5554.0
19,2014,YasMarina,21,MAL,LotusF1,19,15,110.98153846153846,109.622,4.371331003076929,108.933,1,21.998,2,13.5,55,5554.0
19,2014,YasMarina,22,GRO,LotusF1,13,18,110.2301296296296,108.88550000000001,4.62979535815038,107.897,3,19.797666666666668,2,18.333333333333332,55,5554.0
19,2014,YasMarina,24,STE,Caterham,17,17,112.03022222222222,110.7175,5.500779641711406,108.398,2,23.8445,2,18.333333333333332,55,5554.0
20,2015,Melbourne,1,HAM,Mercedes,1,1,95.07012068965518,92.195,11.207176715504527,90.945,1,22.295,2,29.5,58,5303.0
20,2015,Melbourne,2,RIC,RedBull,6,6,96.92659649122807,93.991,11.275174743434691,92.797,1,22.535,2,29.0,58,5303.0
20,2015,Melbourne,3,ROS,Mercedes,2,2,95.09356896551724,92.1755,11.3001869897773,91.092,1,22.105,2,29.5,58,5303.0
20,2015,Melbourne,7,HUL,ForceIndia,7,13,97.56578947368422,94.385,11.535285711887987,91.97,2,21.874499999999998,2,19.333333333333332,58,5303.0
20,2015,Melbourne,9,MAS,Williams,4,3,95.7286724137931,92.8835,11.207129407545503,91.719,1,22.062,2,29.5,58,5303.0
20,2015,Melbourne,10,BUT,McLaren,11,16,98.89798214285715,96.011,11.245226102243763,93.338,1,23.353,2,28.5,58,5303.0
20,2015,Melbourne,11,RAI,Ferrari,12,5,97.9479,93.12049999999999,13.93390015495321,91.426,2,24.935000000000002,1,20.5,58,5303.0
20,2015,Melbourne,12,VET,Ferrari,3,4,95.6653448275862,92.667,11.266946891903444,91.457,1,22.694,2,29.5,58,5303.0
20,2015,Melbourne,16,PER,ForceIndia,10,14,98.15777192982456,95.663,11.567806623213201,91.959,1,26.009,2,29.0,58,5303.0
20,2015,Melbourne,19,ERI,Sauber,8,15,97.82549122807018,94.637,12.536828593506312,91.56,3,22.76266666666667,2,19.333333333333332,58,5303.0
20,2015,Melbourne,21,MAL,LotusF1,15,9,,,,,0,0.0,1,1.0,58,5303.0
20,2015,Melbourne,22,GRO,LotusF1,14,8,,,,,0,0.0,1,1.0,58,5303.0
20,2015,Melbourne,25,SAI,ToroRosso,9,7,97.94194736842105,94.392,12.721095258918005,92.872,1,55.789,2,29.0,58,5303.0
20,2015,Melbourne,26,NAS,Sauber,5,10,96.71062068965517,93.75550000000001,11.216651182431246,92.612,1,22.933,2,29.5,58,5303.0
20,2015,Melbourne,27,VER,ToroRosso,13,11,99.9726875,94.8355,14.5785805571216,94.295,1,23.532,1,33.0,58,5303.0
21,2015,KualaLumpur,1,HAM,Mercedes,2,1,108.47075000000002,105.8605,10.382900541055692,103.125,3,24.956,2,14.25,56,5543.0
21,2015,KualaLumpur,2,RIC,RedBull,10,4,110.48830909090908,107.785,9.843176848800779,105.312,3,25.903666666666666,2,14.0,56,5543.0
21,2015,KualaLumpur,3,ROS,Mercedes,3,3,108.53755357142857,106.18350000000001,10.424071451858028,102.062,3,27.533,2,14.25,56,5543.0
21,2015,KualaLumpur,5,ALO,McLaren,18,18,115.53661904761908,109.31,13.170398678385522,108.46,1,25.222,2,11.0,56,5543.0
21,2015,KualaLumpur,7,HUL,ForceIndia,14,13,111.17621818181819,108.362,9.794609783108617,104.822,3,28.741333333333333,2,14.0,56,5543.0
21,2015,KualaLumpur,8,KVY,RedBull,9,5,110.34416363636363,107.731,9.8903578498785,104.514,3,27.131,2,14.0,56,5543.0
21,2015,KualaLumpur,9,MAS,Williams,6,7,109.63176785714286,107.2125,9.760793838787478,103.99,3,25.863333333333333,2,14.25,56,5543.0
21,2015,KualaLumpur,10,BUT,McLaren,17,17,113.99051219512192,109.002,13.846661982445355,106.056,3,28.151333333333337,2,10.5,56,5543.0
21,2015,KualaLumpur,11,RAI,Ferrari,4,11,109.27883928571428,106.132,9.611630102550075,104.124,3,25.560666666666663,2,14.25,56,5543.0
21,2015,KualaLumpur,12,VET,Ferrari,1,2,108.31773214285714,105.344,9.979122543847724,103.648,2,24.543999999999997,2,19.0,56,5543.0
21,2015,KualaLumpur,15,BOT,Williams,5,8,109.57503571428572,107.0055,9.582188237395627,104.088,3,26.52933333333333,2,14.25,56,5543.0
21,2015,KualaLumpur,16,PER,ForceIndia,13,14,111.16794545454545,107.823,8.99221939279068,105.345,2,30.522000000000002,2,18.666666666666668,56,5543.0
21,2015,KualaLumpur,19,ERI,Sauber,19,9,111.87366666666667,108.815,5.345468205249505,108.76,0,0.0,1,4.0,56,5543.0
21,2015,KualaLumpur,21,MAL,LotusF1,16,12,111.9613829787234,107.697,11.786971207288286,105.07,3,32.98633333333333,2,16.0,56,5543.0
21,2015,KualaLumpur,22,GRO,LotusF1,11,10,110.80978181818183,107.278,9.376405349858148,104.812,3,25.004,2,14.0,56,5543.0
21,2015,KualaLumpur,25,SAI,ToroRosso,8,15,110.32549090909092,107.471,9.052953055899675,105.507,2,25.1455,2,18.666666666666668,56,5543.0
21,2015,KualaLumpur,26,NAS,Sauber,12,16,110.85536363636363,107.268,8.98637667345253,103.902,4,27.548499999999997,2,11.2,56,5543.0
21,2015,KualaLumpur,27,VER,ToroRosso,7,6,110.06348214285715,107.16,9.549137366068146,104.579,3,26.64633333333333,2,14.25,56,5543.0
21,2015,KualaLumpur,28,MER,ManorMarussia,15,19,115.17898113207545,112.347,8.26180542638734,109.04,3,27.915333333333333,2,13.5,56,5543.0
22,2015,Shanghai,1,HAM,Mercedes,1,1,106.82157142857143,103.6995,10.913046985324316,102.208,2,22.439999999999998,2,19.0,56,5451.0
22,2015,Shanghai,2,RIC,RedBull,9,7,107.3950892857143,105.492,6.015606676204172,103.245,2,22.766,2,19.0,56,5451.0
22,2015,Shanghai,3,ROS,Mercedes,2,2,106.83432142857144,103.87899999999999,10.128198107905817,102.565,2,22.656,2,19.0,56,5451.0
22,2015,Shanghai,5,ALO,McLaren,12,18,108.86870909090909,106.671,7.625672719984989,103.728,2,23.2915,2,18.666666666666668,56,5451.0
22,2015,Shanghai,7,HUL,ForceIndia,20,16,107.17077777777779,106.145,2.6924477607642534,105.844,0,0.0,1,10.0,56,5451.0
22,2015,Shanghai,8,KVY,RedBull,19,12,107.70386666666667,107.207,2.0630417164491672,106.291,0,0.0,1,16.0,56,5451.0
22,2015,Shanghai,9,MAS,Williams,5,4,106.97414285714287,104.8575,7.149215398600354,102.734,2,23.231,2,19.0,56,5451.0
22,2015,Shanghai,10,BUT,McLaren,14,17,108.90567272727273,106.366,7.266274265792885,104.991,2,23.6045,2,18.666666666666668,56,5451.0
22,2015,Shanghai,11,RAI,Ferrari,4,6,106.89005357142855,103.85499999999999,9.380675390338167,103.026,2,22.6355,2,19.0,56,5451.0
22,2015,Shanghai,12,VET,Ferrari,3,3,106.87492857142857,103.90350000000001,9.377736466289125,103.018,2,22.466,2,19.0,56,5451.0
22,2015,Shanghai,15,BOT,Williams,6,5,106.9980892857143,105.064,6.742126654717097,103.051,2,23.333,2,19.0,56,5451.0
22,2015,Shanghai,16,PER,ForceIndia,11,15,108.85512727272726,105.581,9.444920277009077,103.512,3,23.10366666666667,2,14.0,56,5451.0
22,2015,Shanghai,19,ERI,Sauber,10,10,108.80165454545455,105.673,10.049134590007283,104.204,2,24.2175,2,18.666666666666668,56,5451.0
22,2015,Shanghai,21,MAL,LotusF1,18,11,108.57957142857141,105.548,8.784015764918303,103.686,3,21.093666666666667,2,16.666666666666668,56,5451.0
22,2015,Shanghai,22,GRO,LotusF1,7,8,107.16099999999999,105.378,5.957514878476825,103.134,2,23.512999999999998,2,19.0,56,5451.0
22,2015,Shanghai,24,STE,ManorMarussia,15,19,110.97103703703702,109.292,6.198510219560713,105.414,2,24.093,2,18.333333333333332,56,5451.0
22,2015,Shanghai,25,SAI,ToroRosso,13,14,108.93247272727272,106.212,8.953812105289847,102.652,2,23.6095,2,18.666666666666668,56,5451.0
22,2015,Shanghai,26,NAS,Sauber,8,9,107.22558928571429,105.68,5.995104860033076,103.692,2,23.5705,2,19.0,56,5451.0
22,2015,Shanghai,27,VER,ToroRosso,17,13,106.26098076923076,105.374,4.076411183489447,103.88,2,23.756999999999998,2,17.666666666666668,56,5451.0
22,2015,Shanghai,28,MER,ManorMarussia,16,20,110.97744444444449,109.51050000000001,5.80664914142161,105.963,2,25.012999999999998,2,18.333333333333332,56,5451.0
23,2015,Sakhir,1,HAM,Mercedes,1,1,100.10191228070175,99.185,3.8424102056647325,97.857,2,25.1595,2,19.333333333333332,57,5412.0
23,2015,Sakhir,2,RIC,RedBull,6,7,101.18526315789472,100.211,3.968780473567217,98.948,2,25.333,2,19.333333333333332,57,5412.0
23,2015,Sakhir,3,ROS,Mercedes,3,3,100.20775438596492,99.331,3.695829881099111,97.326,2,25.3645,2,19.333333333333332,57,5412.0
23,2015,Sakhir,5,ALO,McLaren,11,14,102.22612500000001,101.74449999999999,4.079771785339781,98.992,2,25.124000000000002,2,19.0,57,5412.0
23,2015,Sakhir,7,HUL,ForceIndia,13,8,102.37833928571429,101.265,4.848895159168774,98.653,3,25.436666666666667,2,14.25,57,5412.0
23,2015,Sakhir,8,KVY,RedBull,9,17,102.04605357142857,100.94200000000001,4.263571283324229,98.725,2,25.0565,2,19.0,57,5412.0
23,2015,Sakhir,9,MAS,Williams,10,6,102.15508928571428,101.027,4.046241700760599,99.094,2,24.9555,2,19.0,57,5412.0
23,2015,Sakhir,11,RAI,Ferrari,2,4,100.16121052631578,99.565,3.952143797705792,96.311,2,24.66,2,19.333333333333332,57,5412.0
23,2015,Sakhir,12,VET,Ferrari,5,2,100.87364912280702,99.605,5.134546594571869,96.624,3,27.62633333333333,2,14.5,57,5412.0
23,2015,Sakhir,15,BOT,Williams,4,5,100.85554385964913,99.792,3.96237675369475,98.095,2,24.958,2,19.333333333333332,57,5412.0
23,2015,Sakhir,16,PER,ForceIndia,8,11,101.91737499999999,101.28450000000001,4.008385803253883,98.338,2,25.430500000000002,2,19.0,57,5412.0
23,2015,Sakhir,19,ERI,Sauber,14,13,102.39885714285712,100.634,7.027992961730247,98.422,3,33.74966666666666,2,14.25,57,5412.0
23,2015,Sakhir,21,MAL,LotusF1,15,16,103.05744642857142,99.9225,14.553720578875593,97.665,3,54.04333333333333,2,14.25,57,5412.0
23,2015,Sakhir,22,GRO,LotusF1,7,10,101.58898245614036,100.542,3.875385817158025,99.161,2,24.997,2,19.333333333333332,57,5412.0
23,2015,Sakhir,24,STE,ManorMarussia,16,18,105.27087272727273,104.141,4.707268339944348,101.759,2,26.291,2,18.666666666666668,57,5412.0
23,2015,Sakhir,25,SAI,ToroRosso,19,9,103.40972413793102,101.779,5.5075108254647,100.651,2,29.619999999999997,2,15.0,57,5412.0
23,2015,Sakhir,26,NAS,Sauber,12,12,102.246125,100.7935,5.166829022497965,98.216,3,25.855666666666668,2,14.25,57,5412.0
23,2015,Sakhir,27,VER,ToroRosso,18,15,104.47070588235295,102.01050000000001,7.284734834422125,99.607,2,33.2815,2,11.666666666666666,57,5412.0
23,2015,Sakhir,28,MER,ManorMarussia,17,19,106.06705555555556,105.0745,4.531426467134163,102.033,2,26.7035,2,18.333333333333332,57,5412.0
24,2015,Catalunya,1,HAM,Mercedes,2,2,92.27433333333335,91.482,4.3371272035169985,88.27,3,23.09266666666667,2,16.75,66,4655.0
24,2015,Catalunya,2,RIC,RedBull,7,10,93.85990769230771,93.192,3.813198127569057,91.124,2,23.662,2,22.0,66,4655.0
24,2015,Catalunya,3,ROS,Mercedes,1,1,92.00840909090908,91.576,3.453170128702354,89.109,2,22.161,2,22.333333333333332,66,4655.0
24,2015,Catalunya,5,ALO,McLaren,20,13,95.99953846153848,94.71199999999999,4.144514169171285,93.387,1,23.728,2,13.5,66,4655.0
24,2015,Catalunya,7,HUL,ForceIndia,15,17,94.78746153846153,93.561,4.42782189003847,90.888,3,22.579333333333334,2,16.5,66,4655.0
24,2015,Catalunya,8,KVY,RedBull,10,8,94.42690769230771,93.488,3.7300343192249796,91.887,2,22.47,2,22.0,66,4655.0
24,2015,Catalunya,9,MAS,Williams,6,9,93.24043939393938,92.263,4.148749591526762,90.374,3,22.34166666666667,2,16.75,66,4655.0
24,2015,Catalunya,10,BUT,McLaren,16,14,94.79973846153847,93.506,4.731842747799618,91.162,3,23.327333333333332,2,16.5,66,4655.0
24,2015,Catalunya,11,RAI,Ferrari,5,7,92.9175303030303,92.452,3.3564362841914384,89.931,2,22.206000000000003,2,22.333333333333332,66,4655.0
24,2015,Catalunya,12,VET,Ferrari,3,3,92.6954090909091,92.03999999999999,3.1659964137074432,90.737,2,21.799,2,22.333333333333332,66,4655.0
24,2015,Catalunya,15,BOT,Williams,4,4,92.90563636363636,92.13,3.2630852537784807,90.711,2,21.941000000000003,2,22.333333333333332,66,4655.0
24,2015,Catalunya,16,PER,ForceIndia,13,18,94.76816923076922,94.311,3.6133458939103047,91.932,2,22.447,2,22.0,66,4655.0
24,2015,Catalunya,19,ERI,Sauber,14,16,94.77821538461536,93.931,3.836833922211726,92.222,2,24.072,2,22.0,66,4655.0
24,2015,Catalunya,21,MAL,LotusF1,19,12,95.87939999999999,93.569,6.526839226678493,92.912,3,26.67,2,15.333333333333334,66,4655.0
24,2015,Catalunya,22,GRO,LotusF1,8,11,94.31619999999998,93.354,4.6414112017521125,91.945,2,28.2825,2,22.0,66,4655.0
24,2015,Catalunya,24,STE,ManorMarussia,17,19,97.7023015873016,96.571,4.974429478179838,93.655,3,23.50866666666667,2,16.0,66,4655.0
24,2015,Catalunya,25,SAI,ToroRosso,9,5,94.40406153846153,93.821,3.562664092172295,91.156,2,22.518500000000003,2,22.0,66,4655.0
24,2015,Catalunya,26,NAS,Sauber,12,15,94.63081538461537,93.794,3.7833546245871026,91.928,2,22.9315,2,22.0,66,4655.0
24,2015,Catalunya,27,VER,ToroRosso,11,6,94.44373846153846,93.885,3.724954652731204,91.896,2,23.5015,2,22.0,66,4655.0
24,2015,Catalunya,28,MER,ManorMarussia,18,20,98.3741612903226,96.97200000000001,4.719939382750339,94.211,3,23.967,2,15.75,66,4655.0
25,2015,MonteCarlo,1,HAM,Mercedes,3,1,84.15991025641026,80.2375,12.476872793537938,78.676,2,24.838,2,26.333333333333332,78,3337.0
25,2015,MonteCarlo,2,RIC,RedBull,5,4,84.25676923076925,80.83,10.891462011651546,78.063,2,24.372500000000002,2,26.333333333333332,78,3337.0
25,2015,MonteCarlo,3,ROS,Mercedes,1,2,84.08230769230768,80.512,11.57338174972532,78.599,1,24.789,2,39.5,78,3337.0
25,2015,MonteCarlo,5,ALO,McLaren,19,13,82.53956097560976,81.093,4.226267301347493,80.459,1,30.345,2,21.0,78,3337.0
25,2015,MonteCarlo,7,HUL,ForceIndia,11,11,84.41861538461536,80.922,10.989629418649235,79.921,2,29.765500000000003,2,39.5,78,3337.0
25,2015,MonteCarlo,8,KVY,RedBull,4,5,84.23570512820513,80.6545,10.920506778009196,79.13,1,25.119,2,39.5,78,3337.0
25,2015,MonteCarlo,9,MAS,Williams,15,12,85.55285714285715,81.61,12.966276479993752,79.764,3,30.766333333333332,2,26.0,78,3337.0
25,2015,MonteCarlo,10,BUT,McLaren,8,10,84.28824358974359,80.7475,10.383660283731617,79.49,2,24.8615,2,26.333333333333332,78,3337.0
25,2015,MonteCarlo,11,RAI,Ferrari,6,6,84.26621794871792,80.65899999999999,10.864615969865696,79.651,1,24.177,2,39.5,78,3337.0
25,2015,MonteCarlo,12,VET,Ferrari,2,3,84.1398205128205,80.436,11.533041696471958,78.854,1,24.851,2,39.5,78,3337.0
25,2015,MonteCarlo,15,BOT,Williams,14,16,84.66934615384616,81.628,9.160819289094865,78.944,2,24.5265,2,26.333333333333332,78,3337.0
25,2015,MonteCarlo,16,PER,ForceIndia,7,7,84.27478205128205,80.9345,10.546443925388404,79.657,2,24.926000000000002,2,26.333333333333332,78,3337.0
25,2015,MonteCarlo,19,ERI,Sauber,13,17,84.48178205128205,81.37,8.595210894940557,79.285,3,25.416666666666668,2,19.75,78,3337.0
25,2015,MonteCarlo,21,MAL,LotusF1,20,8,85.21180000000001,82.707,4.949768853189006,82.271,0,0.0,1,6.0,78,3337.0
25,2015,MonteCarlo,22,GRO,LotusF1,12,15,84.44660256410258,81.42099999999999,8.459719175498973,80.483,1,25.077,2,39.5,78,3337.0
25,2015,MonteCarlo,24,STE,ManorMarussia,17,18,86.97052631578947,84.92699999999999,5.9417202054033345,82.693,1,28.606,2,38.5,78,3337.0
25,2015,MonteCarlo,25,SAI,ToroRosso,10,20,84.40353846153845,81.66,8.458449616453708,79.816,1,25.306,2,39.5,78,3337.0
25,2015,MonteCarlo,26,NAS,Sauber,9,14,84.38520512820513,81.28200000000001,8.972450430991342,80.017,2,26.076,2,26.333333333333332,78,3337.0
25,2015,MonteCarlo,27,VER,ToroRosso,18,9,82.3063387096774,80.905,6.400387175644074,78.873,2,39.2785,2,21.0,78,3337.0
25,2015,MonteCarlo,28,MER,ManorMarussia,16,19,86.92207894736843,84.5205,8.038997408073818,81.715,1,27.554,2,38.5,78,3337.0
26,2015,Montreal,1,HAM,Mercedes,1,1,78.75921428571428,78.3905,2.1776833648338596,77.472,1,23.708,2,35.5,70,4361.0
26,2015,Montreal,2,RIC,RedBull,13,9,80.56931884057971,80.02,2.504303076076395,79.06,1,23.997,2,35.0,70,4361.0
26,2015,Montreal,3,ROS,Mercedes,2,2,78.79185714285715,78.369,2.0998042371536747,77.637,1,23.321,2,35.5,70,4361.0
26,2015,Montreal,5,ALO,McLaren,20,13,81.53670454545454,80.749,3.017386121082251,79.58,1,23.553,2,22.5,70,4361.0
26,2015,Montreal,7,HUL,ForceIndia,8,7,79.9816231884058,79.631,2.617688973466353,78.238,1,23.507,2,35.0,70,4361.0
26,2015,Montreal,8,KVY,RedBull,9,8,80.08769565217392,79.814,2.5383285393457826,78.048,1,23.681,2,35.0,70,4361.0
26,2015,Montreal,9,MAS,Williams,6,15,79.56465714285714,79.38550000000001,2.923838587139155,77.553,1,23.912,2,35.5,70,4361.0
26,2015,Montreal,10,BUT,McLaren,19,20,81.802,81.059,4.264832346458209,78.856,2,21.7155,1,27.5,70,4361.0
26,2015,Montreal,11,RAI,Ferrari,4,3,79.41100000000002,78.6805,3.3016510757629973,76.987,2,24.104,2,23.666666666666668,70,4361.0
26,2015,Montreal,12,VET,Ferrari,5,18,79.4721142857143,78.535,4.050572113975704,77.105,2,25.593,2,23.666666666666668,70,4361.0
26,2015,Montreal,15,BOT,Williams,3,4,79.34015714285714,78.8775,2.5198471062182235,77.922,1,25.541,2,35.5,70,4361.0
26,2015,Montreal,16,PER,ForceIndia,11,10,80.40392753623189,79.966,2.4895318855916795,78.889,1,23.453,2,35.0,70,4361.0
26,2015,Montreal,19,ERI,Sauber,14,12,80.65224637681158,80.102,2.7183492579883466,78.89,1,24.149,2,35.0,70,4361.0
26,2015,Montreal,21,MAL,LotusF1,7,6,79.71155714285715,79.09,2.476362641349199,78.385,1,23.66,2,35.5,70,4361.0
26,2015,Montreal,22,GRO,LotusF1,10,5,80.11472463768116,79.285,4.766998765668402,77.969,1,24.292,2,23.333333333333332,70,4361.0
26,2015,Montreal,24,STE,ManorMarussia,17,17,83.91777272727272,82.453,7.264467480711966,80.707,1,30.807,2,22.333333333333332,70,4361.0
26,2015,Montreal,25,SAI,ToroRosso,12,11,80.407884057971,79.509,2.794992005335467,78.811,1,24.277,2,35.0,70,4361.0
26,2015,Montreal,26,NAS,Sauber,16,14,81.09954411764704,80.4265,2.9036024379083947,79.088,1,24.795,2,34.5,70,4361.0
26,2015,Montreal,27,VER,ToroRosso,15,19,80.66895652173912,80.113,4.001651263705664,78.616,1,36.105,2,35.0,70,4361.0
26,2015,Montreal,28,MER,ManorMarussia,18,16,83.09219298245614,82.494,3.4364078651499104,80.804,1,26.986,2,29.0,70,4361.0
27,2015,Spielberg,1,HAM,Mercedes,2,1,76.34830985915494,72.336,13.0757632933078,71.475,1,21.869,2,36.0,71,4318.0
27,2015,Spielberg,2,RIC,RedBull,10,18,77.66325714285715,73.945,12.998412686466828,71.689,1,27.71,2,35.5,71,4318.0
27,2015,Spielberg,3,ROS,Mercedes,1,2,76.29478873239437,72.247,13.052984873655193,71.235,1,21.768,2,36.0,71,4318.0
27,2015,Spielberg,5,ALO,McLaren,20,19,,,,,0,0.0,1,1.0,71,4318.0
27,2015,Spielberg,7,HUL,ForceIndia,6,5,77.19725352112677,73.165,12.771858860924679,72.541,1,21.685,2,36.0,71,4318.0
27,2015,Spielberg,8,KVY,RedBull,12,15,78.05392857142857,74.1985,12.938228649588279,72.316,2,25.3715,2,35.5,71,4318.0
27,2015,Spielberg,9,MAS,Williams,3,4,76.54229577464788,72.449,13.020932759428305,71.613,1,22.447,2,36.0,71,4318.0
27,2015,Spielberg,10,BUT,McLaren,17,20,115.88337499999999,115.40549999999999,12.37027439281649,101.204,2,26.4155,2,3.0,71,4318.0
27,2015,Spielberg,11,RAI,Ferrari,19,14,,,,,0,0.0,1,1.0,71,4318.0
27,2015,Spielberg,12,VET,Ferrari,4,3,76.55085915492957,72.529,13.24080216203554,71.499,1,31.882,2,36.0,71,4318.0
27,2015,Spielberg,15,BOT,Williams,5,6,77.04977464788733,73.065,12.891274648489055,72.248,1,22.777,2,36.0,71,4318.0
27,2015,Spielberg,16,PER,ForceIndia,9,13,77.6197714285714,73.739,12.951573281603169,72.377,1,26.689,2,35.5,71,4318.0
27,2015,Spielberg,19,ERI,Sauber,13,11,79.15242028985506,74.398,13.198206837211544,72.516,3,22.964,2,17.5,71,4318.0
27,2015,Spielberg,21,MAL,LotusF1,7,10,77.40301428571429,73.602,12.928391235081383,71.785,1,21.847,2,35.5,71,4318.0
27,2015,Spielberg,22,GRO,LotusF1,15,9,82.60865714285715,73.873,17.575701701233907,72.881,1,22.016,2,18.0,71,4318.0
27,2015,Spielberg,24,STE,ManorMarussia,18,17,109.759,109.759,,109.759,0,0.0,1,2.0,71,4318.0
27,2015,Spielberg,25,SAI,ToroRosso,16,12,83.6903142857143,74.351,16.946659108146687,73.234,1,27.638,2,18.0,71,4318.0
27,2015,Spielberg,26,NAS,Sauber,11,8,77.96007142857144,73.88149999999999,12.738933235570839,73.05,1,22.803,2,35.5,71,4318.0
27,2015,Spielberg,27,VER,ToroRosso,8,7,77.41577142857143,73.285,12.878136502347106,72.349,1,21.984,2,35.5,71,4318.0
27,2015,Spielberg,28,MER,ManorMarussia,14,16,80.1530588235294,76.1745,12.380368344871536,74.939,1,23.926,2,34.5,71,4318.0
28,2015,Silverstone,1,HAM,Mercedes,1,1,105.53325000000001,99.666,12.28590162184952,97.093,2,28.698,3,17.666666666666668,52,5891.0
28,2015,Silverstone,2,RIC,RedBull,15,10,110.39238095238095,103.38,16.12949272443554,99.119,2,35.852000000000004,2,7.333333333333333,52,5891.0
28,2015,Silverstone,3,ROS,Mercedes,2,2,105.74394230769232,99.65,12.21864161349204,96.975,2,29.393,3,17.666666666666668,52,5891.0
28,2015,Silverstone,5,ALO,McLaren,10,17,109.19970588235294,102.22,14.404365040214886,98.883,3,44.157999999999994,3,17.333333333333332,52,5891.0
28,2015,Silverstone,7,HUL,ForceIndia,7,9,107.04755769230768,100.4585,12.782333703912402,98.233,2,31.2245,3,17.666666666666668,52,5891.0
28,2015,Silverstone,8,KVY,RedBull,6,7,106.76315384615386,100.6215,12.57701787557503,97.91,2,31.163,3,17.666666666666668,52,5891.0
28,2015,Silverstone,9,MAS,Williams,4,3,106.24169230769232,99.64150000000001,12.762582604120475,97.466,2,30.6585,3,17.666666666666668,52,5891.0
28,2015,Silverstone,10,BUT,McLaren,19,18,,,,,0,0.0,1,1.0,52,5891.0
28,2015,Silverstone,11,RAI,Ferrari,8,5,107.67619607843139,100.725,12.787409185631953,97.493,3,29.849666666666664,3,13.0,52,5891.0
28,2015,Silverstone,12,VET,Ferrari,3,6,106.02253846153846,100.7105,11.68322848454232,97.707,2,29.311,3,17.666666666666668,52,5891.0
28,2015,Silverstone,15,BOT,Williams,5,4,106.74851923076926,99.6115,13.114649133758162,96.61,2,30.359,3,17.666666666666668,52,5891.0
28,2015,Silverstone,16,PER,ForceIndia,9,11,107.95550980392156,100.742,13.272413434447481,98.466,2,30.429000000000002,3,17.333333333333332,52,5891.0
28,2015,Silverstone,19,ERI,Sauber,11,15,109.28276470588233,101.766,12.944655622438528,98.131,4,30.122500000000002,3,13.0,52,5891.0
28,2015,Silverstone,21,MAL,LotusF1,18,14,,,,,0,0.0,1,1.0,52,5891.0
28,2015,Silverstone,22,GRO,LotusF1,17,12,,,,,0,0.0,1,1.0,52,5891.0
28,2015,Silverstone,24,STE,ManorMarussia,13,19,113.4554081632653,104.123,15.53701514518148,101.919,2,46.412499999999994,2,16.666666666666668,52,5891.0
28,2015,Silverstone,25,SAI,ToroRosso,14,8,104.51483870967742,99.536,13.031923516495368,98.697,1,29.393,2,16.0,52,5891.0
28,2015,Silverstone,27,VER,ToroRosso,16,13,140.57733333333334,140.776,12.492184850270721,127.987,0,0.0,1,4.0,52,5891.0
28,2015,Silverstone,28,MER,ManorMarussia,12,20,112.18077551020407,105.1,12.131798453625402,102.324,2,32.679,2,16.666666666666668,52,5891.0
29,2015,Budapest,1,HAM,Mercedes,6,1,93.07260869565216,88.493,12.398708888212079,85.727,6,21.281166666666667,2,17.5,69,4381.0
29,2015,Budapest,2,RIC,RedBull,3,4,92.68215942028984,88.732,11.887712325837063,84.821,5,22.379399999999997,2,17.5,69,4381.0
29,2015,Budapest,3,ROS,Mercedes,8,2,93.17189855072462,88.531,13.337700633195109,85.149,5,20.5542,2,17.5,69,4381.0
29,2015,Budapest,5,ALO,McLaren,5,15,93.02991304347825,89.46,11.51104180359415,87.311,5,20.1408,2,17.5,69,4381.0
29,2015,Budapest,7,HUL,ForceIndia,20,11,90.72131707317074,89.584,4.130153238313468,88.074,2,22.3975,2,14.0,69,4381.0
29,2015,Budapest,8,KVY,RedBull,2,7,92.40192753623188,89.536,9.855118965943895,86.519,5,19.9222,2,23.333333333333332,69,4381.0
29,2015,Budapest,9,MAS,Williams,12,8,93.395115942029,90.172,10.170503058204543,86.864,5,20.9988,2,17.5,69,4381.0
29,2015,Budapest,10,BUT,McLaren,9,16,93.29004347826087,89.816,10.543904690883487,88.535,4,19.27775,2,23.333333333333332,69,4381.0
29,2015,Budapest,11,RAI,Ferrari,18,5,95.01863636363636,88.426,16.072616822782358,86.954,5,27.620800000000003,2,14.0,69,4381.0
29,2015,Budapest,12,VET,Ferrari,1,3,92.3186231884058,87.976,14.34520868064383,86.772,4,19.421999999999997,2,23.333333333333332,69,4381.0
29,2015,Budapest,15,BOT,Williams,13,6,93.48134782608697,89.273,10.781821577279818,87.058,5,21.7712,2,17.5,69,4381.0
29,2015,Budapest,16,PER,ForceIndia,19,13,94.90833962264149,90.238,11.5593391096407,88.499,5,23.238,2,13.5,69,4381.0
29,2015,Budapest,19,ERI,Sauber,10,17,93.32050724637683,90.058,9.894492787320079,88.004,5,20.8,2,17.5,69,4381.0
29,2015,Budapest,21,MAL,LotusF1,14,14,93.40763768115941,90.618,10.049956300711274,87.13,6,19.607,2,23.333333333333332,69,4381.0
29,2015,Budapest,22,GRO,LotusF1,7,10,93.16757971014495,89.65,10.476497563041086,88.08,5,21.9324,2,17.5,69,4381.0
29,2015,Budapest,24,STE,ManorMarussia,16,20,96.53190769230768,92.977,10.222131271968001,89.543,5,20.789800000000003,2,16.5,69,4381.0
29,2015,Budapest,25,SAI,ToroRosso,17,12,94.27358333333332,90.142,11.708511700774578,88.611,4,20.368,2,20.333333333333332,69,4381.0
29,2015,Budapest,26,NAS,Sauber,11,18,93.38323188405798,90.054,9.800531267329829,88.268,5,20.8428,2,17.5,69,4381.0
29,2015,Budapest,27,VER,ToroRosso,4,9,92.95994202898551,89.508,9.330536624571616,87.65,5,20.381999999999998,2,17.5,69,4381.0
29,2015,Budapest,28,MER,ManorMarussia,15,19,95.49338805970149,92.28,9.379118112829197,89.868,5,21.7916,2,17.0,69,4381.0
30,2015,Spa,1,HAM,Mercedes,1,1,116.75318604651162,115.241,5.02816403232742,112.504,2,22.679,2,14.666666666666666,43,7004.0
30,2015,Spa,2,RIC,RedBull,18,5,118.0128947368421,116.785,3.2700855390568195,116.263,1,22.637,2,10.0,43,7004.0
30,2015,Spa,3,ROS,Mercedes,2,2,116.80104651162792,115.326,4.860269466140685,112.416,2,22.881,2,14.666666666666666,43,7004.0
30,2015,Spa,5,ALO,McLaren,13,20,119.85392857142858,118.244,6.60288663183174,113.692,3,24.089,2,10.75,43,7004.0
30,2015,Spa,8,KVY,RedBull,4,12,117.81579069767442,116.326,5.808360306932544,113.032,2,22.679499999999997,2,14.666666666666666,43,7004.0
30,2015,Spa,9,MAS,Williams,6,6,118.03883720930234,116.404,5.99135478331361,114.093,2,23.4685,2,14.666666666666666,43,7004.0
30,2015,Spa,10,BUT,McLaren,14,19,120.89959523809527,119.053,5.935224478708422,115.533,3,23.99833333333333,2,10.75,43,7004.0
30,2015,Spa,11,RAI,Ferrari,7,16,118.04860465116279,116.389,5.98268429218673,114.517,2,22.860500000000002,2,14.666666666666666,43,7004.0
30,2015,Spa,12,VET,Ferrari,12,8,119.25195238095236,116.156,11.218089696410058,115.316,1,22.681,2,21.5,43,7004.0
30,2015,Spa,15,BOT,Williams,9,3,118.17272093023253,116.373,6.49141755861274,114.646,3,21.383666666666667,2,11.0,43,7004.0
30,2015,Spa,16,PER,ForceIndia,5,4,118.00893023255811,116.377,7.452137112442018,114.796,2,23.240000000000002,2,14.666666666666666,43,7004.0
30,2015,Spa,19,ERI,Sauber,10,13,118.87490697674419,117.544,6.304968705084352,114.022,2,23.933500000000002,2,14.666666666666666,43,7004.0
30,2015,Spa,21,MAL,LotusF1,19,7,169.0805,169.0805,66.17175969021831,122.29,0,0.0,1,3.0,43,7004.0
30,2015,Spa,22,GRO,LotusF1,3,9,117.63662790697674,115.981,5.372955150448075,114.779,2,23.604999999999997,2,14.666666666666666,43,7004.0
30,2015,Spa,24,STE,ManorMarussia,16,15,122.1044761904762,120.846,4.728113258713686,118.15,2,24.137999999999998,2,14.333333333333334,43,7004.0
30,2015,Spa,25,SAI,ToroRosso,17,10,127.178625,117.5855,40.8895567862678,114.68,2,23.54,2,11.0,43,7004.0
30,2015,Spa,26,NAS,Sauber,11,14,119.13251162790696,117.525,5.793065951027728,113.991,2,23.363500000000002,2,14.666666666666666,43,7004.0
30,2015,Spa,27,VER,ToroRosso,8,18,118.05727906976742,116.185,6.452893955153477,113.276,3,23.515666666666664,2,11.0,43,7004.0
30,2015,Spa,28,MER,ManorMarussia,15,17,121.84373809523811,120.5605,4.699984478747199,118.174,2,23.4625,2,14.333333333333334,43,7004.0
31,2015,Monza,1,HAM,Mercedes,1,1,88.31486792452829,87.859,2.890528219213015,86.672,1,24.368,2,27.0,53,5793.0
31,2015,Monza,2,RIC,RedBull,8,19,90.0770769230769,89.7875,3.221170368513039,88.065,1,24.259,2,26.5,53,5793.0
31,2015,Monza,3,ROS,Mercedes,17,4,88.87263999999999,88.24600000000001,3.0640866319611897,87.067,1,24.657,2,25.5,53,5793.0
31,2015,Monza,5,ALO,McLaren,18,16,92.34485106382978,91.411,5.1748885683391395,89.285,2,21.851999999999997,2,16.0,53,5793.0
31,2015,Monza,7,HUL,ForceIndia,7,9,90.06740384615387,89.489,2.983527963371587,88.913,1,24.286,2,26.5,53,5793.0
31,2015,Monza,8,KVY,RedBull,10,18,90.22261538461541,89.7825,3.2914431077452,88.231,1,23.884,2,26.5,53,5793.0
31,2015,Monza,9,MAS,Williams,3,5,89.21364150943398,88.497,3.0113138015359273,87.874,1,25.207,2,27.0,53,5793.0
31,2015,Monza,10,BUT,McLaren,14,15,91.4443269230769,91.0205,2.957657245392325,89.766,1,24.31,2,26.5,53,5793.0
31,2015,Monza,11,RAI,Ferrari,5,2,89.61411320754716,89.185,3.3903271833282576,87.584,1,24.442,2,27.0,53,5793.0
31,2015,Monza,12,VET,Ferrari,2,3,88.78735849056605,88.318,3.0182651288851066,87.376,1,24.34,2,27.0,53,5793.0
31,2015,Monza,15,BOT,Williams,4,6,89.22045283018866,88.418,3.152030405249422,87.525,1,25.536,2,27.0,53,5793.0
31,2015,Monza,16,PER,ForceIndia,6,7,89.68813207547171,89.14,2.975178579240994,88.14,1,24.281,2,27.0,53,5793.0
31,2015,Monza,19,ERI,Sauber,9,12,90.08173076923079,89.32249999999999,3.221866789978757,88.516,1,24.842,2,26.5,53,5793.0
31,2015,Monza,21,MAL,LotusF1,20,10,139.892,139.892,,139.892,0,0.0,1,2.0,53,5793.0
31,2015,Monza,22,GRO,LotusF1,19,8,95.106,95.106,,95.106,0,0.0,1,2.0,53,5793.0
31,2015,Monza,24,STE,ManorMarussia,15,13,93.01339215686275,92.347,3.8019745032203005,91.098,1,29.382,2,26.0,53,5793.0
31,2015,Monza,25,SAI,ToroRosso,11,17,90.29326923076923,89.0655,4.908086553064037,87.51,2,27.547,2,17.666666666666668,53,5793.0
31,2015,Monza,26,NAS,Sauber,13,11,91.01159615384616,90.0205,4.732742513221641,88.653,2,25.5215,2,26.5,53,5793.0
31,2015,Monza,27,VER,ToroRosso,12,20,90.59840384615383,89.1905,5.269940179961919,87.39,3,23.024666666666665,2,17.666666666666668,53,5793.0
31,2015,Monza,28,MER,ManorMarussia,16,14,93.27013725490197,92.649,3.4791181412513588,91.311,1,26.435,2,26.0,53,5793.0
32,2015,Singapore,1,HAM,Mercedes,18,5,124.0203125,113.372,17.57713381060654,112.505,1,28.917,2,16.5,61,5063.0
32,2015,Singapore,2,RIC,RedBull,2,2,119.40321311475408,112.393,18.764394041299564,110.041,2,30.363,2,20.666666666666668,61,5063.0
32,2015,Singapore,3,ROS,Mercedes,4,6,119.78422950819673,112.885,16.79779931061749,110.934,2,30.2245,2,20.666666666666668,61,5063.0
32,2015,Singapore,5,ALO,McLaren,17,12,122.0990303030303,114.567,13.728066029317569,113.325,1,34.237,2,17.0,61,5063.0
32,2015,Singapore,7,HUL,ForceIndia,20,11,116.95233333333333,114.142,5.8320217971492765,113.868,1,30.868,2,6.5,61,5063.0
32,2015,Singapore,8,KVY,RedBull,6,4,119.96108196721313,112.943,15.512676534902116,111.109,2,31.0415,2,20.666666666666668,61,5063.0
32,2015,Singapore,9,MAS,Williams,19,9,125.12723333333334,114.229,18.624705169956812,113.666,3,28.567333333333334,2,7.75,61,5063.0
32,2015,Singapore,10,BUT,McLaren,16,15,122.66057692307693,114.57900000000001,18.002514817076666,111.167,3,44.415,2,13.25,61,5063.0
32,2015,Singapore,11,RAI,Ferrari,3,3,119.66019672131146,112.496,18.021624174696047,110.341,2,30.36,2,20.666666666666668,61,5063.0
32,2015,Singapore,12,VET,Ferrari,1,1,119.37898360655738,111.899,19.274279052225538,110.069,2,29.2225,2,20.666666666666668,61,5063.0
32,2015,Singapore,15,BOT,Williams,5,7,119.9397049180328,113.264,16.27177123768262,111.342,2,29.2495,2,20.666666666666668,61,5063.0
32,2015,Singapore,16,PER,ForceIndia,7,13,120.21236065573771,113.848,14.798365347826753,111.97,2,29.704,2,20.666666666666668,61,5063.0
32,2015,Singapore,19,ERI,Sauber,11,17,120.97745901639344,114.808,12.879470406521346,111.594,3,29.614666666666665,2,15.5,61,5063.0
32,2015,Singapore,21,MAL,LotusF1,12,18,120.98091803278689,114.505,13.367075849882154,110.175,3,29.66033333333333,2,15.5,61,5063.0
32,2015,Singapore,22,GRO,LotusF1,13,10,121.32072881355931,114.687,13.361263045332548,112.353,2,30.233,2,20.0,61,5063.0
32,2015,Singapore,24,STE,ManorMarussia,15,19,123.99527118644068,118.072,14.877525204181376,115.89,2,34.1225,2,20.0,61,5063.0
32,2015,Singapore,25,SAI,ToroRosso,9,14,120.24554098360653,114.198,14.089806162108557,110.401,3,31.532333333333337,2,15.5,61,5063.0
32,2015,Singapore,26,NAS,Sauber,10,16,120.85513114754096,114.609,13.886349237621106,112.566,2,29.798000000000002,2,20.666666666666668,61,5063.0
32,2015,Singapore,27,VER,ToroRosso,8,8,120.22242622950822,113.337,22.31794493635037,110.298,2,31.0255,2,20.666666666666668,61,5063.0
32,2015,Singapore,29,RSS,ManorMarussia,14,20,123.7443220338983,117.813,14.95349657004569,115.312,2,31.608,2,20.0,61,5063.0
33,2015,Suzuka,1,HAM,Mercedes,1,2,99.74543396226416,98.752,3.795559619777553,96.145,2,22.9575,2,18.0,53,5807.0
33,2015,Suzuka,2,RIC,RedBull,15,7,102.5585,100.6965,8.883773711263766,98.898,2,24.656,2,17.666666666666668,53,5807.0
33,2015,Suzuka,3,ROS,Mercedes,2,1,100.10324528301888,99.173,3.5114331498125257,97.147,2,23.1595,2,18.0,53,5807.0
33,2015,Suzuka,5,ALO,McLaren,11,12,102.13890384615385,101.348,3.9928964044231727,99.614,2,23.7035,2,17.666666666666668,53,5807.0
33,2015,Suzuka,7,HUL,ForceIndia,6,13,100.79371698113208,99.918,3.892470657847801,98.331,2,23.6205,2,18.0,53,5807.0
33,2015,Suzuka,8,KVY,RedBull,13,20,102.33698076923078,101.296,4.63114605936288,98.366,3,23.293333333333333,2,13.25,53,5807.0
33,2015,Suzuka,9,MAS,Williams,17,5,104.46939215686274,101.108,15.140986323325745,98.595,3,28.523666666666667,2,13.0,53,5807.0
33,2015,Suzuka,10,BUT,McLaren,16,14,102.65446153846152,101.6695,3.8052330090802156,100.121,2,23.572,2,17.666666666666668,53,5807.0
33,2015,Suzuka,11,RAI,Ferrari,4,6,100.38256603773583,99.401,3.7802629564084045,98.035,2,23.149,2,18.0,53,5807.0
33,2015,Suzuka,12,VET,Ferrari,3,4,100.13883018867924,99.204,3.7599732084553317,97.906,2,23.102,2,18.0,53,5807.0
33,2015,Suzuka,15,BOT,Williams,5,3,100.43875471698114,99.701,3.8644677706273742,98.241,2,23.565,2,18.0,53,5807.0
33,2015,Suzuka,16,PER,ForceIndia,12,9,102.22073076923077,100.75399999999999,5.1923924785770685,98.591,3,24.537000000000003,2,13.25,53,5807.0
33,2015,Suzuka,19,ERI,Sauber,14,15,102.52926923076923,101.66499999999999,3.9924559256490704,99.343,2,23.429499999999997,2,17.666666666666668,53,5807.0
33,2015,Suzuka,21,MAL,LotusF1,8,11,101.13364150943394,100.475,4.127441389857083,98.136,2,24.045499999999997,2,18.0,53,5807.0
33,2015,Suzuka,22,GRO,LotusF1,7,8,101.1095471698113,100.33,4.231369579907986,98.167,2,24.173499999999997,2,18.0,53,5807.0
33,2015,Suzuka,24,STE,ManorMarussia,19,18,106.00941999999999,104.5985,6.283829805467493,101.452,3,28.427333333333333,2,12.75,53,5807.0
33,2015,Suzuka,25,SAI,ToroRosso,10,10,101.89003846153847,100.789,5.513904950433336,98.686,2,31.523,2,17.666666666666668,53,5807.0
33,2015,Suzuka,26,NAS,Sauber,20,16,103.05595918367345,101.996,4.706649936345311,100.088,2,24.439500000000002,2,16.666666666666668,53,5807.0
33,2015,Suzuka,27,VER,ToroRosso,9,17,101.54383018867924,100.742,4.383293193548613,98.237,2,25.884999999999998,2,18.0,53,5807.0
33,2015,Suzuka,29,RSS,ManorMarussia,18,19,105.14052941176473,104.939,4.367415058603617,101.467,2,25.117,2,17.333333333333332,53,5807.0
34,2015,Sochi,1,HAM,Mercedes,1,2,110.01932075471699,102.049,19.379557532233232,100.573,1,30.216,2,27.0,53,5848.0
34,2015,Sochi,2,RIC,RedBull,15,10,111.66865957446808,103.945,18.444763965720906,101.888,1,29.732,2,24.0,53,5848.0
34,2015,Sochi,3,ROS,Mercedes,18,1,127.6232857142857,131.662,24.71099280154675,103.133,0,0.0,1,8.0,53,5848.0
34,2015,Sochi,5,ALO,McLaren,11,19,111.64592452830189,105.052,16.94052320830492,103.265,1,29.539,2,27.0,53,5848.0
34,2015,Sochi,7,HUL,ForceIndia,19,6,,,,,0,0.0,1,1.0,53,5848.0
34,2015,Sochi,8,KVY,RedBull,5,11,110.9167924528302,103.37,17.849798954220628,101.372,1,30.418,2,27.0,53,5848.0
34,2015,Sochi,9,MAS,Williams,4,15,110.75198113207549,103.695,17.692122096800563,100.881,1,30.741,2,27.0,53,5848.0
34,2015,Sochi,10,BUT,McLaren,9,13,111.51869811320756,104.706,16.622625624066764,103.068,1,29.719,2,27.0,53,5848.0
34,2015,Sochi,11,RAI,Ferrari,8,5,110.81852830188679,102.695,18.750803715701373,100.294,1,29.386,2,27.0,53,5848.0
34,2015,Sochi,12,VET,Ferrari,2,4,110.13164150943396,102.437,18.827370548561984,100.071,1,29.367,2,27.0,53,5848.0
34,2015,Sochi,15,BOT,Williams,12,3,110.64623076923075,102.75,19.2751311062049,101.134,1,30.316,2,26.5,53,5848.0
34,2015,Sochi,16,PER,ForceIndia,3,7,110.56494339622643,103.893,17.960664803113815,101.772,1,30.545,2,27.0,53,5848.0
34,2015,Sochi,19,ERI,Sauber,20,16,,,,,0,0.0,1,1.0,53,5848.0
34,2015,Sochi,21,MAL,LotusF1,7,14,111.17192452830187,103.911,17.459367236583542,101.52,1,29.951999999999998,2,27.0,53,5848.0
34,2015,Sochi,22,GRO,LotusF1,17,8,118.7892727272727,105.72,23.029696728749638,105.266,1,54.445,2,6.0,53,5848.0
34,2015,Sochi,24,STE,ManorMarussia,14,17,114.48435294117648,108.107,15.275383997560946,104.926,2,31.4105,2,17.333333333333332,53,5848.0
34,2015,Sochi,25,SAI,ToroRosso,16,20,112.56928888888889,104.277,18.286945346864027,102.258,1,30.288,2,23.0,53,5848.0
34,2015,Sochi,26,NAS,Sauber,6,12,111.08550943396224,103.577,17.631589833659618,101.507,1,30.362,2,27.0,53,5848.0
34,2015,Sochi,27,VER,ToroRosso,10,9,111.68769811320756,104.622,19.538929683489386,102.639,2,33.7875,2,18.0,53,5848.0
34,2015,Sochi,28,MER,ManorMarussia,13,18,113.53246153846152,107.62100000000001,15.166185178905229,105.049,1,35.072,2,26.5,53,5848.0
35,2015,Austin,1,HAM,Mercedes,1,2,118.79826785714285,116.5085,18.268602405111317,100.738,2,24.221,2,19.0,56,5513.0
35,2015,Austin,2,RIC,RedBull,10,3,119.75132142857142,115.0565,16.275220493529023,101.98,3,25.582000000000004,2,14.25,56,5513.0
35,2015,Austin,3,ROS,Mercedes,2,1,118.84916071428572,116.148,18.47785996933705,100.666,2,24.941000000000003,2,19.0,56,5513.0
35,2015,Austin,5,ALO,McLaren,11,9,119.77712499999998,115.7885,16.59697562379418,104.323,3,27.340999999999998,2,19.0,56,5513.0
35,2015,Austin,7,HUL,ForceIndia,14,6,121.83671428571431,117.571,15.310154774204083,105.095,2,27.352,3,12.0,56,5513.0
35,2015,Austin,8,KVY,RedBull,13,4,121.2758780487805,117.123,15.641452257055803,103.728,2,24.9215,3,14.0,56,5513.0
35,2015,Austin,9,MAS,Williams,17,7,121.01286956521739,119.215,7.918274963103034,108.231,1,24.646,2,12.0,56,5513.0
35,2015,Austin,10,BUT,McLaren,6,11,119.29930357142858,118.3455,15.550269477839974,103.026,3,25.612333333333336,2,14.25,56,5513.0
35,2015,Austin,11,RAI,Ferrari,16,18,122.75088000000001,118.076,15.112895115650959,106.186,2,29.640500000000003,2,13.0,56,5513.0
35,2015,Austin,12,VET,Ferrari,3,13,118.85864285714287,116.93799999999999,17.539174578306465,101.33,3,24.917666666666666,3,14.25,56,5513.0
35,2015,Austin,15,BOT,Williams,19,16,157.747,154.823,20.37441649471219,130.102,2,33.436,2,3.0,56,5513.0
35,2015,Austin,16,PER,ForceIndia,5,5,119.23421428571429,116.566,15.675364249459939,103.01,2,25.594,3,19.0,56,5513.0
35,2015,Austin,19,ERI,Sauber,15,14,121.44532,119.512,9.977124037517022,107.381,2,30.33,2,8.666666666666666,56,5513.0
35,2015,Austin,21,MAL,LotusF1,8,12,119.37457142857144,117.205,14.796813028925753,102.849,3,26.117,2,14.25,56,5513.0
35,2015,Austin,22,GRO,LotusF1,18,10,136.8643,134.663,18.21466342782345,119.612,2,27.6755,2,5.5,56,5513.0
35,2015,Austin,24,STE,ManorMarussia,20,19,182.097,182.097,,182.097,0,0.0,1,2.0,56,5513.0
35,2015,Austin,25,SAI,ToroRosso,7,20,119.25575000000002,117.1515,16.363945109183287,102.66,3,32.227000000000004,3,14.25,56,5513.0
35,2015,Austin,26,NAS,Sauber,9,15,119.51714285714287,115.3115,16.1781950621857,104.407,5,28.6606,2,11.4,56,5513.0
35,2015,Austin,27,VER,ToroRosso,4,8,119.1975357142857,117.34649999999999,16.604158999221507,103.172,2,25.2155,2,19.0,56,5513.0
35,2015,Austin,29,RSS,ManorMarussia,12,17,120.1425,116.6465,13.223773634151211,108.173,3,30.026666666666667,3,19.0,56,5513.0
36,2015,MexicoCity,1,HAM,Mercedes,2,2,86.7181971830986,83.209,11.550407558201718,80.723,2,22.316,2,24.0,71,4304.0
36,2015,MexicoCity,2,RIC,RedBull,5,5,86.96788732394367,83.826,9.779245938720422,81.625,2,22.455,2,24.0,71,4304.0
36,2015,MexicoCity,3,ROS,Mercedes,1,1,86.69067605633803,83.228,11.801585741845575,80.521,2,22.347,2,24.0,71,4304.0
36,2015,MexicoCity,5,ALO,McLaren,20,18,118.053,118.053,,118.053,0,0.0,1,2.0,71,4304.0
36,2015,MexicoCity,7,HUL,ForceIndia,7,10,87.0549014084507,83.645,9.81672834379434,82.391,2,23.7065,2,24.0,71,4304.0
36,2015,MexicoCity,8,KVY,RedBull,4,4,86.92408450704227,83.557,10.325596250852234,81.549,2,22.5385,2,24.0,71,4304.0
36,2015,MexicoCity,9,MAS,Williams,6,7,86.99339436619718,83.774,9.852332887594075,82.009,2,22.9675,2,24.0,71,4304.0
36,2015,MexicoCity,10,BUT,McLaren,14,20,87.3838309859155,85.914,5.893454456273418,83.006,2,23.187,2,24.0,71,4304.0
36,2015,MexicoCity,11,RAI,Ferrari,19,19,86.31171428571429,85.43,3.1979535040844027,84.054,0,0.0,1,22.0,71,4304.0
36,2015,MexicoCity,12,VET,Ferrari,18,3,85.56743999999999,84.101,6.3323655577952085,81.847,2,25.113,2,17.0,71,4304.0
36,2015,MexicoCity,15,BOT,Williams,3,6,86.8961971830986,83.407,10.315842553525853,81.585,2,23.058500000000002,2,24.0,71,4304.0
36,2015,MexicoCity,16,PER,ForceIndia,8,9,87.17438028169013,84.067,8.93898435005134,82.757,1,23.547,2,36.0,71,4304.0
36,2015,MexicoCity,19,ERI,Sauber,12,14,87.25659154929576,84.678,8.035771138349297,82.716,3,23.236333333333334,2,18.0,71,4304.0
36,2015,MexicoCity,21,MAL,LotusF1,11,13,87.23346478873238,84.139,8.760052713199173,82.963,2,25.292,2,24.0,71,4304.0
36,2015,MexicoCity,22,GRO,LotusF1,10,12,87.22495774647886,84.041,9.004062986764236,82.893,2,22.918,2,24.0,71,4304.0
36,2015,MexicoCity,24,STE,ManorMarussia,16,17,89.51111594202898,88.073,5.873198989367949,85.54,2,24.6555,2,23.333333333333332,71,4304.0
36,2015,MexicoCity,25,SAI,ToroRosso,13,11,87.37760563380282,84.208,10.131942289439827,82.172,3,23.323999999999998,2,18.0,71,4304.0
36,2015,MexicoCity,26,NAS,Sauber,17,15,88.13900000000001,85.096,7.865111063151893,83.35,3,23.418666666666667,2,14.5,71,4304.0
36,2015,MexicoCity,27,VER,ToroRosso,9,8,87.18685915492958,84.061,9.029532237996726,82.603,2,22.787,2,24.0,71,4304.0
36,2015,MexicoCity,29,RSS,ManorMarussia,15,16,89.36079710144926,87.911,5.965418563244106,85.005,2,27.9045,2,23.333333333333332,71,4304.0
37,2015,SaoPaulo,1,HAM,Mercedes,2,2,77.13867605633803,76.361,3.440071945986212,74.832,3,23.47066666666667,2,18.0,71,4309.0
37,2015,SaoPaulo,2,RIC,RedBull,11,19,78.8797142857143,77.8515,3.8487185713977516,76.313,3,24.230333333333334,2,17.75,71,4309.0
37,2015,SaoPaulo,3,ROS,Mercedes,1,1,77.02943661971831,76.226,3.6030170640426755,74.957,3,23.802000000000003,2,18.0,71,4309.0
37,2015,SaoPaulo,5,ALO,McLaren,15,20,79.15544285714286,78.449,3.7669072988509607,76.519,3,23.336333333333332,2,17.75,71,4309.0
37,2015,SaoPaulo,7,HUL,ForceIndia,6,5,78.39170000000001,77.73349999999999,3.153370147240447,76.774,2,24.104,2,23.666666666666668,71,4309.0
37,2015,SaoPaulo,8,KVY,RedBull,7,6,78.43608571428572,77.78999999999999,3.193338863007786,76.5,2,23.8925,2,23.666666666666668,71,4309.0
37,2015,SaoPaulo,9,MAS,Williams,20,8,78.50905714285715,77.856,3.7362751461451356,75.743,3,23.738333333333333,2,17.75,71,4309.0
37,2015,SaoPaulo,10,BUT,McLaren,14,16,79.02242857142856,78.1885,3.7291033097547746,76.321,3,23.636333333333337,2,17.75,71,4309.0
37,2015,SaoPaulo,11,RAI,Ferrari,4,4,77.69905633802817,77.185,3.19086371149758,75.416,2,24.3005,2,24.0,71,4309.0
37,2015,SaoPaulo,12,VET,Ferrari,3,3,77.23005633802816,76.384,3.7207150690898265,75.046,3,23.712,2,18.0,71,4309.0
37,2015,SaoPaulo,15,BOT,Williams,5,7,78.15900000000002,77.571,3.3099451153556414,76.039,2,24.3245,2,23.666666666666668,71,4309.0
37,2015,SaoPaulo,16,PER,ForceIndia,12,11,78.9933,78.1625,3.720324161308714,75.97,3,23.731666666666666,2,17.75,71,4309.0
37,2015,SaoPaulo,19,ERI,Sauber,16,12,79.42579710144928,78.146,5.689751825921735,75.789,3,26.316333333333333,2,17.5,71,4309.0
37,2015,SaoPaulo,21,MAL,LotusF1,10,15,78.85770000000001,78.287,3.7698527643951025,76.354,2,27.0985,2,23.666666666666668,71,4309.0
37,2015,SaoPaulo,22,GRO,LotusF1,8,14,78.67875714285714,77.9205,3.901772434236962,75.739,3,24.073333333333334,2,17.75,71,4309.0
37,2015,SaoPaulo,24,STE,ManorMarussia,17,18,81.83856716417912,80.927,3.9655393390065496,79.098,2,26.320999999999998,2,22.666666666666668,71,4309.0
37,2015,SaoPaulo,25,SAI,ToroRosso,19,10,,,,,0,0.0,1,1.0,71,4309.0
37,2015,SaoPaulo,26,NAS,Sauber,13,13,79.01438571428575,78.31899999999999,3.502260294139901,76.794,2,25.009999999999998,2,23.666666666666668,71,4309.0
37,2015,SaoPaulo,27,VER,ToroRosso,9,9,78.83267142857142,78.02850000000001,3.8179528117938917,75.972,3,24.132333333333335,2,17.75,71,4309.0
37,2015,SaoPaulo,29,RSS,ManorMarussia,18,17,81.99588059701492,81.047,3.691295767081306,78.617,2,26.099,2,22.666666666666668,71,4309.0
38,2015,YasMarina,1,HAM,Mercedes,2,2,107.6081090909091,107.015,3.7182851716225884,104.517,2,21.369,2,18.666666666666668,55,5554.0
38,2015,YasMarina,2,RIC,RedBull,6,5,108.63972727272728,108.008,3.839944725945478,106.305,2,22.0335,2,18.666666666666668,55,5554.0
38,2015,YasMarina,3,ROS,Mercedes,1,1,107.45772727272725,107.014,3.8369180748526963,105.356,2,21.6085,2,18.666666666666668,55,5554.0
38,2015,YasMarina,5,ALO,McLaren,17,16,112.40983018867922,109.481,8.779599381380262,104.796,4,26.43525,2,18.0,55,5554.0
38,2015,YasMarina,7,HUL,ForceIndia,7,7,109.15987272727273,108.22,3.7777044325619213,107.064,2,22.1095,2,18.666666666666668,55,5554.0
38,2015,YasMarina,8,KVY,RedBull,10,9,109.31901818181818,108.399,3.850173649238813,106.882,2,21.750999999999998,2,18.666666666666668,55,5554.0
38,2015,YasMarina,9,MAS,Williams,8,8,109.23501818181818,108.446,3.966718839483729,106.984,2,22.7805,2,18.666666666666668,55,5554.0
38,2015,YasMarina,10,BUT,McLaren,12,12,109.9959074074074,109.19399999999999,4.266657280559973,107.509,2,23.016,2,18.333333333333332,55,5554.0
38,2015,YasMarina,11,RAI,Ferrari,3,3,107.81099999999999,107.264,4.364123364519012,104.942,2,23.8875,2,18.666666666666668,55,5554.0
38,2015,YasMarina,12,VET,Ferrari,4,15,108.25290909090909,107.871,4.127110931357508,104.55,2,21.7115,2,18.666666666666668,55,5554.0
38,2015,YasMarina,15,BOT,Williams,13,6,110.00462962962963,108.50399999999999,6.5757384155161,106.464,3,27.566333333333333,2,18.333333333333332,55,5554.0
38,2015,YasMarina,16,PER,ForceIndia,5,4,108.6204909090909,107.941,3.85055487041816,105.892,2,22.019,2,18.666666666666668,55,5554.0
38,2015,YasMarina,19,ERI,Sauber,14,17,110.03999999999999,108.93,4.375888964132327,106.517,2,22.519,2,18.333333333333332,55,5554.0
38,2015,YasMarina,21,MAL,LotusF1,20,13,,,,,0,0.0,1,1.0,55,5554.0
38,2015,YasMarina,22,GRO,LotusF1,9,18,109.2432,108.249,4.202637678798788,105.859,2,22.2185,2,18.666666666666668,55,5554.0
38,2015,YasMarina,24,STE,ManorMarussia,18,19,113.09818867924528,112.383,4.774830387872045,109.61,2,22.883499999999998,2,18.0,55,5554.0
38,2015,YasMarina,25,SAI,ToroRosso,11,10,109.33999999999997,108.435,4.212392401087623,106.998,2,23.685,2,18.666666666666668,55,5554.0
38,2015,YasMarina,26,NAS,Sauber,15,14,110.113,108.884,5.392899822040647,106.424,3,24.433000000000003,2,13.75,55,5554.0
38,2015,YasMarina,27,VER,ToroRosso,16,11,109.70488888888887,108.4945,4.764676993810381,105.746,3,22.37366666666667,2,13.75,55,5554.0
38,2015,YasMarina,28,MER,ManorMarussia,19,20,114.45426923076921,113.372,4.084948057439148,111.213,1,24.314,2,26.5,55,5554.0
39,2016,Melbourne,1,HAM,Mercedes,2,1,114.0986842105263,92.073,152.37858988518863,90.646,2,556.0135,2,19.333333333333332,57,5303.0
39,2016,Melbourne,2,RIC,RedBull,4,8,114.38412280701752,92.225,146.83882832111127,88.997,3,378.0159999999999,2,14.5,57,5303.0
39,2016,Melbourne,3,ROS,Mercedes,1,2,113.95728070175439,91.813,148.65044945258495,90.557,2,555.417,3,19.333333333333332,57,5303.0
39,2016,Melbourne,4,MAG,Renault,12,14,115.45914035087718,93.838,99.33234017004999,92.452,3,332.07599999999996,3,29.0,57,5303.0
39,2016,Melbourne,5,ALO,McLaren,21,11,96.20774999999999,94.3995,5.173483217330467,92.553,1,21.796,2,8.5,57,5303.0
39,2016,Melbourne,7,HUL,ForceIndia,7,10,115.25901754385964,93.531,150.4176326003337,92.833,2,555.661,2,19.333333333333332,57,5303.0
39,2016,Melbourne,8,KVY,RedBull,22,18,,,,,0,0.0,1,1.0,57,5303.0
39,2016,Melbourne,9,MAS,Williams,5,6,114.992,93.077,152.25634776023531,92.288,2,555.6775,3,19.333333333333332,57,5303.0
39,2016,Melbourne,10,BUT,McLaren,14,12,116.02175,93.9455,150.89075201895392,91.684,3,376.30633333333327,3,14.25,57,5303.0
39,2016,Melbourne,11,RAI,Ferrari,18,4,152.36876190476193,92.728,243.2182994291147,90.701,2,555.9365,1,7.333333333333333,57,5303.0
39,2016,Melbourne,12,VET,Ferrari,3,3,114.12645614035087,91.634,148.9772408572231,89.951,3,378.39966666666663,2,14.5,57,5303.0
39,2016,Melbourne,15,BOT,Williams,8,16,115.27575438596492,93.539,150.6491042164683,92.725,2,555.1825,2,29.0,57,5303.0
39,2016,Melbourne,16,PER,ForceIndia,13,9,115.56603508771931,94.148,149.23364842109228,92.78,2,556.015,2,19.333333333333332,57,5303.0
39,2016,Melbourne,19,ERI,Sauber,17,15,127.52202631578949,94.87,182.60638094139208,93.892,3,375.3893333333333,3,9.75,57,5303.0
39,2016,Melbourne,20,GUT,HaasF1Team,20,20,96.172,94.648,5.16551391441355,92.998,0,0.0,1,17.0,57,5303.0
39,2016,Melbourne,22,GRO,HaasF1Team,6,19,115.22185964912282,93.493,151.9489806723718,92.862,1,1089.417,2,29.0,57,5303.0
39,2016,Melbourne,25,SAI,ToroRosso,9,7,115.28500000000001,93.092,152.15382257627124,91.671,3,378.259,3,14.5,57,5303.0
39,2016,Melbourne,26,NAS,Sauber,15,17,116.17289285714286,94.42150000000001,150.71214218547144,92.711,2,552.519,3,19.0,57,5303.0
39,2016,Melbourne,27,VER,ToroRosso,10,5,115.30522807017543,92.89,146.52528007212572,91.516,3,380.24700000000007,3,14.5,57,5303.0
39,2016,Melbourne,30,PAL,Renault,11,13,115.42042105263158,93.637,149.52334901923075,92.955,2,555.7900000000001,3,19.333333333333332,57,5303.0
39,2016,Melbourne,31,WEH,ManorMarussia,16,21,117.5920357142857,95.0705,150.61882612113197,92.673,3,377.41366666666664,3,14.25,57,5303.0
39,2016,Melbourne,32,HAR,ManorMarussia,19,22,99.41223529411766,95.719,8.698162381570977,93.847,1,23.224,2,9.0,57,5303.0
40,2016,Sakhir,1,HAM,Mercedes,3,1,99.03235087719298,97.906,4.748026580633368,94.677,3,24.688666666666666,3,14.5,57,5412.0
40,2016,Sakhir,2,RIC,RedBull,4,5,99.59982456140351,98.723,4.79061105975162,96.064,3,25.350333333333335,3,14.5,57,5412.0
40,2016,Sakhir,3,ROS,Mercedes,1,2,98.50343859649122,97.47,5.273858102598216,94.482,3,25.973666666666663,2,14.5,57,5412.0
40,2016,Sakhir,4,MAG,Renault,11,22,100.82114285714286,99.74199999999999,4.690216189739392,96.73,3,25.2,2,14.25,57,5412.0
40,2016,Sakhir,7,HUL,ForceIndia,15,8,101.13292857142856,99.199,5.950672034949705,95.188,4,27.0475,3,11.4,57,5412.0
40,2016,Sakhir,8,KVY,RedBull,7,15,100.28267857142858,99.1705,4.868959605527626,95.678,3,24.43466666666667,2,14.25,57,5412.0
40,2016,Sakhir,9,MAS,Williams,8,7,100.32651785714286,99.5985,3.7757011919091816,97.56,2,24.1645,2,19.0,57,5412.0
40,2016,Sakhir,10,BUT,McLaren,20,14,100.90583333333332,99.82300000000001,2.7948710465183626,99.427,0,0.0,1,7.0,57,5412.0
40,2016,Sakhir,11,RAI,Ferrari,2,4,98.68382456140351,97.661,4.823518259242222,95.158,3,25.066333333333333,2,14.5,57,5412.0
40,2016,Sakhir,12,VET,Ferrari,21,3,,,,,0,0.0,1,1.0,57,5412.0
40,2016,Sakhir,15,BOT,Williams,9,6,100.45064285714285,99.5385,4.740570914710864,97.077,3,23.474333333333334,3,19.0,57,5412.0
40,2016,Sakhir,16,PER,ForceIndia,16,18,101.16557142857143,99.535,5.181560908582534,96.067,3,26.637,2,14.25,57,5412.0
40,2016,Sakhir,19,ERI,Sauber,12,17,100.96030357142855,100.02699999999999,3.969710133313573,98.003,2,25.069,2,19.0,57,5412.0
40,2016,Sakhir,20,GUT,HaasF1Team,19,13,105.92722222222223,99.836,13.762509498432484,99.341,1,32.793,1,5.0,57,5412.0
40,2016,Sakhir,22,GRO,HaasF1Team,5,9,99.87710526315792,98.025,5.358820864719251,96.095,3,27.317666666666668,2,14.5,57,5412.0
40,2016,Sakhir,25,SAI,ToroRosso,18,11,104.22106896551723,101.228,9.003797888871413,98.408,2,31.689500000000002,2,10.0,57,5412.0
40,2016,Sakhir,26,NAS,Sauber,14,21,101.11366071428573,100.344,5.030125967252568,95.36,3,25.798999999999996,3,14.25,57,5412.0
40,2016,Sakhir,27,VER,ToroRosso,6,10,99.92324561403511,98.736,4.967318485722099,95.504,3,25.511,3,14.5,57,5412.0
40,2016,Sakhir,30,PAL,Renault,22,19,,,,,0,0.0,1,1.0,57,5412.0
40,2016,Sakhir,31,WEH,ManorMarussia,13,16,101.00567857142858,100.055,4.993303126487217,95.448,3,25.733999999999998,2,14.25,57,5412.0
40,2016,Sakhir,32,HAR,ManorMarussia,17,20,101.50401785714287,100.146,5.46384945383937,96.685,3,26.673000000000002,3,14.25,57,5412.0
40,2016,Sakhir,33,VAN,McLaren,10,12,100.501625,99.44149999999999,4.744378777468227,96.121,3,24.867333333333335,2,14.25,57,5412.0
41,2016,Shanghai,1,HAM,Mercedes,7,22,107.35930357142855,103.591,9.95759690235577,100.662,5,24.4252,3,14.25,56,5451.0
41,2016,Shanghai,2,RIC,RedBull,4,2,106.9031964285714,102.741,11.082787411804834,101.015,3,23.093,3,14.25,56,5451.0
41,2016,Shanghai,3,ROS,Mercedes,1,1,105.96233928571428,101.74000000000001,12.374302075859081,100.418,2,23.195,2,19.0,56,5451.0
41,2016,Shanghai,4,MAG,Renault,17,17,108.36685454545454,104.731,11.129182658448814,102.311,3,23.030666666666672,3,14.0,56,5451.0
41,2016,Shanghai,5,ALO,McLaren,12,11,107.699,104.0925,10.95724345560755,102.226,2,22.9005,2,19.0,56,5451.0
41,2016,Shanghai,7,HUL,ForceIndia,15,13,107.99765454545454,103.442,11.946069301189473,99.824,4,25.9775,3,11.2,56,5451.0
41,2016,Shanghai,8,KVY,RedBull,3,6,106.78262500000002,102.7525,11.883832899535864,101.546,3,23.125,3,14.25,56,5451.0
41,2016,Shanghai,9,MAS,Williams,6,10,107.31075000000001,103.22749999999999,11.1402206314858,101.815,2,22.7365,2,19.0,56,5451.0
41,2016,Shanghai,10,BUT,McLaren,13,12,107.78358928571429,104.31,11.265931910413135,100.298,3,23.203666666666667,2,14.25,56,5451.0
41,2016,Shanghai,11,RAI,Ferrari,5,3,107.13862499999998,103.299,10.385691189083179,100.593,3,25.754,3,14.25,56,5451.0
41,2016,Shanghai,12,VET,Ferrari,2,4,106.63691071428572,102.555,11.856823392271618,100.61,3,24.913666666666668,2,14.25,56,5451.0
41,2016,Shanghai,15,BOT,Williams,10,5,107.50148214285714,103.6325,11.227195428942855,101.558,3,22.686333333333334,3,14.25,56,5451.0
41,2016,Shanghai,16,PER,ForceIndia,11,7,107.64596428571429,103.8675,11.435089363985645,101.846,3,22.683666666666667,3,14.25,56,5451.0
41,2016,Shanghai,19,ERI,Sauber,16,15,108.18941818181817,104.812,10.899977510494825,103.269,2,23.759,2,18.666666666666668,56,5451.0
41,2016,Shanghai,20,GUT,HaasF1Team,14,18,107.97339999999998,103.947,11.007275280299677,100.368,3,23.30366666666667,2,14.0,56,5451.0
41,2016,Shanghai,22,GRO,HaasF1Team,19,14,108.48374545454546,104.9,11.197630202691503,99.923,4,32.451,2,14.0,56,5451.0
41,2016,Shanghai,25,SAI,ToroRosso,9,8,107.46460714285713,103.4445,11.546121434063037,101.485,3,24.284999999999997,3,14.25,56,5451.0
41,2016,Shanghai,26,NAS,Sauber,20,16,108.90294545454545,104.729,12.672318347949775,100.582,3,28.648666666666667,2,18.666666666666668,56,5451.0
41,2016,Shanghai,27,VER,ToroRosso,8,9,107.37783928571427,103.202,11.708300882515767,100.399,3,25.636,3,14.25,56,5451.0
41,2016,Shanghai,30,PAL,Renault,22,19,109.04307272727274,104.885,10.72961414489433,102.232,3,23.392666666666667,3,14.0,56,5451.0
41,2016,Shanghai,31,WEH,ManorMarussia,18,21,108.45409090909092,104.017,11.176598782430831,101.489,3,25.11566666666667,2,14.0,56,5451.0
41,2016,Shanghai,32,HAR,ManorMarussia,21,20,109.0036909090909,104.427,10.831488314465252,102.009,3,24.06233333333333,2,14.0,56,5451.0
42,2016,Sochi,1,HAM,Mercedes,2,10,105.41545283018868,101.52,14.363734508190081,100.266,1,30.001,2,27.0,53,5848.0
42,2016,Sochi,2,RIC,RedBull,11,5,107.47773076923077,104.161,14.599457297347529,101.179,2,39.483999999999995,3,17.666666666666668,53,5848.0
42,2016,Sochi,3,ROS,Mercedes,1,1,104.94333962264147,101.454,14.48380821143097,99.094,1,29.709,2,27.0,53,5848.0
42,2016,Sochi,4,MAG,Renault,7,17,107.18732692307692,103.5575,13.965156985731435,101.832,1,30.585,2,26.5,53,5848.0
42,2016,Sochi,5,ALO,McLaren,6,14,107.02121153846153,103.63499999999999,13.955447494018086,100.347,1,29.751,2,26.5,53,5848.0
42,2016,Sochi,7,HUL,ForceIndia,21,13,,,,,0,0.0,1,1.0,53,5848.0
42,2016,Sochi,8,KVY,RedBull,15,8,107.99480769230769,103.97,14.851799265182413,102.344,2,40.093999999999994,2,26.5,53,5848.0
42,2016,Sochi,9,MAS,Williams,5,4,106.34762264150943,102.375,14.416703825806232,99.743,2,29.808,2,18.0,53,5848.0
42,2016,Sochi,10,BUT,McLaren,10,12,107.33036538461539,103.4445,14.040095360310811,101.72,1,30.58,2,26.5,53,5848.0
42,2016,Sochi,11,RAI,Ferrari,3,3,105.5470754716981,101.763,14.34398291947514,100.101,1,30.498,2,27.0,53,5848.0
42,2016,Sochi,12,VET,Ferrari,20,7,,,,,0,0.0,1,1.0,53,5848.0
42,2016,Sochi,15,BOT,Williams,4,2,105.89083018867925,102.297,14.22197311953996,101.159,1,29.841,2,27.0,53,5848.0
42,2016,Sochi,16,PER,ForceIndia,9,6,107.25417307692307,103.31700000000001,13.844652175891525,101.897,2,31.599999999999998,2,17.666666666666668,53,5848.0
42,2016,Sochi,19,ERI,Sauber,14,22,107.69378846153846,104.2715,13.965404406908226,102.05,2,30.481,2,26.5,53,5848.0
42,2016,Sochi,20,GUT,HaasF1Team,17,16,108.25865384615385,104.794,13.626550920738346,102.378,2,32.602999999999994,2,26.5,53,5848.0
42,2016,Sochi,22,GRO,HaasF1Team,8,15,107.22486538461538,103.55850000000001,14.029615650303784,102.026,1,31.42,2,26.5,53,5848.0
42,2016,Sochi,25,SAI,ToroRosso,12,11,107.46280769230769,103.415,13.948869558580464,102.205,1,30.805,2,26.5,53,5848.0
42,2016,Sochi,26,NAS,Sauber,16,19,108.0253846153846,104.358,13.805472292599024,102.253,1,30.259,2,26.5,53,5848.0
42,2016,Sochi,27,VER,ToroRosso,19,9,109.08739393939393,103.615,17.374047623070222,102.029,1,30.553,2,17.0,53,5848.0
42,2016,Sochi,30,PAL,Renault,13,18,107.656,103.7945,13.888617561323585,102.66,1,30.805,2,26.5,53,5848.0
42,2016,Sochi,31,WEH,ManorMarussia,18,20,109.79121568627453,104.653,15.398809425814354,101.907,2,44.292,2,17.333333333333332,53,5848.0
42,2016,Sochi,32,HAR,ManorMarussia,22,21,,,,,0,0.0,1,1.0,53,5848.0
43,2016,Catalunya,1,HAM,Mercedes,21,1,,,,,0,0.0,1,1.0,66,4655.0
43,2016,Catalunya,2,RIC,RedBull,4,3,93.0904090909091,90.3415,8.763099542930037,88.209,4,22.1645,2,13.4,66,4655.0
43,2016,Catalunya,3,ROS,Mercedes,22,2,,,,,0,0.0,1,1.0,66,4655.0
43,2016,Catalunya,4,MAG,Renault,14,15,94.60969230769231,92.47,8.18059793414248,88.716,3,22.709999999999997,3,16.5,66,4655.0
43,2016,Catalunya,5,ALO,McLaren,19,10,95.25475555555553,92.292,9.218955450482435,89.75,2,22.391,2,15.333333333333334,66,4655.0
43,2016,Catalunya,7,HUL,ForceIndia,20,11,98.55510000000001,92.4675,12.781565034310773,91.81,1,22.176,2,10.5,66,4655.0
43,2016,Catalunya,8,KVY,RedBull,10,13,93.93480000000001,91.371,8.308280352305161,86.948,3,22.76,2,16.5,66,4655.0
43,2016,Catalunya,9,MAS,Williams,8,18,93.64733333333334,91.182,8.477566472907428,89.238,3,21.927666666666667,2,16.75,66,4655.0
43,2016,Catalunya,10,BUT,McLaren,9,12,93.88380000000001,92.075,7.894696636033584,90.26,2,22.435000000000002,2,22.0,66,4655.0
43,2016,Catalunya,11,RAI,Ferrari,2,5,92.43383333333334,90.324,8.055532660769117,88.538,2,22.137999999999998,2,22.333333333333332,66,4655.0
43,2016,Catalunya,12,VET,Ferrari,3,6,92.5090606060606,90.30000000000001,8.23810357541997,87.974,3,21.954333333333334,2,16.75,66,4655.0
43,2016,Catalunya,15,BOT,Williams,5,7,93.11042424242424,91.288,7.929096285804397,89.081,2,22.149500000000003,2,22.333333333333332,66,4655.0
43,2016,Catalunya,16,PER,ForceIndia,7,9,93.62962121212122,91.7625,7.816382139239357,89.801,2,22.298499999999997,2,22.333333333333332,66,4655.0
43,2016,Catalunya,19,ERI,Sauber,12,19,94.48072307692307,91.806,8.340604072674555,89.715,3,22.953000000000003,2,16.5,66,4655.0
43,2016,Catalunya,20,GUT,HaasF1Team,11,16,94.0523846153846,91.703,8.12681955720592,90.139,2,22.817999999999998,2,22.0,66,4655.0
43,2016,Catalunya,22,GRO,HaasF1Team,18,14,95.26492857142856,92.179,9.522637850468158,88.974,3,26.954333333333334,2,14.25,66,4655.0
43,2016,Catalunya,25,SAI,ToroRosso,6,8,93.35472727272726,91.4365,7.929045152612504,89.663,2,22.9055,2,22.333333333333332,66,4655.0
43,2016,Catalunya,26,NAS,Sauber,15,20,94.61790769230768,92.763,8.055353460050414,89.905,2,23.033,2,22.0,66,4655.0
43,2016,Catalunya,27,VER,ToroRosso,1,4,92.42450000000001,90.364,8.033846652660328,88.816,2,22.3585,2,22.333333333333332,66,4655.0
43,2016,Catalunya,30,PAL,Renault,13,17,94.56683076923078,92.531,8.003337609571926,89.779,2,22.84,3,22.0,66,4655.0
43,2016,Catalunya,31,WEH,ManorMarussia,16,21,94.99887692307692,92.735,8.204407933977647,91.182,2,24.4705,2,22.0,66,4655.0
43,2016,Catalunya,32,HAR,ManorMarussia,17,22,95.22576923076923,92.809,8.646410087373747,89.402,2,27.4695,2,22.0,66,4655.0
44,2016,MonteCarlo,1,HAM,Mercedes,1,3,91.91196153846155,86.6815,16.16463900998649,77.939,1,26.315,2,39.5,78,3337.0
44,2016,MonteCarlo,2,RIC,RedBull,2,1,92.00493589743591,86.94,16.196457968830632,78.294,2,30.1905,3,26.333333333333332,78,3337.0
44,2016,MonteCarlo,3,ROS,Mercedes,7,2,93.10798717948718,87.087,15.8487938075955,78.763,2,27.189,3,26.333333333333332,78,3337.0
44,2016,MonteCarlo,4,MAG,Renault,19,16,111.19734375,101.729,20.54349144809674,89.802,4,30.378500000000003,3,8.25,78,3337.0
44,2016,MonteCarlo,5,ALO,McLaren,5,9,93.00267948717948,87.1425,16.098377177625093,79.17,2,26.174,3,26.333333333333332,78,3337.0
44,2016,MonteCarlo,7,HUL,ForceIndia,6,5,93.10425641025641,87.3695,15.930655191062193,79.232,2,26.139499999999998,3,26.333333333333332,78,3337.0
44,2016,MonteCarlo,8,KVY,RedBull,20,8,121.78844444444445,102.284,49.367554423840446,97.895,3,46.74166666666667,2,9.5,78,3337.0
44,2016,MonteCarlo,9,MAS,Williams,10,14,93.40024675324675,87.953,16.776274934809326,79.213,2,25.058,3,26.0,78,3337.0
44,2016,MonteCarlo,10,BUT,McLaren,9,13,93.35302597402595,87.736,16.688673708752628,79.67,2,25.607999999999997,3,26.0,78,3337.0
44,2016,MonteCarlo,11,RAI,Ferrari,21,11,127.23949999999999,128.1005,14.439287218865374,107.149,0,0.0,1,11.0,78,3337.0
44,2016,MonteCarlo,12,VET,Ferrari,4,4,92.1151153846154,86.3205,16.379367379900064,78.005,2,25.3375,3,26.333333333333332,78,3337.0
44,2016,MonteCarlo,15,BOT,Williams,12,10,94.09863636363636,91.79,16.665938761839882,79.223,3,25.838333333333335,4,19.5,78,3337.0
44,2016,MonteCarlo,16,PER,ForceIndia,3,7,92.08920512820512,86.676,16.47996712056909,78.446,2,25.661,3,26.333333333333332,78,3337.0
44,2016,MonteCarlo,19,ERI,Sauber,16,17,101.98319607843138,97.523,18.274168322547112,81.342,3,28.984333333333336,3,13.0,78,3337.0
44,2016,MonteCarlo,20,GUT,HaasF1Team,11,12,94.11064935064934,90.274,16.28603315709041,79.131,2,26.7255,3,26.0,78,3337.0
44,2016,MonteCarlo,22,GRO,HaasF1Team,13,15,95.35622368421052,92.18199999999999,16.701798052983143,80.219,2,29.3005,3,25.666666666666668,78,3337.0
44,2016,MonteCarlo,25,SAI,ToroRosso,8,6,93.12723376623379,87.669,16.099962445114834,78.519,2,27.924999999999997,3,26.0,78,3337.0
44,2016,MonteCarlo,26,NAS,Sauber,17,21,103.13102083333335,98.912,19.806528549187252,81.889,3,33.702666666666666,3,16.333333333333332,78,3337.0
44,2016,MonteCarlo,27,VER,ToroRosso,18,22,105.37270588235296,98.2355,20.262925680241604,86.563,2,25.5315,3,11.666666666666666,78,3337.0
44,2016,MonteCarlo,30,PAL,Renault,22,18,134.03428571428572,128.51,21.70016343036987,118.474,0,0.0,1,8.0,78,3337.0
44,2016,MonteCarlo,31,WEH,ManorMarussia,14,20,95.32636842105262,93.1385,17.362130994277635,80.372,1,26.517,2,38.5,78,3337.0
44,2016,MonteCarlo,32,HAR,ManorMarussia,15,19,97.05108108108108,93.54400000000001,17.261213524822065,79.868,3,27.596333333333334,3,18.75,78,3337.0
45,2016,Montreal,1,HAM,Mercedes,1,1,78.07565714285714,77.2985,3.367239676673704,75.981,1,22.243,2,35.5,70,4361.0
45,2016,Montreal,2,RIC,RedBull,7,4,78.98471428571428,78.0455,3.899356547226947,76.506,2,23.445,2,23.666666666666668,70,4361.0
45,2016,Montreal,3,ROS,Mercedes,5,2,78.9627,77.8385,4.037061667685503,75.599,2,22.597,2,23.666666666666668,70,4361.0
45,2016,Montreal,4,MAG,Renault,16,22,80.70591176470589,79.941,3.3264362524106876,78.224,1,23.162,2,34.5,70,4361.0
45,2016,Montreal,5,ALO,McLaren,11,10,79.92592753623188,79.035,3.759288767677927,77.307,1,27.951999999999998,2,35.0,70,4361.0
45,2016,Montreal,7,HUL,ForceIndia,8,9,79.40718840579711,78.632,3.953464713816605,76.604,2,22.9935,2,23.333333333333332,70,4361.0
45,2016,Montreal,8,KVY,RedBull,12,15,80.01102898550725,78.92,3.9194023440368566,76.942,2,22.813499999999998,2,23.333333333333332,70,4361.0
45,2016,Montreal,9,MAS,Williams,20,8,80.24805714285714,79.085,4.514853922090406,77.424,1,22.925,2,18.0,70,4361.0
45,2016,Montreal,10,BUT,McLaren,22,12,81.4388888888889,79.798,4.111876744396785,79.456,0,0.0,1,10.0,70,4361.0
45,2016,Montreal,11,RAI,Ferrari,6,6,78.9759,78.008,4.819153675623486,76.919,2,23.0415,3,23.666666666666668,70,4361.0
45,2016,Montreal,12,VET,Ferrari,2,3,78.14724285714286,77.4785,4.394711401501183,76.297,2,22.479,3,23.666666666666668,70,4361.0
45,2016,Montreal,15,BOT,Williams,3,7,78.7388285714286,77.89,3.376716611093624,76.938,1,22.184,2,35.5,70,4361.0
45,2016,Montreal,16,PER,ForceIndia,10,11,79.52734782608695,78.901,4.02766669361864,76.559,2,23.6565,2,23.333333333333332,70,4361.0
45,2016,Montreal,19,ERI,Sauber,15,21,80.50508823529412,79.3005,4.095072669831733,78.1,2,23.128,2,23.0,70,4361.0
45,2016,Montreal,20,GUT,HaasF1Team,13,13,80.37917647058823,79.341,4.094580363902145,77.728,2,23.67,2,23.0,70,4361.0
45,2016,Montreal,22,GRO,HaasF1Team,14,14,80.38758823529415,78.8055,5.1965748399041845,77.281,3,26.282999999999998,2,17.25,70,4361.0
45,2016,Montreal,25,SAI,ToroRosso,9,20,79.48966666666666,78.456,4.2658397858371755,76.578,2,23.981,2,23.333333333333332,70,4361.0
45,2016,Montreal,26,NAS,Sauber,18,18,81.00133823529411,79.797,4.693523774436729,77.883,2,23.7975,2,23.0,70,4361.0
45,2016,Montreal,27,VER,ToroRosso,4,5,78.83308571428572,77.93,3.8304646055009908,76.319,2,23.2475,2,23.666666666666668,70,4361.0
45,2016,Montreal,30,PAL,Renault,21,16,82.8326875,80.7795,4.558293536237,79.879,0,0.0,1,17.0,70,4361.0
45,2016,Montreal,31,WEH,ManorMarussia,17,17,80.82023529411762,79.715,4.736200997013203,78.282,2,24.65,2,23.0,70,4361.0
45,2016,Montreal,32,HAR,ManorMarussia,19,19,81.4687205882353,80.1885,4.551025411256034,78.658,2,27.4005,2,23.0,70,4361.0
46,2016,Baku,1,HAM,Mercedes,5,10,110.36668627450979,109.292,3.0172189412781836,106.822,1,20.108,2,26.0,51,6003.0
46,2016,Baku,2,RIC,RedBull,7,2,110.61950980392156,109.355,4.038966825179672,107.736,2,19.997500000000002,3,17.333333333333332,51,6003.0
46,2016,Baku,3,ROS,Mercedes,1,1,109.26207843137254,109.006,2.810996861208759,106.485,1,20.058,2,26.0,51,6003.0
46,2016,Baku,4,MAG,Renault,14,22,111.83461999999997,110.8125,3.908708789827334,109.282,1,20.772,2,25.5,51,6003.0
46,2016,Baku,5,ALO,McLaren,19,13,112.8293095238095,111.0735,5.397664433890154,109.101,2,20.468,2,14.333333333333334,51,6003.0
46,2016,Baku,7,HUL,ForceIndia,9,12,110.78576470588233,110.065,3.426245225247225,108.012,1,20.347,2,26.0,51,6003.0
46,2016,Baku,8,KVY,RedBull,22,6,122.82349999999998,116.8455,12.23446346596368,113.167,1,24.802,2,3.5,51,6003.0
46,2016,Baku,9,MAS,Williams,10,5,110.93609803921566,109.882,3.564101189668454,107.761,2,19.6515,2,17.333333333333332,51,6003.0
46,2016,Baku,10,BUT,McLaren,11,19,111.31731372549021,110.131,4.116626295840787,107.622,2,20.4125,2,17.333333333333332,51,6003.0
46,2016,Baku,11,RAI,Ferrari,4,4,109.81309803921572,108.721,3.1713785662068292,107.181,1,20.593,2,26.0,51,6003.0
46,2016,Baku,12,VET,Ferrari,2,3,109.58945098039217,108.269,3.097827395538529,107.028,1,20.422,2,26.0,51,6003.0
46,2016,Baku,15,BOT,Williams,6,8,110.45592156862745,109.343,3.197053117126066,107.604,1,19.732,2,26.0,51,6003.0
46,2016,Baku,16,PER,ForceIndia,3,7,109.75700000000002,108.37,3.1663937531519992,106.99,1,20.614,2,26.0,51,6003.0
46,2016,Baku,19,ERI,Sauber,17,20,112.45407999999999,111.007,4.336938762560994,108.898,2,20.820999999999998,2,17.0,51,6003.0
46,2016,Baku,20,GUT,HaasF1Team,16,14,112.1786,110.49600000000001,5.722078450695897,107.563,2,25.380000000000003,2,17.0,51,6003.0
46,2016,Baku,22,GRO,HaasF1Team,13,11,111.59921999999999,110.124,4.678910305240932,107.943,2,22.36,3,17.0,51,6003.0
46,2016,Baku,25,SAI,ToroRosso,21,18,112.99103225806451,111.21,4.98787798891052,108.804,2,21.529,2,10.666666666666666,51,6003.0
46,2016,Baku,26,NAS,Sauber,12,15,111.55064,110.4885,4.291337623917393,107.708,2,20.6915,2,17.0,51,6003.0
46,2016,Baku,27,VER,ToroRosso,8,9,110.64827450980394,109.096,4.601835190783919,106.973,2,21.283,3,17.333333333333332,51,6003.0
46,2016,Baku,30,PAL,Renault,15,21,112.08239999999998,110.5765,4.807561128056511,107.583,2,20.762999999999998,2,17.0,51,6003.0
46,2016,Baku,31,WEH,ManorMarussia,20,17,113.48628205128206,112.165,4.7713901314789435,110.571,1,26.187,2,20.0,51,6003.0
46,2016,Baku,32,HAR,ManorMarussia,18,16,113.98697959183674,112.698,5.278957810219251,111.365,1,33.405,2,50.0,51,6003.0
47,2016,Spielberg,1,HAM,Mercedes,1,1,74.05784507042253,70.096,12.309444651100677,68.411,4,20.1815,2,24.0,71,4318.0
47,2016,Spielberg,2,RIC,RedBull,5,5,74.49419718309859,70.696,11.904380128602984,68.77,4,20.305500000000002,3,24.0,71,4318.0
47,2016,Spielberg,3,ROS,Mercedes,4,6,74.29319718309858,69.779,12.872639247222567,68.491,4,19.776,3,24.0,71,4318.0
47,2016,Spielberg,4,MAG,Renault,14,17,75.45005714285715,72.0515,9.824678961286194,70.45,4,21.621000000000002,2,23.666666666666668,71,4318.0
47,2016,Spielberg,5,ALO,McLaren,18,14,75.72253124999999,72.094,10.442608066814689,71.02,4,19.94025,2,21.666666666666668,71,4318.0
47,2016,Spielberg,7,HUL,ForceIndia,19,2,76.007671875,72.203,9.859045984070763,70.309,5,21.454,3,16.25,71,4318.0
47,2016,Spielberg,8,KVY,RedBull,22,22,82.3165,82.3165,5.677360346146787,78.302,0,0.0,1,3.0,71,4318.0
47,2016,Spielberg,9,MAS,Williams,20,10,75.71390476190477,71.882,10.161728438693446,69.899,4,19.68275,2,21.333333333333332,71,4318.0
47,2016,Spielberg,10,BUT,McLaren,6,3,74.58891549295775,71.6,10.410912008556187,70.001,4,20.54125,2,24.0,71,4318.0
47,2016,Spielberg,11,RAI,Ferrari,3,4,74.14269014084506,70.811,11.66512983038588,68.876,3,20.525666666666666,2,36.0,71,4318.0
47,2016,Spielberg,12,VET,Ferrari,21,9,72.15919230769231,71.7735,1.512752749638373,71.441,0,0.0,1,27.0,71,4318.0
47,2016,Spielberg,15,BOT,Williams,9,7,75.14238571428571,71.907,10.314960118215321,70.21,4,20.3405,3,23.666666666666668,71,4318.0
47,2016,Spielberg,16,PER,ForceIndia,17,16,74.80752173913045,71.51,10.14189815539347,70.12,4,19.45225,3,23.333333333333332,71,4318.0
47,2016,Spielberg,19,ERI,Sauber,15,18,75.50545714285714,72.1035,9.49116387494364,70.704,4,20.691499999999998,2,23.666666666666668,71,4318.0
47,2016,Spielberg,20,GUT,HaasF1Team,11,11,75.16655714285714,72.3075,9.30787743458556,69.694,4,19.68925,2,23.666666666666668,71,4318.0
47,2016,Spielberg,22,GRO,HaasF1Team,7,13,74.61654929577465,71.764,10.122328318818937,69.925,3,20.358666666666664,2,36.0,71,4318.0
47,2016,Spielberg,25,SAI,ToroRosso,8,15,74.72545070422535,71.757,10.58229602792018,70.138,3,24.901,2,24.0,71,4318.0
47,2016,Spielberg,26,NAS,Sauber,13,21,75.40735714285715,72.46549999999999,9.943038370137202,70.415,3,20.458333333333332,2,35.5,71,4318.0
47,2016,Spielberg,27,VER,ToroRosso,2,8,74.13839436619719,70.473,12.041038734830236,69.618,3,19.188333333333333,2,36.0,71,4318.0
47,2016,Spielberg,30,PAL,Renault,12,19,75.38052857142856,72.011,9.580834015194506,70.228,4,19.926500000000004,2,23.666666666666668,71,4318.0
47,2016,Spielberg,31,WEH,ManorMarussia,10,12,75.15768571428572,71.9255,10.92311988072906,70.859,4,20.689249999999998,2,23.666666666666668,71,4318.0
47,2016,Spielberg,32,HAR,ManorMarussia,16,20,75.52612857142857,72.309,9.929797010230835,70.342,4,20.6515,2,23.666666666666668,71,4318.0
48,2016,Silverstone,1,HAM,Mercedes,1,1,109.53521153846154,98.2015,22.729464829268686,95.771,2,29.5355,3,17.666666666666668,52,5891.0
48,2016,Silverstone,2,RIC,RedBull,4,4,110.03926923076922,98.1735,23.443646224899624,96.013,2,30.005499999999998,3,17.666666666666668,52,5891.0
48,2016,Silverstone,3,ROS,Mercedes,3,2,109.66811538461539,98.206,22.889746040320038,95.548,2,29.555,3,17.666666666666668,52,5891.0
48,2016,Silverstone,4,MAG,Renault,17,16,113.83763265306123,102.359,23.582388640408013,97.619,3,29.485,4,12.5,52,5891.0
48,2016,Silverstone,5,ALO,McLaren,13,9,112.05476470588236,99.369,23.248028394329047,95.669,3,30.036333333333335,3,13.0,52,5891.0
48,2016,Silverstone,7,HUL,ForceIndia,7,8,111.02967307692307,99.348,23.025225810752072,97.618,2,30.307000000000002,3,17.666666666666668,52,5891.0
48,2016,Silverstone,8,KVY,RedBull,10,15,111.31598076923078,100.2405,23.825678663659016,97.667,2,30.321,3,17.666666666666668,52,5891.0
48,2016,Silverstone,9,MAS,Williams,11,12,111.70039215686273,100.175,23.777297701865475,96.141,3,29.33066666666667,4,13.0,52,5891.0
48,2016,Silverstone,10,BUT,McLaren,12,17,111.7822745098039,99.852,24.061454885420734,97.907,2,29.8405,3,17.333333333333332,52,5891.0
48,2016,Silverstone,11,RAI,Ferrari,5,5,110.87642307692307,99.491,22.96974430218352,96.994,2,30.02,3,17.666666666666668,52,5891.0
48,2016,Silverstone,12,VET,Ferrari,9,11,111.20163461538459,99.8785,23.302020133775024,96.933,2,30.272,3,17.666666666666668,52,5891.0
48,2016,Silverstone,15,BOT,Williams,14,6,112.381862745098,101.038,22.879348396332976,97.383,2,29.545,3,17.333333333333332,52,5891.0
48,2016,Silverstone,16,PER,ForceIndia,6,10,111.01484615384616,99.923,22.616967779622772,97.9,2,29.195,3,17.666666666666668,52,5891.0
48,2016,Silverstone,19,ERI,Sauber,21,22,160.32672727272728,154.0,33.59047354263083,120.286,2,70.1865,2,4.0,52,5891.0
48,2016,Silverstone,20,GUT,HaasF1Team,16,14,112.75876470588234,101.073,23.56055201270822,97.713,2,35.696,3,17.333333333333332,52,5891.0
48,2016,Silverstone,22,GRO,HaasF1Team,20,13,137.19429411764705,124.387,26.652049646238996,111.966,2,31.257,3,6.0,52,5891.0
48,2016,Silverstone,25,SAI,ToroRosso,8,7,111.18632692307693,99.1615,22.871037590359848,97.401,2,30.3405,3,17.666666666666668,52,5891.0
48,2016,Silverstone,26,NAS,Sauber,15,21,112.55345098039217,100.741,23.649776353541892,98.71,2,30.562,3,17.333333333333332,52,5891.0
48,2016,Silverstone,27,VER,ToroRosso,2,3,109.69386538461536,98.1615,22.869106888627808,96.407,2,30.712,3,17.666666666666668,52,5891.0
48,2016,Silverstone,30,PAL,Renault,18,18,120.84056756756753,111.613,26.2630484664719,99.755,3,42.322333333333326,3,9.5,52,5891.0
48,2016,Silverstone,31,WEH,ManorMarussia,22,20,169.41116666666665,170.99200000000002,20.952156952606728,144.906,1,31.812,2,3.5,52,5891.0
48,2016,Silverstone,32,HAR,ManorMarussia,19,19,129.14891666666668,117.959,27.86927618428997,101.38,2,30.0665,3,8.333333333333334,52,5891.0
49,2016,Budapest,1,HAM,Mercedes,1,2,86.14450000000002,85.65350000000001,3.0511116280245574,83.849,2,21.607,2,23.666666666666668,70,4381.0
49,2016,Budapest,2,RIC,RedBull,3,3,86.5379142857143,85.8675,3.397559122744825,84.608,2,22.1235,2,23.666666666666668,70,4381.0
49,2016,Budapest,3,ROS,Mercedes,2,1,86.17274285714286,85.83099999999999,3.3630984320049313,83.67,2,21.792,2,23.666666666666668,70,4381.0
49,2016,Budapest,4,MAG,Renault,15,19,88.22402898550725,87.352,3.4079815613757214,86.23,2,22.0205,2,23.333333333333332,70,4381.0
49,2016,Budapest,5,ALO,McLaren,7,7,87.4763768115942,86.629,3.3373914835914147,84.958,2,21.997999999999998,2,23.333333333333332,70,4381.0
49,2016,Budapest,7,HUL,ForceIndia,10,9,87.73494202898551,86.756,3.5011152251988715,85.392,2,22.682000000000002,2,23.333333333333332,70,4381.0
49,2016,Budapest,8,KVY,RedBull,16,12,88.23444927536231,87.238,4.125222316776436,84.669,2,25.028,2,23.333333333333332,70,4381.0
49,2016,Budapest,9,MAS,Williams,18,18,89.03591176470589,88.3835,3.426533667888433,85.296,2,22.0795,3,23.0,70,4381.0
49,2016,Budapest,10,BUT,McLaren,22,8,89.1442,87.3725,4.682535952064102,86.744,3,20.477666666666668,3,15.25,70,4381.0
49,2016,Budapest,11,RAI,Ferrari,6,14,86.84512857142856,86.389,3.4084799532820282,83.086,2,21.904,2,23.666666666666668,70,4381.0
49,2016,Budapest,12,VET,Ferrari,4,5,86.54754285714284,85.89150000000001,3.0880788112536024,84.383,2,21.5875,2,23.666666666666668,70,4381.0
49,2016,Budapest,15,BOT,Williams,9,10,87.63217391304349,87.005,3.29861094632147,85.273,2,21.5545,2,23.333333333333332,70,4381.0
49,2016,Budapest,16,PER,ForceIndia,11,13,87.9496811594203,87.033,4.116672183625256,85.021,2,26.314999999999998,2,23.333333333333332,70,4381.0
49,2016,Budapest,19,ERI,Sauber,20,22,89.36104411764707,88.19800000000001,4.455310805225481,85.475,3,23.459666666666664,2,17.25,70,4381.0
49,2016,Budapest,20,GUT,HaasF1Team,13,15,88.0395072463768,87.234,3.3270937265709684,85.955,2,22.674,2,23.333333333333332,70,4381.0
49,2016,Budapest,22,GRO,HaasF1Team,14,11,88.20550724637681,87.454,3.443637460521294,85.958,2,22.365000000000002,2,23.333333333333332,70,4381.0
49,2016,Budapest,25,SAI,ToroRosso,8,6,87.52684057971014,86.873,3.416315708234394,85.103,2,22.6885,2,23.333333333333332,70,4381.0
49,2016,Budapest,26,NAS,Sauber,17,16,88.25575362318841,87.54,3.5426244650217305,85.676,2,22.871499999999997,2,23.333333333333332,70,4381.0
49,2016,Budapest,27,VER,ToroRosso,5,4,86.83962857142858,86.2945,3.254167446995449,84.687,2,22.038,2,23.666666666666668,70,4381.0
49,2016,Budapest,30,PAL,Renault,12,17,88.05472463768118,87.302,3.5211621906780337,85.743,2,21.7785,2,23.333333333333332,70,4381.0
49,2016,Budapest,31,WEH,ManorMarussia,19,20,89.30454411764707,88.53200000000001,3.8475714667897254,86.524,2,23.125500000000002,2,23.0,70,4381.0
49,2016,Budapest,32,HAR,ManorMarussia,21,21,89.7743382352941,88.944,3.3101139747266135,87.791,1,24.254,2,34.5,70,4381.0
50,2016,Hockenheim,1,HAM,Mercedes,1,2,81.25671641791044,80.609,3.0965775771147745,78.746,3,18.543,2,17.0,67,4574.0
50,2016,Hockenheim,2,RIC,RedBull,2,3,81.36113432835822,80.882,3.117921612012109,78.442,3,18.893666666666665,2,17.0,67,4574.0
50,2016,Hockenheim,3,ROS,Mercedes,4,1,81.49320895522386,80.387,3.800826778228707,79.122,3,22.331000000000003,2,17.0,67,4574.0
50,2016,Hockenheim,4,MAG,Renault,16,16,83.25162121212121,82.619,2.8063766826784993,81.649,2,19.0965,2,22.333333333333332,67,4574.0
50,2016,Hockenheim,5,ALO,McLaren,12,13,82.87280303030302,82.0985,3.3684102902827884,80.132,3,19.275000000000002,2,16.75,67,4574.0
50,2016,Hockenheim,7,HUL,ForceIndia,7,8,82.30222388059703,81.62,3.1776369475335238,80.056,3,19.552999999999997,2,17.0,67,4574.0
50,2016,Hockenheim,8,KVY,RedBull,15,18,83.00554545454547,82.462,3.8111769035574556,79.585,3,20.91133333333333,2,16.75,67,4574.0
50,2016,Hockenheim,9,MAS,Williams,22,10,84.63036111111111,83.1,5.662625424168939,81.476,2,27.4925,2,12.333333333333334,67,4574.0
50,2016,Hockenheim,10,BUT,McLaren,8,12,82.60863636363635,81.863,3.1432636035049426,79.781,3,19.273,2,16.75,67,4574.0
50,2016,Hockenheim,11,RAI,Ferrari,6,5,81.80929850746269,80.905,3.4748911254578334,79.572,3,20.35333333333333,2,17.0,67,4574.0
50,2016,Hockenheim,12,VET,Ferrari,5,6,81.74283582089552,80.654,3.312207277389867,78.71,3,19.233999999999998,2,17.0,67,4574.0
50,2016,Hockenheim,15,BOT,Williams,9,7,82.68062121212121,81.906,2.7859512048581934,80.442,2,18.9895,2,22.333333333333332,67,4574.0
50,2016,Hockenheim,16,PER,ForceIndia,10,9,82.70451515151515,81.82300000000001,3.3835147599110798,79.606,3,19.278333333333336,2,16.75,67,4574.0
50,2016,Hockenheim,19,ERI,Sauber,18,22,83.96678461538461,83.198,2.9879175675350576,81.212,2,19.733,2,22.0,67,4574.0
50,2016,Hockenheim,20,GUT,HaasF1Team,11,11,82.80598484848485,81.93199999999999,3.364992972869216,79.883,2,19.7125,2,22.333333333333332,67,4574.0
50,2016,Hockenheim,22,GRO,HaasF1Team,13,20,82.92462121212121,82.44200000000001,3.312787563205305,80.25,2,20.082,2,22.333333333333332,67,4574.0
50,2016,Hockenheim,25,SAI,ToroRosso,14,15,82.96769696969695,82.04249999999999,3.6581547680162343,79.957,3,20.68166666666667,2,16.75,67,4574.0
50,2016,Hockenheim,26,NAS,Sauber,21,21,84.47152631578948,83.188,4.484259415305878,81.42,3,23.188,2,14.5,67,4574.0
50,2016,Hockenheim,27,VER,ToroRosso,3,4,81.45691044776119,80.756,3.230878240352009,78.91,3,19.040333333333333,2,17.0,67,4574.0
50,2016,Hockenheim,30,PAL,Renault,19,14,84.15595384615384,83.022,3.933141800102247,81.127,3,21.903666666666666,2,16.5,67,4574.0
50,2016,Hockenheim,31,WEH,ManorMarussia,17,17,83.83004615384614,82.724,3.857708085082584,80.71,3,19.699,2,16.5,67,4574.0
50,2016,Hockenheim,32,HAR,ManorMarussia,20,19,84.57756923076923,83.168,4.684859806364376,81.845,3,24.474,2,16.5,67,4574.0
51,2016,Spa,1,HAM,Mercedes,3,21,143.60663636363634,114.494,156.97407360069028,111.583,3,349.0843333333333,2,11.25,44,7004.0
51,2016,Spa,2,RIC,RedBull,2,5,143.29934090909092,114.399,157.58363195443502,112.461,2,510.46599999999995,2,15.0,44,7004.0
51,2016,Spa,3,ROS,Mercedes,1,1,142.97859090909094,113.7245,157.73910423939697,111.746,2,509.373,2,15.0,44,7004.0
51,2016,Spa,4,MAG,Renault,18,12,121.88799999999999,123.835,4.828652762417276,116.588,0,0.0,1,6.0,44,7004.0
51,2016,Spa,5,ALO,McLaren,7,22,144.32961363636366,115.4585,157.0029092482959,114.484,2,510.34250000000003,2,15.0,44,7004.0
51,2016,Spa,7,HUL,ForceIndia,4,7,143.79465909090908,114.606,157.4425035278391,113.53,3,348.68233333333336,3,11.25,44,7004.0
51,2016,Spa,8,KVY,RedBull,14,19,144.95806818181816,116.274,156.19680597207795,112.081,3,349.0626666666667,3,11.25,44,7004.0
51,2016,Spa,9,MAS,Williams,10,10,144.47570454545456,115.52449999999999,156.7016026502066,114.342,3,348.5543333333333,3,11.25,44,7004.0
51,2016,Spa,10,BUT,McLaren,21,9,141.859,141.859,,141.859,0,0.0,1,2.0,44,7004.0
51,2016,Spa,11,RAI,Ferrari,9,3,144.3674318181818,115.4345,146.1184477806702,113.498,4,269.08975000000004,3,9.0,44,7004.0
51,2016,Spa,12,VET,Ferrari,6,4,144.01027272727273,114.9935,155.8178692213062,112.728,3,347.892,2,11.25,44,7004.0
51,2016,Spa,15,BOT,Williams,8,8,144.34565909090907,115.4675,155.57165204839578,114.12,3,347.612,3,11.25,44,7004.0
51,2016,Spa,16,PER,ForceIndia,5,6,143.9026818181818,115.215,156.65350368141742,113.414,3,348.90633333333335,3,11.25,44,7004.0
51,2016,Spa,19,ERI,Sauber,19,20,140.78633333333335,135.255,13.66699441476923,130.752,0,0.0,1,4.0,44,7004.0
51,2016,Spa,20,GUT,HaasF1Team,12,18,144.65761363636366,116.148,155.21717181408616,114.335,3,348.55633333333327,2,11.25,44,7004.0
51,2016,Spa,22,GRO,HaasF1Team,13,11,144.71663636363635,115.909,155.90796953720334,113.803,3,348.72600000000006,2,11.25,44,7004.0
51,2016,Spa,25,SAI,ToroRosso,20,14,125.072,125.072,,125.072,0,0.0,1,2.0,44,7004.0
51,2016,Spa,26,NAS,Sauber,17,16,146.59388372093022,116.935,155.90424997386933,116.152,3,352.6086666666667,2,14.666666666666666,44,7004.0
51,2016,Spa,27,VER,ToroRosso,11,2,144.59536363636366,114.9855,155.03345466646283,113.281,4,268.93475,3,9.0,44,7004.0
51,2016,Spa,30,PAL,Renault,15,13,145.09597727272728,116.582,156.0319572221693,113.251,4,267.21075,3,9.0,44,7004.0
51,2016,Spa,31,WEH,ManorMarussia,22,15,,,,,0,0.0,1,1.0,44,7004.0
51,2016,Spa,34,OCO,ManorMarussia,16,17,146.567,117.248,156.17696444906275,115.734,3,351.3020000000001,2,11.0,44,7004.0
52,2016,Monza,1,HAM,Mercedes,2,1,87.9841320754717,87.401,2.813881667716842,86.303,1,23.633,2,27.0,53,5793.0
52,2016,Monza,2,RIC,RedBull,5,6,88.55441509433965,87.669,3.900159614258223,85.919,2,23.689,2,18.0,53,5793.0
52,2016,Monza,3,ROS,Mercedes,1,2,87.69979245283021,87.13,3.0640121783656,86.599,1,25.55,2,27.0,53,5793.0
52,2016,Monza,4,MAG,Renault,17,21,91.05169230769232,90.021,4.144778040077455,87.618,2,24.131,2,17.666666666666668,53,5793.0
52,2016,Monza,5,ALO,McLaren,14,12,89.97596153846152,88.6455,5.020554972688359,85.34,3,24.873,2,13.25,53,5793.0
52,2016,Monza,7,HUL,ForceIndia,10,9,89.18386792452831,88.167,4.025177502238665,86.954,2,24.298000000000002,2,18.0,53,5793.0
52,2016,Monza,8,KVY,RedBull,19,16,91.65825000000001,90.02600000000001,4.993124417636717,88.037,2,24.773,2,12.333333333333334,53,5793.0
52,2016,Monza,9,MAS,Williams,9,11,88.93784905660375,87.945,4.00053526897544,86.4,2,23.881,2,18.0,53,5793.0
52,2016,Monza,10,BUT,McLaren,12,14,89.46588461538462,88.2825,4.517116847489813,86.354,2,25.4225,2,17.666666666666668,53,5793.0
52,2016,Monza,11,RAI,Ferrari,4,4,88.21981132075472,87.323,4.039249464064617,86.016,2,24.197499999999998,2,18.0,53,5793.0
52,2016,Monza,12,VET,Ferrari,3,3,88.09583018867924,87.047,4.087696881806754,86.31,2,25.2525,2,18.0,53,5793.0
52,2016,Monza,15,BOT,Williams,6,5,88.66233962264153,87.807,3.878193458019201,86.708,2,24.03,2,18.0,53,5793.0
52,2016,Monza,16,PER,ForceIndia,8,8,88.92533962264152,87.927,3.944471198561916,86.92,2,24.285,2,18.0,53,5793.0
52,2016,Monza,19,ERI,Sauber,16,19,90.42248076923077,89.8035,3.2041117180247816,88.552,1,25.145,2,26.5,53,5793.0
52,2016,Monza,20,GUT,HaasF1Team,13,10,89.8541923076923,88.52199999999999,4.41706481833258,87.106,2,25.3325,2,17.666666666666668,53,5793.0
52,2016,Monza,22,GRO,HaasF1Team,11,17,89.45528846153846,89.1435,3.339405590740977,87.227,1,25.34,2,26.5,53,5793.0
52,2016,Monza,25,SAI,ToroRosso,15,15,90.0273653846154,89.2715,4.214966936482543,86.751,2,24.820999999999998,2,17.666666666666668,53,5793.0
52,2016,Monza,26,NAS,Sauber,22,18,255.09616666666668,129.625,323.52444650840016,97.837,3,291.61133333333333,2,2.3333333333333335,53,5793.0
52,2016,Monza,27,VER,ToroRosso,7,7,88.7231132075472,87.577,4.078441683273241,86.405,2,24.2185,2,18.0,53,5793.0
52,2016,Monza,30,PAL,Renault,21,20,100.509,98.0,11.244386777410318,91.361,1,33.275,2,4.0,53,5793.0
52,2016,Monza,31,WEH,ManorMarussia,20,13,90.84800000000001,89.429,4.723655711416742,88.723,1,25.962,2,13.5,53,5793.0
52,2016,Monza,34,OCO,ManorMarussia,18,22,91.45896078431369,90.641,3.461889853596064,88.534,1,25.539,2,26.0,53,5793.0
53,2016,Singapore,1,HAM,Mercedes,3,3,114.04898360655737,111.25,10.91122055117545,107.752,4,27.58475,3,15.5,61,5063.0
53,2016,Singapore,2,RIC,RedBull,2,2,113.9252131147541,110.943,10.998017406355194,107.187,4,28.0995,2,15.5,61,5063.0
53,2016,Singapore,3,ROS,Mercedes,1,1,113.91721311475408,111.082,10.6605138104983,110.296,3,28.622,2,20.666666666666668,61,5063.0
53,2016,Singapore,4,MAG,Renault,10,15,115.88363934426229,113.248,10.686710894116404,110.858,3,28.10966666666667,2,20.666666666666668,61,5063.0
53,2016,Singapore,5,ALO,McLaren,7,9,115.3794754098361,112.72,10.507361736113966,111.249,3,28.143666666666665,3,20.666666666666668,61,5063.0
53,2016,Singapore,7,HUL,ForceIndia,21,8,,,,,0,0.0,1,1.0,61,5063.0
53,2016,Singapore,8,KVY,RedBull,9,7,115.74601639344262,113.063,10.43437665841744,110.944,3,28.03,2,20.666666666666668,61,5063.0
53,2016,Singapore,9,MAS,Williams,12,11,116.12065000000001,113.136,10.819284715579846,111.455,4,28.522999999999996,2,15.25,61,5063.0
53,2016,Singapore,10,BUT,McLaren,19,12,118.90130232558138,114.398,13.833942177424614,111.631,3,33.61266666666666,3,14.666666666666666,61,5063.0
53,2016,Singapore,11,RAI,Ferrari,4,5,114.08473770491801,111.134,10.890410588987052,108.204,4,28.000999999999998,3,15.5,61,5063.0
53,2016,Singapore,12,VET,Ferrari,5,22,114.37121311475411,111.4,12.087714556682137,107.345,3,27.552333333333333,2,20.666666666666668,61,5063.0
53,2016,Singapore,15,BOT,Williams,20,10,120.69425714285717,115.144,16.574047220140958,111.368,4,38.4285,3,7.2,61,5063.0
53,2016,Singapore,16,PER,ForceIndia,8,17,115.73790163934427,113.506,10.469019219750114,111.517,2,30.7815,2,31.0,61,5063.0
53,2016,Singapore,19,ERI,Sauber,17,14,117.1461,114.19149999999999,11.013102490415987,110.963,4,28.74725,3,15.25,61,5063.0
53,2016,Singapore,20,GUT,HaasF1Team,11,13,116.09648333333334,113.493,11.05693579015064,111.075,3,28.99533333333333,2,20.333333333333332,61,5063.0
53,2016,Singapore,22,GRO,HaasF1Team,22,20,,,,,0,0.0,1,1.0,61,5063.0
53,2016,Singapore,25,SAI,ToroRosso,14,6,116.54260000000001,113.271,10.753048758375458,110.532,4,28.629,3,15.25,61,5063.0
53,2016,Singapore,26,NAS,Sauber,13,16,116.43721666666669,113.5955,11.46295560001229,111.683,3,28.296999999999997,2,20.333333333333332,61,5063.0
53,2016,Singapore,27,VER,ToroRosso,6,4,115.08437704918035,112.503,10.844368159193559,109.05,4,28.08925,2,15.5,61,5063.0
53,2016,Singapore,30,PAL,Renault,15,18,116.89206666666668,113.80799999999999,11.61497656500648,111.777,3,27.620666666666665,2,20.333333333333332,61,5063.0
53,2016,Singapore,31,WEH,ManorMarussia,16,19,117.13834999999999,114.3275,11.359282701191708,112.021,3,28.437,2,20.333333333333332,61,5063.0
53,2016,Singapore,34,OCO,ManorMarussia,18,21,119.38364406779662,114.782,17.051230380080383,111.748,4,50.427,2,15.0,61,5063.0
54,2016,KualaLumpur,1,HAM,Mercedes,18,1,103.3143,99.749,9.666297830806075,98.595,1,23.689,2,20.5,56,5543.0
54,2016,KualaLumpur,2,RIC,RedBull,1,4,104.15671428571429,100.0675,12.45011796616516,97.449,2,24.302500000000002,2,19.0,56,5543.0
54,2016,KualaLumpur,3,ROS,Mercedes,3,2,104.4337857142857,100.3495,12.890542346604756,96.424,3,23.962333333333333,2,14.25,56,5543.0
54,2016,KualaLumpur,4,MAG,Renault,20,14,113.059,103.978,16.512981245825966,103.379,1,30.679,2,18.0,56,5543.0
54,2016,KualaLumpur,5,ALO,McLaren,7,22,105.32108928571427,101.5415,12.508697402246726,98.291,3,24.392,2,14.25,56,5543.0
54,2016,KualaLumpur,7,HUL,ForceIndia,8,8,105.47925,101.66300000000001,12.569240389646756,97.793,3,25.271,3,14.25,56,5543.0
54,2016,KualaLumpur,8,KVY,RedBull,14,15,106.83921818181818,102.769,13.008437053741112,99.798,3,27.156333333333333,2,18.666666666666668,56,5543.0
54,2016,KualaLumpur,9,MAS,Williams,13,10,106.62292727272728,102.59,11.574626306829995,99.92,3,23.91033333333333,3,14.0,56,5543.0
54,2016,KualaLumpur,10,BUT,McLaren,9,9,105.61771428571429,101.8145,11.326353845971608,98.74,2,24.691499999999998,2,19.0,56,5543.0
54,2016,KualaLumpur,11,RAI,Ferrari,4,6,104.67073214285715,100.3335,12.022145325857567,97.466,3,24.601666666666663,2,14.25,56,5543.0
54,2016,KualaLumpur,12,VET,Ferrari,22,5,,,,,0,0.0,1,1.0,56,5543.0
54,2016,KualaLumpur,15,BOT,Williams,5,11,105.25639285714286,101.767,10.390407148691743,99.199,1,23.828,2,28.5,56,5543.0
54,2016,KualaLumpur,16,PER,ForceIndia,6,7,105.29589285714287,101.47149999999999,11.144910732019136,99.328,2,25.485500000000002,3,19.0,56,5543.0
54,2016,KualaLumpur,19,ERI,Sauber,12,17,106.22896363636364,102.17,10.989751966943999,99.781,2,24.988999999999997,2,18.666666666666668,56,5543.0
54,2016,KualaLumpur,20,GUT,HaasF1Team,19,13,107.64307692307692,103.221,12.226272288513552,101.775,3,26.867333333333335,2,20.0,56,5543.0
54,2016,KualaLumpur,22,GRO,HaasF1Team,21,12,111.41814285714285,103.181,14.828041356706231,102.142,0,0.0,1,8.0,56,5543.0
54,2016,KualaLumpur,25,SAI,ToroRosso,11,16,105.92239285714287,102.076,10.83130580674467,99.243,2,24.4365,2,19.0,56,5543.0
54,2016,KualaLumpur,26,NAS,Sauber,17,18,107.99686956521737,103.4385,11.678806332857242,100.49,1,24.697,2,23.5,56,5543.0
54,2016,KualaLumpur,27,VER,ToroRosso,2,3,104.20033928571429,99.7505,13.328502485994283,97.376,3,25.355,2,14.25,56,5543.0
54,2016,KualaLumpur,30,PAL,Renault,10,19,105.86146428571429,102.5385,10.802845966712638,99.35,1,23.928,2,28.5,56,5543.0
54,2016,KualaLumpur,31,WEH,ManorMarussia,15,21,107.29639999999999,103.07,12.015297008705502,99.653,3,25.725666666666665,2,14.0,56,5543.0
54,2016,KualaLumpur,34,OCO,ManorMarussia,16,20,107.68227272727272,103.165,10.675862141357925,101.467,2,29.353,2,18.666666666666668,56,5543.0
55,2016,Suzuka,1,HAM,Mercedes,3,2,98.28507547169811,97.171,3.65200485955242,95.152,2,22.860500000000002,2,18.0,53,5807.0
55,2016,Suzuka,2,RIC,RedBull,6,4,98.81649056603771,98.095,4.181379615089524,95.511,2,24.4285,2,18.0,53,5807.0
55,2016,Suzuka,3,ROS,Mercedes,1,1,98.17609433962265,97.261,3.780668745606498,96.049,2,22.9115,2,18.0,53,5807.0
55,2016,Suzuka,4,MAG,Renault,14,17,100.68311538461536,100.5925,3.0030801681322568,98.036,1,23.072,2,26.5,53,5807.0
55,2016,Suzuka,5,ALO,McLaren,16,15,100.73892307692307,100.063,3.7093542794450634,98.208,2,22.909,2,17.666666666666668,53,5807.0
55,2016,Suzuka,7,HUL,ForceIndia,8,9,99.29264150943398,98.289,3.5252794875253377,97.351,2,22.892,3,18.0,53,5807.0
55,2016,Suzuka,8,KVY,RedBull,13,13,100.49721153846154,99.8635,3.912041181950417,97.597,2,22.9665,2,17.666666666666668,53,5807.0
55,2016,Suzuka,9,MAS,Williams,9,12,100.02067924528303,99.823,3.1398631693213876,97.785,1,22.463,2,27.0,53,5807.0
55,2016,Suzuka,10,BUT,McLaren,18,22,100.82265384615386,99.86250000000001,4.021026402401311,97.177,2,23.8585,2,17.666666666666668,53,5807.0
55,2016,Suzuka,11,RAI,Ferrari,5,8,98.71137735849055,97.856,3.934949428989942,95.99,2,23.003,2,18.0,53,5807.0
55,2016,Suzuka,12,VET,Ferrari,4,6,98.55852830188681,97.707,3.5024254101966665,95.118,2,23.0565,2,18.0,53,5807.0
55,2016,Suzuka,15,BOT,Williams,10,11,100.03124528301886,99.924,3.216876853203934,97.844,1,25.007,2,27.0,53,5807.0
55,2016,Suzuka,16,PER,ForceIndia,7,5,99.26090566037733,98.374,3.9936306850560412,96.756,2,23.163,3,18.0,53,5807.0
55,2016,Suzuka,19,ERI,Sauber,15,18,100.69761538461537,100.5415,3.040897385311441,98.496,1,24.011,2,26.5,53,5807.0
55,2016,Suzuka,20,GUT,HaasF1Team,20,10,101.05101923076924,100.0385,4.140613862277629,97.775,2,23.951,2,17.666666666666668,53,5807.0
55,2016,Suzuka,22,GRO,HaasF1Team,11,7,100.04881132075471,99.184,4.011662105453413,97.02,2,24.585,2,18.0,53,5807.0
55,2016,Suzuka,25,SAI,ToroRosso,17,14,100.7558846153846,100.0215,3.7657090609237693,97.723,2,22.962,2,17.666666666666668,53,5807.0
55,2016,Suzuka,26,NAS,Sauber,19,19,100.99199999999999,100.74799999999999,3.2334858989677895,98.544,1,25.131,2,26.5,53,5807.0
55,2016,Suzuka,27,VER,ToroRosso,2,3,98.27001886792456,97.474,3.647150650168124,96.386,2,22.8215,2,18.0,53,5807.0
55,2016,Suzuka,30,PAL,Renault,12,16,100.38098076923077,100.1855,3.1377095648495597,97.978,1,23.452,2,26.5,53,5807.0
55,2016,Suzuka,31,WEH,ManorMarussia,22,21,101.47392307692309,100.104,5.469882042840985,98.0,2,25.045499999999997,2,17.666666666666668,53,5807.0
55,2016,Suzuka,34,OCO,ManorMarussia,21,20,101.092,100.001,4.158439200978571,98.38,2,24.6145,2,17.666666666666668,53,5807.0
56,2016,Austin,1,HAM,Mercedes,1,1,105.22532142857143,103.668,7.578729596364103,102.386,2,23.588,2,19.0,56,5513.0
56,2016,Austin,2,RIC,RedBull,3,3,105.57696428571428,103.771,6.639932463961815,102.555,2,23.744999999999997,3,19.0,56,5513.0
56,2016,Austin,3,ROS,Mercedes,2,2,105.30603571428571,103.5495,7.899495873360954,101.897,2,23.8375,2,19.0,56,5513.0
56,2016,Austin,4,MAG,Renault,12,18,108.05692727272726,105.951,6.7585316887032025,102.475,3,24.103666666666665,3,14.0,56,5513.0
56,2016,Austin,5,ALO,McLaren,5,12,106.90305357142854,105.253,7.812101545724703,103.502,2,24.491500000000002,2,19.0,56,5513.0
56,2016,Austin,7,HUL,ForceIndia,22,7,143.182,143.182,,143.182,0,0.0,1,2.0,56,5513.0
56,2016,Austin,8,KVY,RedBull,11,13,108.1353090909091,106.41,6.745489450085302,104.73,1,37.837,2,28.0,56,5513.0
56,2016,Austin,9,MAS,Williams,7,9,107.25612727272727,104.936,7.362270053139421,103.414,3,23.819999999999997,3,14.0,56,5513.0
56,2016,Austin,10,BUT,McLaren,9,19,107.55667272727273,105.78,6.504295008498288,104.468,2,24.624000000000002,2,18.666666666666668,56,5513.0
56,2016,Austin,11,RAI,Ferrari,19,5,106.6512894736842,104.324,8.002979799468259,101.841,3,24.406000000000002,2,13.0,56,5513.0
56,2016,Austin,12,VET,Ferrari,4,6,105.99557142857144,103.8475,7.129576434842375,99.877,3,24.13366666666667,3,14.25,56,5513.0
56,2016,Austin,15,BOT,Williams,16,8,108.8303090909091,106.038,8.546388769257236,104.977,2,26.16,3,18.666666666666668,56,5513.0
56,2016,Austin,16,PER,ForceIndia,8,11,107.5210909090909,105.577,6.228901958025475,103.925,2,23.9085,2,18.666666666666668,56,5513.0
56,2016,Austin,19,ERI,Sauber,14,16,108.33796363636363,106.918,5.7058411265663675,105.14,1,25.229,2,28.0,56,5513.0
56,2016,Austin,20,GUT,HaasF1Team,21,14,110.5589375,107.551,7.98989866826649,105.364,1,24.47,1,8.5,56,5513.0
56,2016,Austin,22,GRO,HaasF1Team,10,17,107.70032727272728,105.726,6.551293089930289,104.335,2,25.2895,3,18.666666666666668,56,5513.0
56,2016,Austin,25,SAI,ToroRosso,6,10,106.94182142857143,105.1755,8.108199428204298,102.832,2,24.5295,2,19.0,56,5513.0
56,2016,Austin,26,NAS,Sauber,15,21,108.64294545454547,106.999,7.621814862174624,104.117,1,24.244,2,28.0,56,5513.0
56,2016,Austin,27,VER,ToroRosso,20,4,106.00425000000003,104.4305,6.676996539390826,102.424,2,29.8005,2,9.666666666666666,56,5513.0
56,2016,Austin,30,PAL,Renault,13,15,108.2504,105.775,6.458883852092001,104.724,2,24.4185,2,18.666666666666668,56,5513.0
56,2016,Austin,31,WEH,ManorMarussia,17,20,108.8513090909091,106.604,7.921358417624555,105.451,2,25.6205,2,18.666666666666668,56,5513.0
56,2016,Austin,34,OCO,ManorMarussia,18,22,109.56472222222222,107.7915,7.463970109084586,103.585,3,25.804333333333336,3,13.75,56,5513.0
57,2016,MexicoCity,1,HAM,Mercedes,1,1,84.94932394366197,83.397,6.71841844861603,82.596,1,21.709,2,36.0,71,4304.0
57,2016,MexicoCity,2,RIC,RedBull,3,4,85.2430985915493,83.647,7.263699142516706,81.134,2,22.265,3,24.0,71,4304.0
57,2016,MexicoCity,3,ROS,Mercedes,2,2,85.06698591549295,83.465,6.7121024713209705,82.792,1,21.997,2,36.0,71,4304.0
57,2016,MexicoCity,4,MAG,Renault,17,14,87.16097142857141,85.386,6.76348599117312,83.146,2,22.3275,3,23.666666666666668,71,4304.0
57,2016,MexicoCity,5,ALO,McLaren,13,11,86.87712857142859,85.191,6.883542370243677,83.668,2,23.816,2,23.666666666666668,71,4304.0
57,2016,MexicoCity,7,HUL,ForceIndia,7,5,85.77877464788732,84.1,6.660758981199799,83.288,1,22.134,2,36.0,71,4304.0
57,2016,MexicoCity,8,KVY,RedBull,18,18,87.08962857142856,85.039,7.11535854692831,83.618,2,22.765,2,23.666666666666668,71,4304.0
57,2016,MexicoCity,9,MAS,Williams,9,9,86.02264788732394,84.452,6.523512623247849,83.576,1,21.863,2,36.0,71,4304.0
57,2016,MexicoCity,10,BUT,McLaren,12,13,86.75659999999999,85.19749999999999,6.523941894106751,83.777,1,22.438,2,35.5,71,4304.0
57,2016,MexicoCity,11,RAI,Ferrari,6,6,85.64476056338029,83.786,6.949162063494294,82.512,2,22.686,2,24.0,71,4304.0
57,2016,MexicoCity,12,VET,Ferrari,5,7,85.1931690140845,83.453,6.692228014614982,82.497,1,22.035,2,36.0,71,4304.0
57,2016,MexicoCity,15,BOT,Williams,8,8,85.8734366197183,84.244,6.548596954926179,83.54,1,22.396,2,36.0,71,4304.0
57,2016,MexicoCity,16,PER,ForceIndia,10,12,86.03098591549295,84.4,6.520592553031964,83.607,1,22.213,2,36.0,71,4304.0
57,2016,MexicoCity,19,ERI,Sauber,11,15,86.65970000000002,85.138,7.1538890879443136,84.34,1,32.608,2,71.0,71,4304.0
57,2016,MexicoCity,20,GUT,HaasF1Team,19,17,87.17048571428572,85.286,7.0565273631814955,83.456,2,24.154,2,23.666666666666668,71,4304.0
57,2016,MexicoCity,22,GRO,HaasF1Team,20,22,87.2991,85.4865,7.085056204762083,83.278,2,23.317500000000003,2,23.666666666666668,71,4304.0
57,2016,MexicoCity,25,SAI,ToroRosso,16,10,87.03232857142856,85.37549999999999,6.421894863986749,84.467,1,22.747,2,35.5,71,4304.0
57,2016,MexicoCity,26,NAS,Sauber,15,19,87.07794285714287,85.4345,6.578445712832734,83.657,1,23.54,2,35.5,71,4304.0
57,2016,MexicoCity,27,VER,ToroRosso,4,3,85.17922535211268,83.504,6.686570349155479,82.887,1,21.775,2,36.0,71,4304.0
57,2016,MexicoCity,30,PAL,Renault,14,21,86.96567142857141,85.4635,6.389973066377267,84.574,1,23.897,2,71.0,71,4304.0
57,2016,MexicoCity,31,WEH,ManorMarussia,22,16,,,,,0,0.0,1,1.0,71,4304.0
57,2016,MexicoCity,34,OCO,ManorMarussia,21,20,87.84236231884057,85.952,6.605879468925469,84.964,1,23.866,2,35.0,71,4304.0
58,2016,SaoPaulo,1,HAM,Mercedes,1,1,152.97654929577465,88.062,297.0915928621432,85.639,2,1746.2045,1,24.0,71,4309.0
58,2016,SaoPaulo,2,RIC,RedBull,8,6,153.40592957746478,93.788,296.2635790558479,85.532,5,714.418,2,12.0,71,4309.0
58,2016,SaoPaulo,3,ROS,Mercedes,2,2,153.13788732394366,88.999,296.73452281523817,86.222,2,1745.6855,1,24.0,71,4309.0
58,2016,SaoPaulo,4,MAG,Renault,14,18,153.70267605633802,95.053,295.6541196071989,86.524,4,885.676,2,14.4,71,4309.0
58,2016,SaoPaulo,5,ALO,McLaren,10,10,153.60235211267604,99.131,295.73922263996116,87.104,3,1172.4759999999999,2,18.0,71,4309.0
58,2016,SaoPaulo,7,HUL,ForceIndia,7,8,153.39664788732395,91.81,296.009410116498,86.728,3,1172.6966666666667,1,18.0,71,4309.0
58,2016,SaoPaulo,8,KVY,RedBull,13,14,153.69756338028168,98.127,295.1327158489275,87.476,4,886.69175,2,14.4,71,4309.0
58,2016,SaoPaulo,9,MAS,Williams,18,13,183.7919565217391,113.51050000000001,364.5218218866986,86.767,4,888.6935000000001,2,9.4,71,4309.0
58,2016,SaoPaulo,10,BUT,McLaren,16,17,154.13139436619716,101.913,295.36312006368803,86.983,5,713.8001999999999,2,12.0,71,4309.0
58,2016,SaoPaulo,11,RAI,Ferrari,20,3,112.9795789473684,119.631,15.969581728731761,88.847,0,0.0,1,20.0,71,4309.0
58,2016,SaoPaulo,12,VET,Ferrari,5,5,153.34745070422534,103.327,295.3794633026565,86.195,3,1174.847,2,18.0,71,4309.0
58,2016,SaoPaulo,15,BOT,Williams,11,11,153.6144647887324,99.615,295.65473560029596,86.062,4,885.5675,2,14.4,71,4309.0
58,2016,SaoPaulo,16,PER,ForceIndia,4,9,153.3335352112676,91.524,296.5503350739167,87.093,2,1745.344,1,24.0,71,4309.0
58,2016,SaoPaulo,19,ERI,Sauber,21,20,115.50127272727272,118.393,19.6468838398913,91.265,1,25.395,2,6.0,71,4309.0
58,2016,SaoPaulo,20,GUT,HaasF1Team,17,12,166.1178166666667,111.059,320.07348384979576,87.805,4,884.64325,2,12.2,71,4309.0
58,2016,SaoPaulo,22,GRO,HaasF1Team,22,7,,,,,0,0.0,1,1.0,71,4309.0
58,2016,SaoPaulo,25,SAI,ToroRosso,6,15,153.38725352112678,91.68,296.3360930580931,87.153,2,1745.9405000000002,1,24.0,71,4309.0
58,2016,SaoPaulo,26,NAS,Sauber,9,21,153.57683098591548,92.376,296.3722616148234,87.547,2,1745.71,1,24.0,71,4309.0
58,2016,SaoPaulo,27,VER,ToroRosso,3,4,153.27909859154934,92.698,296.5774005565666,85.305,5,712.7475999999999,2,12.0,71,4309.0
58,2016,SaoPaulo,30,PAL,Renault,19,16,115.2755,115.664,15.589077963011222,94.334,2,24.700499999999998,2,7.0,71,4309.0
58,2016,SaoPaulo,31,WEH,ManorMarussia,15,19,153.82863380281688,96.072,295.7505000995283,87.919,3,1172.9840000000002,1,18.0,71,4309.0
58,2016,SaoPaulo,34,OCO,ManorMarussia,12,22,153.62174647887323,91.81,296.1539655701173,87.796,2,1747.0720000000001,1,24.0,71,4309.0
59,2016,YasMarina,1,HAM,Mercedes,1,1,106.98205454545455,106.277,3.6730625299362316,105.137,2,21.9775,2,18.666666666666668,55,5554.0
59,2016,YasMarina,2,RIC,RedBull,5,3,107.07869090909092,106.293,3.9495917035708676,104.889,2,21.926000000000002,2,18.666666666666668,55,5554.0
59,2016,YasMarina,3,ROS,Mercedes,2,2,106.99003636363636,106.15,3.8286459213729587,105.261,2,22.485500000000002,2,18.666666666666668,55,5554.0
59,2016,YasMarina,4,MAG,Renault,22,18,117.4616,111.265,11.285400294185408,108.601,1,27.068,1,6.0,55,5554.0
59,2016,YasMarina,5,ALO,McLaren,10,9,108.07107272727272,107.554,4.086025660506368,104.495,2,22.338,3,18.666666666666668,55,5554.0
59,2016,YasMarina,7,HUL,ForceIndia,7,7,107.89321818181818,106.967,3.895655071101218,105.949,2,21.658,2,18.666666666666668,55,5554.0
59,2016,YasMarina,8,KVY,RedBull,19,17,111.63692857142858,109.49950000000001,5.9769127413391585,108.752,1,21.896,2,7.5,55,5554.0
59,2016,YasMarina,9,MAS,Williams,9,10,108.0627090909091,107.489,3.807771038832965,105.675,2,21.657,2,18.666666666666668,55,5554.0
59,2016,YasMarina,10,BUT,McLaren,20,12,113.56991666666666,109.27099999999999,12.5035518914233,108.753,0,0.0,1,13.0,55,5554.0
59,2016,YasMarina,11,RAI,Ferrari,6,4,107.32416363636364,106.506,3.782345219783112,105.163,2,22.023,2,18.666666666666668,55,5554.0
59,2016,YasMarina,12,VET,Ferrari,3,5,106.99738181818181,106.455,3.740861643124032,103.729,2,21.7915,3,18.666666666666668,55,5554.0
59,2016,YasMarina,15,BOT,Williams,21,11,110.51183333333331,110.054,2.9340349975190576,107.837,0,0.0,1,7.0,55,5554.0
59,2016,YasMarina,16,PER,ForceIndia,8,8,108.05070909090908,107.227,3.6427582837466326,105.249,2,21.66,2,18.666666666666668,55,5554.0
59,2016,YasMarina,19,ERI,Sauber,15,22,109.66059259259258,109.529,3.446828580717318,106.216,1,22.991,2,27.5,55,5554.0
59,2016,YasMarina,20,GUT,HaasF1Team,12,13,108.71138181818182,107.831,4.332953280303509,105.928,2,22.067,2,18.666666666666668,55,5554.0
59,2016,YasMarina,22,GRO,HaasF1Team,11,14,108.37800000000001,107.29,4.30156458185296,104.97,2,22.6825,2,18.666666666666668,55,5554.0
59,2016,YasMarina,25,SAI,ToroRosso,18,21,110.29582926829268,109.052,4.733792142154317,106.591,2,21.848,2,14.0,55,5554.0
59,2016,YasMarina,26,NAS,Sauber,16,19,109.76003703703704,108.8075,5.009228927832363,106.287,2,26.6025,2,18.333333333333332,55,5554.0
59,2016,YasMarina,27,VER,ToroRosso,4,6,107.01269090909092,106.291,3.3583035061963407,105.187,1,21.221,2,28.0,55,5554.0
59,2016,YasMarina,30,PAL,Renault,17,15,109.81861111111111,108.2985,5.407868433759769,105.715,3,23.171333333333337,3,13.75,55,5554.0
59,2016,YasMarina,31,WEH,ManorMarussia,14,16,109.64405555555555,108.1755,5.584025306129696,106.145,2,28.172000000000004,2,18.333333333333332,55,5554.0
59,2016,YasMarina,34,OCO,ManorMarussia,13,20,109.5272962962963,108.9285,4.42357887905611,106.189,2,23.5305,2,18.333333333333332,55,5554.0
60,2017,Melbourne,1,HAM,Mercedes,2,1,88.8008245614035,88.326,2.7249044355641887,87.033,1,21.709,2,29.0,57,5303.0
60,2017,Melbourne,2,RIC,RedBull,17,15,98.88004000000001,90.163,41.243220560555976,89.447,0,0.0,1,26.0,57,5303.0
60,2017,Melbourne,4,MAG,HaasF1Team,15,17,93.98471739130436,91.47550000000001,11.559970201159297,87.568,2,26.7625,3,23.5,57,5303.0
60,2017,Melbourne,5,ALO,McLaren,14,12,91.72838,91.053,3.3423237296643706,90.077,1,22.484,2,25.5,57,5303.0
60,2017,Melbourne,7,HUL,Renault,11,11,91.44866071428574,90.74799999999999,4.421026072908603,88.486,2,23.1445,2,19.0,57,5303.0
60,2017,Melbourne,8,KVY,ToroRosso,9,9,90.75867857142858,89.9695,4.504562495584158,86.711,2,24.7925,2,19.0,57,5303.0
60,2017,Melbourne,9,MAS,Williams,6,7,90.08873684210526,89.049,2.9891217745489578,88.045,1,21.568,2,29.0,57,5303.0
60,2017,Melbourne,11,RAI,Ferrari,4,4,89.0186842105263,88.616,2.855202145444938,86.538,1,22.033,2,29.0,57,5303.0
60,2017,Melbourne,12,VET,Ferrari,1,2,88.6258245614035,88.118,2.8112865199483155,86.638,1,21.988,2,29.0,57,5303.0
60,2017,Melbourne,15,BOT,Mercedes,3,3,88.82319298245613,88.395,2.832077515072363,86.593,1,21.44,2,29.0,57,5303.0
60,2017,Melbourne,16,PER,ForceIndia,7,10,90.49248214285716,89.91749999999999,3.147613635704884,88.336,1,22.045,2,28.5,57,5303.0
60,2017,Melbourne,19,ERI,Sauber,18,14,94.35571428571427,92.825,5.816829627407503,92.052,0,0.0,1,22.0,57,5303.0
60,2017,Melbourne,22,GRO,HaasF1Team,20,6,91.33407692307694,90.492,2.8356276924618293,90.183,0,0.0,1,14.0,57,5303.0
60,2017,Melbourne,25,SAI,ToroRosso,8,8,90.5155892857143,90.0615,3.1201365691368275,87.677,1,21.762,2,28.5,57,5303.0
60,2017,Melbourne,27,VER,RedBull,5,5,89.13156140350877,88.524,3.2055381095933226,86.964,1,22.208,2,29.0,57,5303.0
60,2017,Melbourne,30,PAL,Renault,19,19,96.51219999999999,93.249,6.206910782115598,92.195,0,0.0,1,16.0,57,5303.0
60,2017,Melbourne,33,VAN,McLaren,13,18,92.70558181818183,91.49,5.738529992082788,89.44,1,39.562,2,28.0,57,5303.0
60,2017,Melbourne,34,OCO,ForceIndia,10,13,91.430625,90.771,3.222126026328805,88.475,1,22.154,2,28.5,57,5303.0
60,2017,Melbourne,35,GIO,Sauber,12,16,92.4411818181818,91.623,4.371592180036033,89.052,1,28.591,2,28.0,57,5303.0
60,2017,Melbourne,36,STR,Williams,16,20,92.86052500000001,91.1285,5.430175546047976,89.389,2,22.3365,2,13.666666666666666,57,5303.0
61,2017,Shanghai,1,HAM,Mercedes,1,1,104.57425,97.832,19.045108759087064,95.378,4,20.254999999999995,2,19.0,56,5451.0
61,2017,Shanghai,2,RIC,RedBull,4,5,105.39630357142859,98.79599999999999,18.198070198307633,96.791,4,20.2345,2,19.0,56,5451.0
61,2017,Shanghai,4,MAG,HaasF1Team,8,12,106.6517090909091,99.977,18.075251824148875,97.528,5,19.833,2,18.666666666666668,56,5451.0
61,2017,Shanghai,5,ALO,McLaren,16,13,111.27827272727274,100.774,21.35347826653881,99.496,4,19.0395,2,17.0,56,5451.0
61,2017,Shanghai,7,HUL,Renault,12,7,107.56636363636363,100.01,19.36704983782701,98.015,5,23.1502,3,28.0,56,5451.0
61,2017,Shanghai,8,KVY,ToroRosso,17,9,122.01444444444445,108.003,25.603525835373034,100.09,4,18.9955,2,9.5,56,5451.0
61,2017,Shanghai,9,MAS,Williams,14,6,107.7161090909091,100.345,17.904757251835,96.511,6,20.1855,3,14.0,56,5451.0
61,2017,Shanghai,11,RAI,Ferrari,5,4,105.43275000000001,98.89150000000001,18.328359938779425,96.003,4,20.5695,3,19.0,56,5451.0
61,2017,Shanghai,12,VET,Ferrari,2,2,104.68585714285713,98.05799999999999,18.612477456537857,95.423,5,19.487000000000002,2,19.0,56,5451.0
61,2017,Shanghai,15,BOT,Mercedes,6,3,105.44582142857142,98.18299999999999,19.74924117769605,95.849,4,22.817500000000003,2,19.0,56,5451.0
61,2017,Shanghai,16,PER,ForceIndia,9,8,106.91072727272727,99.454,17.993200248009895,96.531,6,20.50316666666667,2,14.0,56,5451.0
61,2017,Shanghai,19,ERI,Sauber,15,14,108.23374545454546,100.689,18.45727057509194,99.732,4,19.990750000000002,2,28.0,56,5451.0
61,2017,Shanghai,22,GRO,HaasF1Team,11,19,107.25994545454546,100.551,18.72756316672397,97.551,5,22.519199999999998,3,14.0,56,5451.0
61,2017,Shanghai,25,SAI,ToroRosso,7,11,105.87591071428571,99.2685,17.55521208724767,97.398,4,18.72275,2,28.5,56,5451.0
61,2017,Shanghai,27,VER,RedBull,3,16,105.38125,98.61099999999999,18.20175193191329,96.722,4,20.162,2,19.0,56,5451.0
61,2017,Shanghai,30,PAL,Renault,13,20,107.60361818181819,100.711,17.95676559848467,98.181,4,18.968999999999998,2,28.0,56,5451.0
61,2017,Shanghai,33,VAN,McLaren,18,15,126.41647058823528,112.039,25.433449859677037,101.46,4,19.2645,2,9.0,56,5451.0
61,2017,Shanghai,34,OCO,ForceIndia,10,17,107.03032727272726,99.932,18.511728584527305,97.036,5,21.762400000000003,3,18.666666666666668,56,5451.0
61,2017,Shanghai,35,GIO,Sauber,19,18,143.87933333333334,153.078,18.657230296411452,122.409,1,29.443,2,2.0,56,5451.0
61,2017,Shanghai,36,STR,Williams,20,10,,,,,0,0.0,1,1.0,56,5451.0
62,2017,Sakhir,1,HAM,Mercedes,2,2,98.94796491228071,95.306,12.963397953420507,92.798,2,30.6845,2,19.333333333333332,57,5412.0
62,2017,Sakhir,2,RIC,RedBull,5,4,99.52140350877194,96.275,12.524712430202667,93.495,2,25.256,2,19.333333333333332,57,5412.0
62,2017,Sakhir,4,MAG,HaasF1Team,19,20,100.029625,98.81800000000001,2.964165116737883,98.718,0,0.0,1,9.0,57,5412.0
62,2017,Sakhir,5,ALO,McLaren,14,15,101.40444444444447,97.884,11.001246402227148,95.595,2,24.822499999999998,2,18.333333333333332,57,5412.0
62,2017,Sakhir,7,HUL,Renault,9,7,100.2379298245614,97.263,11.461047357493198,95.372,2,25.884500000000003,2,19.333333333333332,57,5412.0
62,2017,Sakhir,8,KVY,ToroRosso,12,11,100.81041071428572,97.8535,10.282964135406917,94.985,2,25.225,2,19.0,57,5412.0
62,2017,Sakhir,9,MAS,Williams,6,8,99.78421052631579,96.781,11.905835536073479,94.256,2,24.972,2,19.333333333333332,57,5412.0
62,2017,Sakhir,11,RAI,Ferrari,4,5,99.22542105263159,96.021,11.637319156101954,93.72,2,26.143,2,19.333333333333332,57,5412.0
62,2017,Sakhir,12,VET,Ferrari,1,3,98.83112280701755,95.048,11.689629650234824,93.826,2,24.508,2,19.333333333333332,57,5412.0
62,2017,Sakhir,15,BOT,Mercedes,3,1,99.18896491228068,95.456,13.033537759735884,94.087,2,26.454,2,19.333333333333332,57,5412.0
62,2017,Sakhir,16,PER,ForceIndia,7,18,99.92947368421054,96.832,10.888454927952134,94.609,2,24.481,2,19.333333333333332,57,5412.0
62,2017,Sakhir,19,ERI,Sauber,15,19,101.41446,98.7,10.381169961216964,95.086,1,25.576,2,25.5,57,5412.0
62,2017,Sakhir,22,GRO,HaasF1Team,8,9,100.14454385964913,97.177,10.601081048429137,94.948,2,25.02,2,19.333333333333332,57,5412.0
62,2017,Sakhir,25,SAI,ToroRosso,16,16,99.045,98.2275,2.1187811247378643,98.026,1,25.001,1,13.0,57,5412.0
62,2017,Sakhir,27,VER,RedBull,18,6,97.49909090909091,96.929,1.219636540494379,96.681,1,25.174,1,12.0,57,5412.0
62,2017,Sakhir,30,PAL,Renault,13,10,100.93992857142858,97.9,10.575608612372054,95.552,2,26.943,2,19.0,57,5412.0
62,2017,Sakhir,31,WEH,Sauber,11,13,100.80003571428571,97.88900000000001,8.495945987168415,96.786,1,26.542,2,28.5,57,5412.0
62,2017,Sakhir,33,VAN,McLaren,20,17,,,,,0,0.0,1,1.0,57,5412.0
62,2017,Sakhir,34,OCO,ForceIndia,10,14,100.51026315789473,97.354,9.681872576636483,95.179,2,24.5845,2,19.333333333333332,57,5412.0
62,2017,Sakhir,36,STR,Williams,17,12,100.73891666666668,98.7585,5.8026051117867175,96.303,1,24.915,2,6.5,57,5412.0
63,2017,Sochi,1,HAM,Mercedes,4,4,102.4050576923077,99.1095,11.691047452047147,98.398,1,29.739,2,26.5,52,5848.0
63,2017,Sochi,2,RIC,RedBull,17,5,136.684,140.543,20.90009495193742,102.285,0,0.0,1,6.0,52,5848.0
63,2017,Sochi,4,MAG,HaasF1Team,13,13,104.5724705882353,101.367,11.703657686984766,99.566,1,36.559,2,26.0,52,5848.0
63,2017,Sochi,5,ALO,McLaren,20,15,,,,,0,0.0,1,1.0,52,5848.0
63,2017,Sochi,7,HUL,Renault,8,8,103.55636538461536,100.303,11.511148287772686,98.418,1,30.28,2,26.5,52,5848.0
63,2017,Sochi,8,KVY,ToroRosso,12,12,104.19643137254901,101.177,11.71333462043137,98.3,1,29.991,2,26.0,52,5848.0
63,2017,Sochi,9,MAS,Williams,9,6,103.74856862745098,100.247,11.792972930105288,98.232,2,29.9215,2,17.333333333333332,52,5848.0
63,2017,Sochi,11,RAI,Ferrari,3,2,101.9181346153846,98.9315,11.703378788194234,96.844,1,30.152,2,26.5,52,5848.0
63,2017,Sochi,12,VET,Ferrari,2,1,101.71846153846153,98.661,11.803939022609027,97.312,1,30.097,2,26.5,52,5848.0
63,2017,Sochi,15,BOT,Mercedes,1,3,101.70659615384616,98.73,11.77071885665178,97.367,1,29.356,2,26.5,52,5848.0
63,2017,Sochi,16,PER,ForceIndia,6,9,103.37559615384617,100.232,11.463373507264068,98.661,1,29.868,2,26.5,52,5848.0
63,2017,Sochi,19,ERI,Sauber,15,18,105.17135294117648,101.931,11.5647613945529,99.835,2,31.445,2,26.0,52,5848.0
63,2017,Sochi,22,GRO,HaasF1Team,19,19,,,,,0,0.0,1,1.0,52,5848.0
63,2017,Sochi,25,SAI,ToroRosso,10,14,104.00711764705883,100.773,11.643334800042568,98.858,1,29.973,2,26.0,52,5848.0
63,2017,Sochi,27,VER,RedBull,5,7,102.86844230769232,99.79400000000001,11.554903976172504,98.429,1,29.567,2,26.5,52,5848.0
63,2017,Sochi,30,PAL,Renault,18,16,,,,,0,0.0,1,1.0,52,5848.0
63,2017,Sochi,31,WEH,Sauber,16,17,105.87506000000002,102.253,11.724679184349494,100.922,2,31.0325,2,17.0,52,5848.0
63,2017,Sochi,33,VAN,McLaren,14,20,105.1189411764706,101.948,11.72563906558916,99.79,2,33.001999999999995,2,26.0,52,5848.0
63,2017,Sochi,34,OCO,ForceIndia,7,10,103.53359615384618,100.492,11.468787417757397,98.745,1,30.253,2,26.5,52,5848.0
63,2017,Sochi,36,STR,Williams,11,11,104.11760784313726,100.913,11.710626953461427,98.87,1,29.791,2,26.0,52,5848.0
64,2017,Catalunya,1,HAM,Mercedes,1,1,87.21965151515151,85.5915,6.909536418808707,83.593,2,21.633000000000003,2,22.333333333333332,66,4655.0
64,2017,Catalunya,2,RIC,RedBull,3,6,88.3684393939394,86.839,6.6298062255678385,83.686,2,21.8645,2,22.333333333333332,66,4655.0
64,2017,Catalunya,4,MAG,HaasF1Team,14,11,90.437421875,87.75649999999999,8.575609049229575,86.371,3,23.85633333333333,2,16.25,66,4655.0
64,2017,Catalunya,5,ALO,McLaren,12,7,90.263234375,88.4405,7.121039579319032,83.894,3,22.989,2,16.25,66,4655.0
64,2017,Catalunya,7,HUL,Renault,6,13,89.54899999999999,87.652,7.790777446362462,86.703,2,22.426,2,22.0,66,4655.0
64,2017,Catalunya,8,KVY,ToroRosso,9,19,89.84376923076925,88.015,7.590244589622158,85.976,2,22.176000000000002,2,33.0,66,4655.0
64,2017,Catalunya,9,MAS,Williams,13,9,90.34885937499999,87.457,9.17944986916676,86.472,3,28.656666666666666,2,16.25,66,4655.0
64,2017,Catalunya,11,RAI,Ferrari,20,4,,,,,0,0.0,1,1.0,66,4655.0
64,2017,Catalunya,12,VET,Ferrari,2,2,87.2725303030303,85.265,6.940900403172481,83.674,2,22.403,2,22.333333333333332,66,4655.0
64,2017,Catalunya,15,BOT,Mercedes,17,3,89.52213157894737,86.5805,7.741154691335914,84.696,1,21.689,2,19.5,66,4655.0
64,2017,Catalunya,16,PER,ForceIndia,4,8,89.0116923076923,86.912,7.902123907380607,85.755,2,24.0945,2,22.0,66,4655.0
64,2017,Catalunya,19,ERI,Sauber,11,16,90.08439062500001,87.7345,7.575419566393326,86.213,2,22.884999999999998,2,21.666666666666668,66,4655.0
64,2017,Catalunya,22,GRO,HaasF1Team,10,14,89.88481538461538,88.054,7.468981293264472,86.871,2,22.7535,2,22.0,66,4655.0
64,2017,Catalunya,25,SAI,ToroRosso,7,12,89.63855384615387,87.691,7.444267018213517,86.186,2,22.183,2,22.0,66,4655.0
64,2017,Catalunya,27,VER,RedBull,19,5,160.999,160.999,,160.999,0,0.0,1,2.0,66,4655.0
64,2017,Catalunya,30,PAL,Renault,15,17,90.457046875,87.7515,7.189390711826118,84.843,3,23.557,2,16.25,66,4655.0
64,2017,Catalunya,31,WEH,Sauber,8,15,89.62101538461538,88.023,7.705445938369475,86.476,1,23.445,2,33.0,66,4655.0
64,2017,Catalunya,33,VAN,McLaren,18,20,90.4368125,89.5725,4.236573573199104,87.554,1,22.547,2,16.5,66,4655.0
64,2017,Catalunya,34,OCO,ForceIndia,5,10,89.18618461538462,87.05,8.254486155063475,86.276,2,22.6295,2,22.0,66,4655.0
64,2017,Catalunya,36,STR,Williams,16,18,90.52996875000001,88.6015,7.476587696690886,86.838,2,22.085500000000003,2,21.666666666666668,66,4655.0
65,2017,MonteCarlo,1,HAM,Mercedes,7,13,80.77103846153845,77.61,9.25355579734652,75.825,1,24.155,2,39.5,78,3337.0
65,2017,MonteCarlo,2,RIC,RedBull,3,5,80.61647435897437,77.14500000000001,10.345044428450112,75.756,1,24.183,2,39.5,78,3337.0
65,2017,MonteCarlo,4,MAG,HaasF1Team,10,11,80.84337179487179,77.78800000000001,8.957741729138398,76.313,2,25.5095,2,26.333333333333332,78,3337.0
65,2017,MonteCarlo,7,HUL,Renault,20,10,79.33786666666667,78.229,3.450269738247529,77.885,0,0.0,1,16.0,78,3337.0
65,2017,MonteCarlo,8,KVY,ToroRosso,14,9,81.07721126760563,77.83,9.053180588556382,76.539,1,24.406,2,36.0,78,3337.0
65,2017,MonteCarlo,9,MAS,Williams,9,14,80.81775641025641,78.15899999999999,8.329713610682981,76.543,2,24.738,2,26.333333333333332,78,3337.0
65,2017,MonteCarlo,10,BUT,McLaren,18,20,79.89147368421051,78.494,5.837140668369302,76.912,2,25.261,2,29.0,78,3337.0
65,2017,MonteCarlo,11,RAI,Ferrari,2,1,80.60878205128203,77.084,10.339092389827451,75.527,1,24.833,2,39.5,78,3337.0
65,2017,MonteCarlo,12,VET,Ferrari,1,2,80.56846153846153,76.9205,11.124504400100353,75.238,1,24.306,2,39.5,78,3337.0
65,2017,MonteCarlo,15,BOT,Mercedes,4,3,80.63919230769233,77.26050000000001,9.615968441422506,76.439,1,24.308,2,39.5,78,3337.0
65,2017,MonteCarlo,16,PER,ForceIndia,13,7,81.06960256410255,77.93,9.151768261954235,74.82,3,30.608,2,19.75,78,3337.0
65,2017,MonteCarlo,19,ERI,Sauber,17,19,81.11057142857142,78.471,7.835611954433478,76.829,1,24.949,2,32.0,78,3337.0
65,2017,MonteCarlo,22,GRO,HaasF1Team,8,8,80.80115384615384,77.67750000000001,8.695145261516974,77.095,1,24.66,2,39.5,78,3337.0
65,2017,MonteCarlo,25,SAI,ToroRosso,6,6,80.72279487179487,77.545,9.191515818856267,76.649,1,24.427,2,39.5,78,3337.0
65,2017,MonteCarlo,27,VER,RedBull,5,4,80.6479358974359,77.33,9.76011595675707,76.329,2,25.5105,2,26.333333333333332,78,3337.0
65,2017,MonteCarlo,30,PAL,Renault,11,16,80.85996153846155,78.26400000000001,7.800631105740878,76.614,1,25.472,2,39.5,78,3337.0
65,2017,MonteCarlo,31,WEH,Sauber,19,18,79.85515789473683,78.556,5.1440515118695,78.034,1,25.813,2,58.0,78,3337.0
65,2017,MonteCarlo,33,VAN,McLaren,16,12,81.08056060606059,77.551,9.33387529564928,76.665,1,24.768,2,33.5,78,3337.0
65,2017,MonteCarlo,34,OCO,ForceIndia,12,15,80.87262820512821,78.3775,7.87586341110376,76.482,3,24.479,2,19.75,78,3337.0
65,2017,MonteCarlo,36,STR,Williams,15,17,81.43681690140845,78.362,8.282664114729302,76.075,2,25.969,2,24.0,78,3337.0
66,2017,Montreal,1,HAM,Mercedes,1,1,79.7879142857143,76.56700000000001,10.381142726664883,74.551,1,23.061,2,35.5,70,4361.0
66,2017,Montreal,2,RIC,RedBull,3,6,80.29215714285715,76.9545,10.31860280626689,76.165,1,23.309,2,35.5,70,4361.0
66,2017,Montreal,4,MAG,HaasF1Team,12,18,81.3654927536232,78.048,10.605147211202224,76.341,1,28.869,2,35.0,70,4361.0
66,2017,Montreal,5,ALO,McLaren,16,12,81.30530303030304,78.03049999999999,10.730177031975247,75.853,1,23.526,2,33.5,70,4361.0
66,2017,Montreal,7,HUL,Renault,8,10,80.65039999999999,77.23849999999999,10.73924839811994,76.136,1,26.764,2,35.5,70,4361.0
66,2017,Montreal,8,KVY,ToroRosso,17,11,83.97364814814816,78.0765,17.168178833492217,76.713,2,62.230999999999995,2,18.333333333333332,70,4361.0
66,2017,Montreal,9,MAS,Williams,19,7,,,,,0,0.0,1,1.0,70,4361.0
66,2017,Montreal,11,RAI,Ferrari,7,4,80.62551428571427,77.1745,10.519713178355456,75.388,2,23.630000000000003,2,23.666666666666668,70,4361.0
66,2017,Montreal,12,VET,Ferrari,4,2,80.30087142857143,76.708,10.919484634971319,74.719,2,27.4705,2,23.666666666666668,70,4361.0
66,2017,Montreal,15,BOT,Mercedes,2,3,80.07052857142857,76.75399999999999,10.33171807860114,75.894,1,22.946,2,35.5,70,4361.0
66,2017,Montreal,16,PER,ForceIndia,5,8,80.36614285714283,77.071,10.33401886592651,76.367,1,23.229,2,35.5,70,4361.0
66,2017,Montreal,19,ERI,Sauber,13,19,81.62202898550724,78.325,10.859717797724132,76.995,1,24.047,2,35.0,70,4361.0
66,2017,Montreal,22,GRO,HaasF1Team,10,14,81.34389855072465,78.294,11.398597403582972,76.949,1,31.256,2,70.0,70,4361.0
66,2017,Montreal,25,SAI,ToroRosso,20,13,,,,,0,0.0,1,1.0,70,4361.0
66,2017,Montreal,27,VER,RedBull,18,5,90.7101,77.7955,21.424877857554076,77.187,0,0.0,1,11.0,70,4361.0
66,2017,Montreal,30,PAL,Renault,11,15,81.35946376811596,78.089,10.808033724394024,76.704,1,24.423,2,35.0,70,4361.0
66,2017,Montreal,31,WEH,Sauber,15,20,82.32901470588236,78.982,13.203803459827427,77.091,2,37.9795,2,34.5,70,4361.0
66,2017,Montreal,33,VAN,McLaren,14,16,81.65931884057972,78.225,10.381733893340735,76.774,1,23.267,2,35.0,70,4361.0
66,2017,Montreal,34,OCO,ForceIndia,6,9,80.36957142857143,76.9625,10.407593031638743,76.247,1,23.409,2,35.5,70,4361.0
66,2017,Montreal,36,STR,Williams,9,17,81.07972463768118,77.568,10.72823298575259,75.979,1,22.79,2,35.0,70,4361.0
67,2017,Baku,1,HAM,Mercedes,5,1,145.91688235294117,106.336,192.3306201237491,103.469,4,343.36125000000004,2,17.333333333333332,51,6003.0
67,2017,Baku,2,RIC,RedBull,1,10,145.79554901960785,106.824,191.12261048659983,104.882,4,343.00925,2,13.0,51,6003.0
67,2017,Baku,4,MAG,HaasF1Team,7,12,146.61423529411766,108.84,190.60783795884038,106.312,3,449.40766666666667,2,17.333333333333332,51,6003.0
67,2017,Baku,5,ALO,McLaren,9,19,146.9632156862745,110.08,190.285904437645,105.168,3,449.83599999999996,2,17.333333333333332,51,6003.0
67,2017,Baku,7,HUL,Renault,17,13,190.86749999999998,125.1285,274.39818347652624,108.536,3,450.1806666666667,2,8.333333333333334,51,6003.0
67,2017,Baku,8,KVY,ToroRosso,19,11,110.94333333333333,109.126,4.434333123480913,108.394,0,0.0,1,10.0,51,6003.0
67,2017,Baku,9,MAS,Williams,16,9,188.39651999999998,127.072,270.0805217415293,107.34,3,449.05233333333337,2,8.666666666666666,51,6003.0
67,2017,Baku,11,RAI,Ferrari,14,3,153.76032608695652,107.8515,233.56135135077986,105.542,4,409.26925,2,15.666666666666666,51,6003.0
67,2017,Baku,12,VET,Ferrari,4,4,145.91272549019607,106.542,192.0347236382086,103.441,4,343.8395,2,17.333333333333332,51,6003.0
67,2017,Baku,15,BOT,Mercedes,2,2,145.87209803921567,107.275,189.28062462558128,103.925,4,346.2895,2,13.0,51,6003.0
67,2017,Baku,16,PER,ForceIndia,15,6,162.20964102564102,108.807,254.45814855290647,105.588,4,411.359,2,13.333333333333334,51,6003.0
67,2017,Baku,19,ERI,Sauber,11,17,147.595431372549,110.672,189.3631374227048,107.186,3,454.96900000000005,2,17.333333333333332,51,6003.0
67,2017,Baku,22,GRO,HaasF1Team,13,16,149.04698,109.9185,191.34479857187083,106.831,5,279.0138,2,10.2,51,6003.0
67,2017,Baku,25,SAI,ToroRosso,8,15,146.76417647058824,109.139,190.07605429329664,105.866,3,449.8996666666667,2,17.333333333333332,51,6003.0
67,2017,Baku,27,VER,RedBull,18,5,111.4085,107.59899999999999,9.084483649708341,106.398,0,0.0,1,13.0,51,6003.0
67,2017,Baku,30,PAL,Renault,20,20,123.56671428571428,113.821,23.473782373208664,111.673,0,0.0,1,8.0,51,6003.0
67,2017,Baku,31,WEH,Sauber,10,14,147.5424705882353,110.413,188.20808308681674,107.12,5,285.272,2,17.333333333333332,51,6003.0
67,2017,Baku,33,VAN,McLaren,12,18,147.60260784313724,109.466,189.0284721308489,106.648,4,342.78875,2,13.0,51,6003.0
67,2017,Baku,34,OCO,ForceIndia,6,7,146.38962745098038,107.641,188.8777135352883,105.634,4,345.271,2,13.0,51,6003.0
67,2017,Baku,36,STR,Williams,3,8,145.87415686274508,106.99,191.5251670040648,105.108,3,450.2266666666667,2,17.333333333333332,51,6003.0
68,2017,Spielberg,1,HAM,Mercedes,4,8,69.23877464788731,68.863,2.3203293128173668,67.411,1,20.761,2,36.0,71,4318.0
68,2017,Spielberg,2,RIC,RedBull,3,4,69.2188028169014,68.922,2.308545928375807,67.442,1,21.713,2,36.0,71,4318.0
68,2017,Spielberg,4,MAG,HaasF1Team,18,15,72.14731034482759,70.92,4.618445758225907,70.402,0,0.0,1,30.0,71,4318.0
68,2017,Spielberg,5,ALO,McLaren,19,12,96.711,96.711,,96.711,0,0.0,1,2.0,71,4318.0
68,2017,Spielberg,7,HUL,Renault,13,11,70.99811428571431,70.374,2.727117507514657,69.043,1,21.977,2,35.5,71,4318.0
68,2017,Spielberg,8,KVY,ToroRosso,16,14,72.3889705882353,70.824,5.857987140853557,68.061,3,24.006666666666664,2,34.5,71,4318.0
68,2017,Spielberg,9,MAS,Williams,9,17,70.36462857142857,70.2585,2.2652085879666646,68.419,1,20.977,2,35.5,71,4318.0
68,2017,Spielberg,11,RAI,Ferrari,5,3,69.42102816901408,69.318,2.348508091605824,67.486,1,21.662,2,36.0,71,4318.0
68,2017,Spielberg,12,VET,Ferrari,2,2,69.14339436619719,69.097,2.2489722445017497,67.496,1,21.75,2,36.0,71,4318.0
68,2017,Spielberg,15,BOT,Mercedes,1,1,69.13412676056338,69.019,2.268683192197481,67.847,1,22.387,2,36.0,71,4318.0
68,2017,Spielberg,16,PER,ForceIndia,7,7,70.24535714285715,70.1055,2.5571886795980046,68.47,1,22.03,2,35.5,71,4318.0
68,2017,Spielberg,19,ERI,Sauber,15,19,71.4275507246377,71.132,2.823421399317584,69.284,1,22.339,2,35.0,71,4318.0
68,2017,Spielberg,22,GRO,HaasF1Team,6,6,70.16454929577463,69.953,2.414107754659398,68.59,1,22.026,2,36.0,71,4318.0
68,2017,Spielberg,25,SAI,ToroRosso,17,10,71.92797727272726,70.6715,3.677313848314601,69.15,1,21.659,2,22.5,71,4318.0
68,2017,Spielberg,27,VER,RedBull,20,5,,,,,0,0.0,1,1.0,71,4318.0
68,2017,Spielberg,30,PAL,Renault,11,16,70.6298857142857,70.523,2.536621023849156,68.652,1,22.233,2,35.5,71,4318.0
68,2017,Spielberg,31,WEH,Sauber,14,20,71.07015714285714,70.59700000000001,3.0441126292543643,69.241,1,22.414,2,35.5,71,4318.0
68,2017,Spielberg,33,VAN,McLaren,12,13,70.84914285714284,70.376,3.024750123998575,68.422,2,18.96,2,35.5,71,4318.0
68,2017,Spielberg,34,OCO,ForceIndia,8,9,70.35127142857141,70.193,2.455820904822489,68.659,1,22.176,2,35.5,71,4318.0
68,2017,Spielberg,36,STR,Williams,10,18,70.6221,70.619,2.3849577588699984,68.777,1,21.332,2,35.5,71,4318.0
69,2017,Silverstone,1,HAM,Mercedes,1,1,95.83196078431375,92.644,11.668192490631588,90.621,1,27.733,2,26.0,51,5891.0
69,2017,Silverstone,2,RIC,RedBull,5,19,97.12519607843136,94.147,10.857340783119238,91.874,1,27.91,2,26.0,51,5891.0
69,2017,Silverstone,4,MAG,HaasF1Team,12,16,98.05917999999998,95.00550000000001,10.758761831670604,92.683,1,28.099,2,25.5,51,5891.0
69,2017,Silverstone,5,ALO,McLaren,18,20,100.93362499999999,95.9135,12.65368207473173,94.263,1,28.269,2,16.5,51,5891.0
69,2017,Silverstone,7,HUL,Renault,6,5,97.16743137254903,94.496,11.198975925065472,92.577,1,30.841,2,26.0,51,5891.0
69,2017,Silverstone,8,KVY,ToroRosso,15,12,98.78379999999999,95.6225,11.637920132927887,93.594,3,32.35433333333333,2,25.5,51,5891.0
69,2017,Silverstone,9,MAS,Williams,10,14,97.85458,94.949,10.77449397095771,93.562,1,27.583,2,25.5,51,5891.0
69,2017,Silverstone,11,RAI,Ferrari,3,2,96.54901960784315,93.273,11.86771791793215,91.517,2,28.7665,2,17.333333333333332,51,5891.0
69,2017,Silverstone,12,VET,Ferrari,7,3,97.67488235294115,93.497,12.725970071703076,91.872,2,31.7835,2,17.333333333333332,51,5891.0
69,2017,Silverstone,15,BOT,Mercedes,2,9,96.10770588235295,92.971,11.262753953264038,90.905,1,27.858,2,26.0,51,5891.0
69,2017,Silverstone,16,PER,ForceIndia,9,6,97.83843999999999,94.6785,10.890365515801342,93.504,1,28.942,2,25.5,51,5891.0
69,2017,Silverstone,19,ERI,Sauber,14,18,98.54647999999999,95.56700000000001,10.63275639813312,93.119,1,28.825,2,25.5,51,5891.0
69,2017,Silverstone,22,GRO,HaasF1Team,13,10,98.34524000000002,94.981,11.119143416134692,92.29,2,28.6795,2,17.0,51,5891.0
69,2017,Silverstone,25,SAI,ToroRosso,19,13,,,,,0,0.0,1,1.0,51,5891.0
69,2017,Silverstone,27,VER,RedBull,4,4,96.85401960784313,93.297,11.545552990637036,90.678,2,28.6015,2,17.333333333333332,51,5891.0
69,2017,Silverstone,30,PAL,Renault,20,11,,,,,0,0.0,1,1.0,51,5891.0
69,2017,Silverstone,31,WEH,Sauber,17,17,98.98211999999998,95.8195,10.644799904446977,93.342,3,30.350666666666665,3,17.0,51,5891.0
69,2017,Silverstone,33,VAN,McLaren,11,8,97.93318000000004,95.096,10.898933560805713,93.464,1,29.337,2,25.5,51,5891.0
69,2017,Silverstone,34,OCO,ForceIndia,8,7,97.7984,94.5915,10.952446283449042,93.521,1,29.194,2,25.5,51,5891.0
69,2017,Silverstone,36,STR,Williams,16,15,98.94752000000003,95.735,10.871899310701915,93.4,2,29.092,2,17.0,51,5891.0
70,2017,Budapest,1,HAM,Mercedes,4,4,85.70854285714285,82.42150000000001,11.509976412025486,80.818,1,21.338,2,35.5,70,4381.0
70,2017,Budapest,2,RIC,RedBull,20,6,,,,,0,0.0,1,1.0,70,4381.0
70,2017,Budapest,4,MAG,HaasF1Team,13,15,87.14775362318841,83.924,11.22442433137481,82.1,1,22.684,2,35.0,70,4381.0
70,2017,Budapest,5,ALO,McLaren,6,7,86.54194285714286,83.517,11.282360969237137,80.182,1,22.399,2,35.5,70,4381.0
70,2017,Budapest,7,HUL,Renault,17,12,87.56398507462687,83.582,11.726202545416719,81.611,1,31.86,2,34.0,70,4381.0
70,2017,Budapest,8,KVY,ToroRosso,11,16,87.16588405797101,83.939,11.231729521546683,81.631,1,22.273,2,35.0,70,4381.0
70,2017,Budapest,11,RAI,Ferrari,2,2,85.53744285714288,82.46000000000001,11.673991015129532,80.461,1,21.919,2,35.5,70,4381.0
70,2017,Budapest,12,VET,Ferrari,1,1,85.52447142857142,82.435,11.736455786424964,80.807,1,22.317,2,35.5,70,4381.0
70,2017,Budapest,15,BOT,Mercedes,3,3,85.7025,82.5025,11.599943184206191,81.214,1,22.681,2,35.5,70,4381.0
70,2017,Budapest,16,PER,ForceIndia,8,13,86.91905797101448,83.574,11.262753232622249,82.105,1,24.017,2,35.0,70,4381.0
70,2017,Budapest,19,ERI,Sauber,16,20,88.66680882352941,85.2435,11.172741871763408,81.752,2,24.637999999999998,2,34.5,70,4381.0
70,2017,Budapest,22,GRO,HaasF1Team,19,14,95.91794999999999,86.2765,17.922662286011555,84.702,1,22.638,1,21.0,70,4381.0
70,2017,Budapest,25,SAI,ToroRosso,7,9,86.90404347826089,83.645,11.310730319733068,81.871,1,22.745,2,35.0,70,4381.0
70,2017,Budapest,27,VER,RedBull,5,5,85.71412857142856,82.58449999999999,11.833991492113041,80.49,1,33.605,2,35.5,70,4381.0
70,2017,Budapest,30,PAL,Renault,12,10,87.17282608695652,84.004,11.23678155192936,81.589,1,22.684,2,35.0,70,4381.0
70,2017,Budapest,31,WEH,Sauber,15,18,88.40992647058823,85.218,11.131647596757333,83.573,2,23.6055,2,23.0,70,4381.0
70,2017,Budapest,33,VAN,McLaren,10,8,87.05420289855073,83.509,11.329343346554076,81.96,1,28.616,2,35.0,70,4381.0
70,2017,Budapest,34,OCO,ForceIndia,9,11,87.04557971014492,83.712,11.185441259020319,82.431,1,22.441,2,35.0,70,4381.0
70,2017,Budapest,36,STR,Williams,14,17,87.51752173913042,84.232,11.112846587738385,82.83,1,21.804,2,35.0,70,4381.0
70,2017,Budapest,37,DIR,Williams,18,19,88.96998333333332,85.2345,11.682805880309989,83.242,1,22.399,2,30.5,70,4381.0
71,2017,Spa,1,HAM,Mercedes,1,1,115.51863636363638,109.28800000000001,20.8512589983958,106.603,2,22.197,2,15.0,44,7004.0
71,2017,Spa,2,RIC,RedBull,3,6,115.76388636363639,109.437,18.73539096757035,107.549,2,23.04,2,15.0,44,7004.0
71,2017,Spa,4,MAG,HaasF1Team,15,12,117.04731818181818,112.02250000000001,13.995296918961538,109.126,3,23.157666666666668,3,11.25,44,7004.0
71,2017,Spa,5,ALO,McLaren,18,10,114.82976,113.407,5.121211032558604,111.72,1,24.158,2,13.0,44,7004.0
71,2017,Spa,7,HUL,Renault,6,7,116.15697727272727,111.1005,16.524011513184185,108.922,2,23.523000000000003,2,15.0,44,7004.0
71,2017,Spa,8,KVY,ToroRosso,12,19,116.65363636363637,112.94200000000001,12.980605559907548,109.708,2,22.8925,2,15.0,44,7004.0
71,2017,Spa,9,MAS,Williams,8,16,116.35156818181817,111.905,14.198816919922436,109.637,2,22.8795,3,15.0,44,7004.0
71,2017,Spa,11,RAI,Ferrari,4,4,115.8475227272727,110.9605,17.355811943230254,107.73,3,25.289666666666665,2,15.0,44,7004.0
71,2017,Spa,12,VET,Ferrari,2,2,115.57222727272729,109.244,20.755817681352966,106.577,2,24.0465,2,15.0,44,7004.0
71,2017,Spa,15,BOT,Mercedes,5,3,115.89263636363638,109.43299999999999,20.075806344361894,107.721,2,22.941000000000003,2,15.0,44,7004.0
71,2017,Spa,16,PER,ForceIndia,17,8,117.54295238095239,112.3435,14.97887261209549,108.3,3,26.152333333333335,2,10.75,44,7004.0
71,2017,Spa,19,ERI,Sauber,16,17,117.10297727272729,113.738,10.306928808553385,110.775,3,23.670666666666666,3,11.25,44,7004.0
71,2017,Spa,22,GRO,HaasF1Team,7,11,116.23575,111.658,14.825396933585692,109.087,2,22.8405,3,15.0,44,7004.0
71,2017,Spa,25,SAI,ToroRosso,10,13,116.41515909090911,112.4645,14.075171585460263,109.709,2,24.2325,3,15.0,44,7004.0
71,2017,Spa,27,VER,RedBull,19,5,111.90457142857144,111.332,1.6607419885042205,111.022,0,0.0,1,8.0,44,7004.0
71,2017,Spa,30,PAL,Renault,13,14,116.72861363636365,112.428,12.995032383999861,109.283,2,25.438000000000002,2,15.0,44,7004.0
71,2017,Spa,31,WEH,Sauber,20,18,131.15449999999998,131.15449999999998,2.44729656968663,129.424,0,0.0,1,3.0,44,7004.0
71,2017,Spa,33,VAN,McLaren,14,20,116.81586363636369,113.2355,12.206695220801194,109.907,2,26.5405,2,15.0,44,7004.0
71,2017,Spa,34,OCO,ForceIndia,9,9,116.38577272727274,111.35050000000001,14.703197721906324,109.721,3,25.403333333333336,2,11.25,44,7004.0
71,2017,Spa,36,STR,Williams,11,15,116.63224999999998,112.1685,13.70727349125104,110.543,2,23.903,3,15.0,44,7004.0
72,2017,Monza,1,HAM,Mercedes,1,1,85.515320754717,85.021,2.953758477793654,83.488,1,23.725,2,27.0,53,5793.0
72,2017,Monza,2,RIC,RedBull,4,16,86.27635849056604,85.636,3.3378989827454437,83.361,1,23.951,2,27.0,53,5793.0
72,2017,Monza,4,MAG,HaasF1Team,11,9,87.7136153846154,86.8885,3.1631870138302842,86.037,1,24.384,2,26.5,53,5793.0
72,2017,Monza,5,ALO,McLaren,17,19,88.36030000000001,87.52799999999999,3.628888969514116,85.871,1,24.442,2,25.5,53,5793.0
72,2017,Monza,7,HUL,Renault,13,14,87.78290384615381,86.93799999999999,3.165516872329783,86.131,1,24.418,2,26.5,53,5793.0
72,2017,Monza,8,KVY,ToroRosso,12,8,87.7306346153846,86.90950000000001,3.3050956559907423,85.894,1,25.826,2,26.5,53,5793.0
72,2017,Monza,9,MAS,Williams,8,7,86.92728301886794,86.175,3.0206393641677822,85.477,1,25.078,2,27.0,53,5793.0
72,2017,Monza,11,RAI,Ferrari,5,5,86.64894339622641,85.943,3.0863580131274366,85.054,1,25.367,2,27.0,53,5793.0
72,2017,Monza,12,VET,Ferrari,3,6,86.20054716981132,85.777,3.045953668810461,83.897,1,24.307,2,27.0,53,5793.0
72,2017,Monza,15,BOT,Mercedes,2,4,85.59967924528301,85.187,2.9524174890677752,83.722,1,23.728,2,27.0,53,5793.0
72,2017,Monza,16,PER,ForceIndia,9,10,86.93562264150944,86.437,3.22949444261205,84.968,1,25.377,2,27.0,53,5793.0
72,2017,Monza,19,ERI,Sauber,18,11,90.01471428571429,88.525,4.919638041394238,87.663,1,25.31,2,25.0,53,5793.0
72,2017,Monza,22,GRO,HaasF1Team,15,20,88.38432692307691,86.9985,5.466497558555415,85.02,2,28.869999999999997,2,17.666666666666668,53,5793.0
72,2017,Monza,25,SAI,ToroRosso,14,15,87.80246153846153,86.8765,3.2725481494774935,86.21,1,24.865,2,26.5,53,5793.0
72,2017,Monza,27,VER,RedBull,10,13,87.51303846153846,85.747,7.05925693184943,84.351,2,32.030499999999996,2,17.666666666666668,53,5793.0
72,2017,Monza,30,PAL,Renault,20,17,89.40141379310344,87.474,5.3741427390610825,85.752,1,31.008,2,15.0,53,5793.0
72,2017,Monza,31,WEH,Sauber,16,12,89.05501960784314,88.265,3.6246876306252718,86.547,1,25.212,2,26.0,53,5793.0
72,2017,Monza,33,VAN,McLaren,19,18,88.47993939393942,87.491,3.561421441462962,86.912,0,0.0,1,34.0,53,5793.0
72,2017,Monza,34,OCO,ForceIndia,6,3,86.86490566037735,86.089,2.9094844260700667,85.652,1,24.432,2,27.0,53,5793.0
72,2017,Monza,36,STR,Williams,7,2,86.91449056603773,86.258,3.197247467760605,85.625,1,26.131,2,27.0,53,5793.0
73,2017,Singapore,1,HAM,Mercedes,1,5,127.64731034482759,120.69399999999999,28.242732709841313,105.008,4,26.90325,2,29.5,58,5063.0
73,2017,Singapore,2,RIC,RedBull,2,3,127.72501724137932,121.26750000000001,27.36748015148276,105.301,5,27.655399999999997,2,19.666666666666668,58,5063.0
73,2017,Singapore,4,MAG,HaasF1Team,13,16,132.38016000000002,124.981,25.380395227266362,107.585,6,29.188,3,12.75,58,5063.0
73,2017,Singapore,5,ALO,McLaren,17,8,164.39237500000002,162.4695,29.142437778889196,133.579,3,30.61066666666667,1,9.0,58,5063.0
73,2017,Singapore,7,HUL,Renault,14,7,132.91322916666667,124.1785,27.933170679730594,108.011,6,35.029333333333334,3,12.25,58,5063.0
73,2017,Singapore,8,KVY,ToroRosso,16,13,154.8837,132.22500000000002,30.981589597874265,130.512,3,28.365,1,11.0,58,5063.0
73,2017,Singapore,9,MAS,Williams,11,17,128.4496551724138,122.23599999999999,24.42160268427282,107.055,6,30.731499999999997,3,14.75,58,5063.0
73,2017,Singapore,11,RAI,Ferrari,20,4,,,,,0,0.0,1,1.0,58,5063.0
73,2017,Singapore,12,VET,Ferrari,18,1,,,,,0,0.0,1,1.0,58,5063.0
73,2017,Singapore,15,BOT,Mercedes,3,6,127.7990344827586,122.10249999999999,26.040798267715264,105.405,4,27.583,2,29.5,58,5063.0
73,2017,Singapore,16,PER,ForceIndia,5,12,128.0845344827586,122.2125,25.35591798475589,106.731,5,28.1252,3,19.666666666666668,58,5063.0
73,2017,Singapore,19,ERI,Sauber,15,20,139.8957714285714,131.898,23.821847339198968,112.496,6,36.5,4,7.2,58,5063.0
73,2017,Singapore,22,GRO,HaasF1Team,9,15,128.39355172413792,124.31450000000001,24.821870240104307,107.637,4,31.513000000000005,2,29.5,58,5063.0
73,2017,Singapore,25,SAI,ToroRosso,4,10,128.04079310344827,121.636,25.37427707085906,106.537,4,28.897500000000004,2,29.5,58,5063.0
73,2017,Singapore,27,VER,RedBull,19,2,,,,,0,0.0,1,1.0,58,5063.0
73,2017,Singapore,30,PAL,Renault,6,11,128.11729310344828,121.918,25.364826505407546,106.722,5,28.431400000000004,3,19.666666666666668,58,5063.0
73,2017,Singapore,31,WEH,Sauber,12,19,133.76532142857144,129.1525,25.346952856924812,109.061,6,34.961999999999996,3,11.4,58,5063.0
73,2017,Singapore,33,VAN,McLaren,7,9,128.17124137931035,122.2435,25.2136137373265,106.722,5,29.8348,3,19.666666666666668,58,5063.0
73,2017,Singapore,34,OCO,ForceIndia,10,14,128.4196379310345,123.792,25.104596440603338,107.677,6,28.772000000000002,3,14.75,58,5063.0
73,2017,Singapore,36,STR,Williams,8,18,128.36620689655172,123.583,24.923491864672027,107.512,4,30.423250000000003,2,29.5,58,5063.0
74,2017,KualaLumpur,1,HAM,Mercedes,2,1,96.67964285714287,96.158,2.5879745918984005,94.452,1,23.489,2,28.5,56,5543.0
74,2017,KualaLumpur,2,RIC,RedBull,3,4,96.85373214285714,96.5795,2.930530721348308,94.77,1,24.199,2,28.5,56,5543.0
74,2017,KualaLumpur,4,MAG,HaasF1Team,12,17,99.14852727272726,98.549,3.020196423919683,97.192,1,23.766,2,28.0,56,5543.0
74,2017,KualaLumpur,5,ALO,McLaren,11,10,99.0964909090909,98.465,3.2610350428723933,96.501,1,25.798000000000002,2,28.0,56,5543.0
74,2017,KualaLumpur,7,HUL,Renault,16,8,99.30058181818183,98.36,4.047065570174632,94.266,2,25.293,2,18.666666666666668,56,5543.0
74,2017,KualaLumpur,9,MAS,Williams,9,11,98.74654545454544,98.25,2.9569774033016167,96.944,1,23.791,2,28.0,56,5543.0
74,2017,KualaLumpur,11,RAI,Ferrari,20,2,,,,,0,0.0,1,1.0,56,5543.0
74,2017,KualaLumpur,12,VET,Ferrari,4,20,97.11878571428574,96.5515,3.493339791474813,94.08,1,23.695,2,28.5,56,5543.0
74,2017,KualaLumpur,15,BOT,Mercedes,5,5,97.45198214285712,97.374,2.8262244940174903,95.284,1,23.676,2,28.5,56,5543.0
74,2017,KualaLumpur,16,PER,ForceIndia,6,9,97.8557142857143,97.72200000000001,2.9865977646466244,95.591,1,24.314,2,28.5,56,5543.0
74,2017,KualaLumpur,19,ERI,Sauber,18,19,100.09835185185183,99.947,3.35947230333624,96.63,1,24.719,2,27.5,56,5543.0
74,2017,KualaLumpur,22,GRO,HaasF1Team,13,16,99.16349090909091,98.612,4.328394107615635,95.796,2,24.6655,2,18.666666666666668,56,5543.0
74,2017,KualaLumpur,25,SAI,ToroRosso,19,14,99.81693103448276,98.669,3.577890109817662,98.123,0,0.0,1,30.0,56,5543.0
74,2017,KualaLumpur,27,VER,RedBull,1,3,96.45160714285714,96.154,2.666461718720634,94.467,1,23.652,2,28.5,56,5543.0
74,2017,KualaLumpur,30,PAL,Renault,15,12,99.29841818181818,98.415,3.4536996303529817,97.186,1,25.558,2,28.0,56,5543.0
74,2017,KualaLumpur,31,WEH,Sauber,17,18,99.45703636363638,99.214,3.7046166791442716,96.395,1,25.06,2,28.0,56,5543.0
74,2017,KualaLumpur,33,VAN,McLaren,7,7,98.4580909090909,98.163,3.031983419239865,95.931,1,24.58,2,28.0,56,5543.0
74,2017,KualaLumpur,34,OCO,ForceIndia,10,6,99.04669090909093,97.982,3.683350979710005,97.075,1,24.456,2,28.0,56,5543.0
74,2017,KualaLumpur,36,STR,Williams,8,13,98.63369090909089,98.093,3.086305605668773,96.627,1,24.109,2,28.0,56,5543.0
74,2017,KualaLumpur,38,GAS,ToroRosso,14,15,99.19041818181817,98.388,3.3504808095583627,97.17,1,25.044,2,28.0,56,5543.0
75,2017,Suzuka,1,HAM,Mercedes,1,1,99.0791320754717,94.967,11.568477005735053,93.78,1,22.724,2,27.0,53,5807.0
75,2017,Suzuka,2,RIC,RedBull,3,3,99.26175471698114,95.548,11.10485364068284,93.694,1,23.796,2,27.0,53,5807.0
75,2017,Suzuka,4,MAG,HaasF1Team,8,12,100.75749056603773,96.874,10.585141254140241,95.338,1,23.065,2,27.0,53,5807.0
75,2017,Suzuka,5,ALO,McLaren,11,20,101.07240384615383,97.1845,10.604541182741267,95.111,1,24.636,2,26.5,53,5807.0
75,2017,Suzuka,7,HUL,Renault,17,11,100.8182,96.86,10.337098527100066,95.883,1,23.199,2,20.5,53,5807.0
75,2017,Suzuka,9,MAS,Williams,10,8,101.05586538461537,96.869,10.631323109564242,95.943,1,22.956,2,26.5,53,5807.0
75,2017,Suzuka,11,RAI,Ferrari,5,10,99.69464150943396,95.917,10.646291400321124,93.175,1,23.699,2,27.0,53,5807.0
75,2017,Suzuka,12,VET,Ferrari,19,2,119.63975,115.18,22.691850216542505,99.494,0,0.0,1,5.0,53,5807.0
75,2017,Suzuka,15,BOT,Mercedes,4,6,99.27875471698113,95.695,10.946784181642046,93.144,1,22.876,2,27.0,53,5807.0
75,2017,Suzuka,16,PER,ForceIndia,7,7,100.42675471698112,96.581,10.621933381715513,94.744,1,23.634,2,27.0,53,5807.0
75,2017,Suzuka,19,ERI,Sauber,18,16,110.76542857142856,99.777,17.81018394867707,98.596,0,0.0,1,8.0,53,5807.0
75,2017,Suzuka,22,GRO,HaasF1Team,9,13,100.77503773584904,96.993,10.488852131525649,95.347,1,22.781,2,27.0,53,5807.0
75,2017,Suzuka,25,SAI,ToroRosso,20,19,,,,,0,0.0,1,1.0,53,5807.0
75,2017,Suzuka,27,VER,RedBull,2,4,99.10198113207548,95.215,11.543300720282215,93.73,1,22.62,2,27.0,53,5807.0
75,2017,Suzuka,30,PAL,Renault,12,18,101.08461538461542,97.3415,10.757039114730274,94.095,1,25.618,2,26.5,53,5807.0
75,2017,Suzuka,31,WEH,Sauber,15,17,103.47903921568629,98.548,10.977865118429511,96.43,3,24.764666666666667,2,17.333333333333332,53,5807.0
75,2017,Suzuka,33,VAN,McLaren,14,9,101.38907692307693,97.4195,10.948667258578318,93.724,2,23.4145,2,17.666666666666668,53,5807.0
75,2017,Suzuka,34,OCO,ForceIndia,6,5,100.35815094339623,96.171,10.830943975473923,94.843,1,24.078,2,27.0,53,5807.0
75,2017,Suzuka,36,STR,Williams,16,15,100.66306666666667,97.199,10.255820753911587,94.548,2,23.1055,2,15.333333333333334,53,5807.0
75,2017,Suzuka,38,GAS,ToroRosso,13,14,101.13459615384615,97.17099999999999,10.891726904001837,94.533,2,23.878500000000003,2,17.666666666666668,53,5807.0
76,2017,Austin,1,HAM,Mercedes,1,1,100.5534107142857,100.2735,2.6374664963096404,98.776,1,23.402,2,28.5,56,5513.0
76,2017,Austin,2,RIC,RedBull,18,4,102.93985714285715,101.439,4.8782904612349425,100.102,1,23.604,2,7.5,56,5513.0
76,2017,Austin,4,MAG,HaasF1Team,16,17,103.57638181818182,102.49,4.669638678586619,97.893,2,25.189999999999998,3,28.0,56,5513.0
76,2017,Austin,5,ALO,McLaren,17,8,104.17745833333333,102.451,5.432549909566183,101.537,1,23.796,2,12.5,56,5513.0
76,2017,Austin,7,HUL,Renault,20,18,107.46466666666667,105.292,4.676250777421299,104.27,0,0.0,1,4.0,56,5513.0
76,2017,Austin,8,KVY,ToroRosso,10,11,102.55387272727272,101.596,3.0438367117744884,100.971,1,24.883,2,28.0,56,5513.0
76,2017,Austin,9,MAS,Williams,9,10,102.44203636363636,102.53,2.857658164273394,100.131,1,23.772,2,28.0,56,5513.0
76,2017,Austin,11,RAI,Ferrari,3,5,100.83517857142859,100.12950000000001,2.6315173231574827,98.809,1,23.575,2,28.5,56,5513.0
76,2017,Austin,12,VET,Ferrari,2,2,100.73453571428571,100.3425,3.5882725596500693,97.766,2,23.96,3,19.0,56,5513.0
76,2017,Austin,15,BOT,Mercedes,5,3,101.17782142857142,100.2955,3.592667705237953,97.767,2,23.3565,2,19.0,56,5513.0
76,2017,Austin,16,PER,ForceIndia,8,9,102.43250909090908,101.671,2.7136258433152523,100.851,1,24.326,2,28.0,56,5513.0
76,2017,Austin,19,ERI,Sauber,15,13,103.19641818181817,102.847,3.2512437830314016,101.041,1,25.841,2,28.0,56,5513.0
76,2017,Austin,22,GRO,HaasF1Team,14,12,103.16412727272727,102.234,3.1754917615931757,101.259,1,24.897,2,28.0,56,5513.0
76,2017,Austin,25,SAI,ToroRosso,7,7,102.213125,101.58500000000001,2.8829212524325523,100.462,1,24.525,2,28.5,56,5513.0
76,2017,Austin,27,VER,RedBull,4,16,100.76355357142857,99.66999999999999,3.804253752743072,98.06,2,23.874,2,19.0,56,5513.0
76,2017,Austin,31,WEH,Sauber,19,14,114.59959999999998,109.362,11.120194840918932,107.073,1,31.334,1,3.0,56,5513.0
76,2017,Austin,33,VAN,McLaren,12,20,102.9784,102.673,2.9859271629130926,100.349,1,23.578,2,28.0,56,5513.0
76,2017,Austin,34,OCO,ForceIndia,6,6,102.17805357142856,101.79249999999999,2.876757040454615,100.499,1,24.502,2,28.5,56,5513.0
76,2017,Austin,36,STR,Williams,11,15,102.94852727272728,102.452,4.106843393809833,99.666,2,24.723,3,18.666666666666668,56,5513.0
76,2017,Austin,39,HAR,ToroRosso,13,19,103.0471090909091,102.481,4.237262702512202,99.979,2,24.3145,2,18.666666666666668,56,5513.0
77,2017,MexicoCity,1,HAM,Mercedes,9,3,83.36394285714286,81.8035,7.34592688853897,79.945,2,26.299,3,23.666666666666668,71,4304.0
77,2017,MexicoCity,2,RIC,RedBull,20,16,89.4416,84.567,9.425352343546635,82.789,0,0.0,1,6.0,71,4304.0
77,2017,MexicoCity,4,MAG,HaasF1Team,8,14,83.35518571428572,82.3895,5.6522114417634475,81.214,1,22.507,2,35.5,71,4304.0
77,2017,MexicoCity,5,ALO,McLaren,10,18,83.40511428571428,82.1935,4.6298293941174045,81.014,1,22.655,2,35.5,71,4304.0
77,2017,MexicoCity,7,HUL,Renault,19,7,83.69737500000001,82.67,3.849250359683265,81.691,1,22.587,2,12.5,71,4304.0
77,2017,MexicoCity,9,MAS,Williams,11,10,83.46921428571429,82.7345,4.405440739907466,81.136,1,22.055,2,35.5,71,4304.0
77,2017,MexicoCity,11,RAI,Ferrari,3,5,82.26139436619717,81.186,5.225724363948774,80.054,1,22.54,2,36.0,71,4304.0
77,2017,MexicoCity,12,VET,Ferrari,4,1,82.48774647887323,80.785,5.8440388155509355,78.785,2,27.208,2,24.0,71,4304.0
77,2017,MexicoCity,15,BOT,Mercedes,2,4,81.77788732394366,80.999,5.2822449030401994,79.374,1,21.758,2,36.0,71,4304.0
77,2017,MexicoCity,16,PER,ForceIndia,7,9,82.8819857142857,81.86850000000001,4.894606275687132,79.929,2,22.7155,2,23.666666666666668,71,4304.0
77,2017,MexicoCity,19,ERI,Sauber,17,12,84.47783636363636,83.232,4.994781042039027,81.686,1,22.736,2,28.0,71,4304.0
77,2017,MexicoCity,22,GRO,HaasF1Team,15,15,84.26185507246376,83.091,6.5610743477218865,80.345,2,25.898,3,23.333333333333332,71,4304.0
77,2017,MexicoCity,25,SAI,ToroRosso,16,8,84.6030847457627,82.934,6.581517612139408,81.36,2,22.9435,2,20.0,71,4304.0
77,2017,MexicoCity,27,VER,RedBull,1,2,81.5007323943662,80.804,5.623254410945792,78.892,1,22.57,2,36.0,71,4304.0
77,2017,MexicoCity,31,WEH,Sauber,14,13,84.06885507246379,83.115,4.7155486340259065,81.638,1,23.358,2,35.0,71,4304.0
77,2017,MexicoCity,33,VAN,McLaren,12,19,83.47757142857145,82.438,6.1054906545260685,80.972,1,28.044,2,35.5,71,4304.0
77,2017,MexicoCity,34,OCO,ForceIndia,5,6,82.81964285714284,81.84899999999999,4.175197872723821,80.946,1,22.665,2,35.5,71,4304.0
77,2017,MexicoCity,36,STR,Williams,6,11,82.84002857142855,81.981,4.65863682858206,81.062,1,21.825,2,35.5,71,4304.0
77,2017,MexicoCity,38,GAS,ToroRosso,13,20,83.73558571428573,82.708,6.038989630179554,80.859,1,22.709,2,35.5,71,4304.0
77,2017,MexicoCity,39,HAR,ToroRosso,18,17,83.95000000000002,83.24199999999999,2.491166822581546,82.572,0,0.0,1,31.0,71,4304.0
78,2017,SaoPaulo,1,HAM,Mercedes,4,20,77.34830985915494,73.48,13.782760189652608,71.845,4,20.115,2,36.0,71,4309.0
78,2017,SaoPaulo,2,RIC,RedBull,6,14,77.95708450704225,74.086,13.780869902820756,72.029,4,21.372,2,36.0,71,4309.0
78,2017,SaoPaulo,4,MAG,HaasF1Team,20,13,,,,,0,0.0,1,1.0,71,4309.0
78,2017,SaoPaulo,5,ALO,McLaren,8,6,78.24823943661971,74.448,13.24454164278875,73.451,4,19.32875,2,36.0,71,4309.0
78,2017,SaoPaulo,7,HUL,Renault,10,7,78.62685714285716,74.5775,13.335087565707743,73.758,4,19.8955,2,35.5,71,4309.0
78,2017,SaoPaulo,9,MAS,Williams,7,9,78.2414647887324,74.4,13.240664953987109,73.452,4,19.2485,2,36.0,71,4309.0
78,2017,SaoPaulo,11,RAI,Ferrari,3,3,77.33608450704226,73.438,13.44727518734502,72.492,4,19.73,2,36.0,71,4309.0
78,2017,SaoPaulo,12,VET,Ferrari,1,2,77.2712957746479,73.514,13.419469168120058,72.539,4,19.373,2,36.0,71,4309.0
78,2017,SaoPaulo,15,BOT,Mercedes,2,1,77.3101971830986,73.491,13.431358217267656,72.466,4,19.348,2,36.0,71,4309.0
78,2017,SaoPaulo,16,PER,ForceIndia,9,5,78.2501690140845,74.658,13.26401691471642,73.052,4,19.368250000000003,2,36.0,71,4309.0
78,2017,SaoPaulo,19,ERI,Sauber,13,17,79.20782857142858,75.575,13.305801905447037,73.666,4,20.20475,2,35.5,71,4309.0
78,2017,SaoPaulo,22,GRO,HaasF1Team,15,11,79.81228985507245,76.036,13.780993354127752,73.532,4,24.39975,2,35.0,71,4309.0
78,2017,SaoPaulo,25,SAI,ToroRosso,11,8,78.72037142857144,74.81700000000001,13.34766723598735,73.625,4,19.92725,2,35.5,71,4309.0
78,2017,SaoPaulo,27,VER,RedBull,5,4,77.73523943661972,73.727,13.508594302955848,71.044,5,20.1162,2,24.0,71,4309.0
78,2017,SaoPaulo,31,WEH,Sauber,14,15,79.33435714285716,75.6265,13.266994333258623,74.812,3,21.454333333333334,2,71.0,71,4309.0
78,2017,SaoPaulo,33,VAN,McLaren,19,12,,,,,0,0.0,1,1.0,71,4309.0
78,2017,SaoPaulo,34,OCO,ForceIndia,18,10,,,,,0,0.0,1,1.0,71,4309.0
78,2017,SaoPaulo,36,STR,Williams,16,16,80.1786811594203,75.517,14.374747944074336,71.862,5,20.9166,2,23.333333333333332,71,4309.0
78,2017,SaoPaulo,38,GAS,ToroRosso,12,19,78.9586,75.448,13.325673135130842,73.323,4,20.06,2,35.5,71,4309.0
78,2017,SaoPaulo,39,HAR,ToroRosso,17,18,82.520875,75.781,16.981300691911162,74.658,4,20.23575,2,20.5,71,4309.0
79,2017,YasMarina,1,HAM,Mercedes,2,2,102.87201818181816,102.505,2.7022882860910284,101.473,1,21.274,2,28.0,55,5554.0
79,2017,YasMarina,2,RIC,RedBull,20,4,104.70729999999999,103.24350000000001,4.891529403495718,102.757,1,23.477,2,10.5,55,5554.0
79,2017,YasMarina,4,MAG,HaasF1Team,13,14,106.08116666666666,105.269,3.508543071009972,103.928,1,21.875,2,27.5,55,5554.0
79,2017,YasMarina,5,ALO,McLaren,9,11,104.92137037037035,104.28049999999999,3.137503401764952,101.669,1,22.541,2,27.5,55,5554.0
79,2017,YasMarina,7,HUL,Renault,6,7,104.35954545454545,103.806,4.016161424277988,102.376,1,29.724,2,28.0,55,5554.0
79,2017,YasMarina,9,MAS,Williams,10,10,104.98438888888887,104.3165,3.306536222288844,103.026,1,21.449,2,27.5,55,5554.0
79,2017,YasMarina,11,RAI,Ferrari,4,5,103.62632727272728,103.182,2.891312050331228,102.338,1,21.609,2,28.0,55,5554.0
79,2017,YasMarina,12,VET,Ferrari,3,3,103.15258181818182,102.932,2.8549976175050644,100.77,1,21.221,2,28.0,55,5554.0
79,2017,YasMarina,15,BOT,Mercedes,1,1,102.80112727272727,102.439,2.7886010102940135,100.65,1,21.478,2,28.0,55,5554.0
79,2017,YasMarina,16,PER,ForceIndia,7,8,104.47498181818182,104.142,3.042433428413837,102.689,1,21.869,2,28.0,55,5554.0
79,2017,YasMarina,19,ERI,Sauber,17,19,106.23196296296294,105.64,3.505706022413104,103.567,1,22.176,2,27.5,55,5554.0
79,2017,YasMarina,22,GRO,HaasF1Team,11,16,105.13162962962963,104.613,3.361736850601253,102.437,1,21.85,2,27.5,55,5554.0
79,2017,YasMarina,25,SAI,ToroRosso,19,12,105.18332258064517,105.088,1.9496779971249396,103.378,1,21.956,1,32.0,55,5554.0
79,2017,YasMarina,27,VER,RedBull,5,6,103.64238181818182,103.177,2.9087132097716917,102.028,1,21.269,2,28.0,55,5554.0
79,2017,YasMarina,31,WEH,Sauber,14,18,106.10909259259259,105.5155,3.703442418342942,103.867,1,22.959,2,27.5,55,5554.0
79,2017,YasMarina,33,VAN,McLaren,12,13,106.06835185185183,105.345,3.366577071114105,103.986,1,22.125,2,27.5,55,5554.0
79,2017,YasMarina,34,OCO,ForceIndia,8,9,104.5995090909091,104.51,3.1427678875930685,102.609,1,21.865,2,28.0,55,5554.0
79,2017,YasMarina,36,STR,Williams,18,15,106.38340740740742,105.584,5.1631757761128405,102.324,3,21.688,2,13.75,55,5554.0
79,2017,YasMarina,38,GAS,ToroRosso,16,17,106.18446296296298,105.336,3.6707403433658587,103.844,1,21.519,2,27.5,55,5554.0
79,2017,YasMarina,39,HAR,ToroRosso,15,20,106.1485,105.731,3.336106507903408,103.897,1,21.598,2,27.5,55,5554.0
80,2018,Melbourne,1,HAM,Mercedes,2,1,92.72963793103449,88.07300000000001,13.008674248696963,86.444,1,21.821,2,29.5,58,5303.0
80,2018,Melbourne,2,RIC,RedBull,4,8,92.76468965517239,89.31450000000001,12.157699937144589,85.945,1,21.44,2,29.5,58,5303.0
80,2018,Melbourne,4,MAG,HaasF1Team,17,5,91.43031818181818,90.4455,3.8640324654354803,89.534,1,21.983,1,23.0,58,5303.0
80,2018,Melbourne,5,ALO,McLaren,5,10,93.12360344827586,89.401,11.767294006843573,86.978,1,22.573,2,29.5,58,5303.0
80,2018,Melbourne,7,HUL,Renault,7,7,93.20610344827587,89.8395,10.425485865558995,87.081,1,22.628,2,29.5,58,5303.0
80,2018,Melbourne,11,RAI,Ferrari,3,2,92.75158620689655,88.37100000000001,12.71416982827674,86.373,1,21.421,2,29.5,58,5303.0
80,2018,Melbourne,12,VET,Ferrari,1,3,92.64281034482758,88.5015,13.366048960820436,86.469,1,21.787,2,29.5,58,5303.0
80,2018,Melbourne,15,BOT,Mercedes,8,15,93.23486206896553,90.07900000000001,10.34682961434857,87.019,1,21.664,2,29.5,58,5303.0
80,2018,Melbourne,16,PER,ForceIndia,11,12,93.44999999999999,90.3905,9.691896479452364,87.633,1,22.327,2,29.5,58,5303.0
80,2018,Melbourne,19,ERI,Sauber,19,17,95.01919999999998,92.746,5.41114356675186,92.21,0,0.0,1,6.0,58,5303.0
80,2018,Melbourne,22,GRO,HaasF1Team,16,6,91.36991666666667,90.2085,4.164258239879679,88.805,1,23.054,1,25.0,58,5303.0
80,2018,Melbourne,25,SAI,Renault,10,9,93.43112068965517,90.10249999999999,10.17835994626368,87.944,1,23.868,2,29.5,58,5303.0
80,2018,Melbourne,27,VER,RedBull,6,4,93.14186206896552,89.7835,10.650210136215788,86.88,1,20.953,2,29.5,58,5303.0
80,2018,Melbourne,33,VAN,McLaren,9,11,93.24489655172415,90.064,10.49530330494526,86.958,1,22.474,2,29.5,58,5303.0
80,2018,Melbourne,34,OCO,ForceIndia,12,14,93.68208620689656,90.569,9.424183494409352,87.6,1,21.854,2,29.5,58,5303.0
80,2018,Melbourne,36,STR,Williams,14,13,93.99260344827586,90.97399999999999,9.404683829226114,88.511,2,23.450499999999998,3,19.666666666666668,58,5303.0
80,2018,Melbourne,38,GAS,ToroRosso,18,20,93.18853846153846,91.537,4.081027272950294,90.649,0,0.0,1,14.0,58,5303.0
80,2018,Melbourne,39,HAR,ToroRosso,15,16,94.66243859649124,91.018,10.703745000528594,88.176,2,22.2545,3,29.0,58,5303.0
80,2018,Melbourne,40,LEC,Sauber,13,18,93.94900000000001,90.2895,9.96922831833828,88.759,2,22.539,3,19.666666666666668,58,5303.0
80,2018,Melbourne,41,SIR,Williams,20,19,96.53675,93.53999999999999,6.671631003735145,92.573,0,0.0,1,5.0,58,5303.0
81,2018,Sakhir,1,HAM,Mercedes,3,9,96.9903859649123,95.385,5.937970037799069,93.953,1,24.302,2,29.0,57,5412.0
81,2018,Sakhir,2,RIC,RedBull,20,4,98.684,98.684,,98.684,0,0.0,1,2.0,57,5412.0
81,2018,Sakhir,4,MAG,HaasF1Team,5,6,98.19273684210525,96.233,6.418795780268835,94.327,2,24.8675,2,19.333333333333332,57,5412.0
81,2018,Sakhir,5,ALO,McLaren,7,13,98.63482142857141,96.758,6.4769622456186084,94.168,2,24.787,3,19.0,57,5412.0
81,2018,Sakhir,7,HUL,Renault,6,7,98.61340350877192,96.691,6.453766635128802,94.667,2,24.418,2,19.333333333333332,57,5412.0
81,2018,Sakhir,11,RAI,Ferrari,18,2,98.10654285714286,96.028,7.283371610742381,94.337,1,25.018,2,18.0,57,5412.0
81,2018,Sakhir,12,VET,Ferrari,1,1,96.87614035087721,95.369,5.9794983020514,94.453,1,24.524,2,29.0,57,5412.0
81,2018,Sakhir,15,BOT,Mercedes,2,3,96.88840350877192,95.344,5.987368480093407,93.74,1,26.105,2,29.0,57,5412.0
81,2018,Sakhir,16,PER,ForceIndia,16,12,99.13339285714285,97.413,6.218566557067259,95.075,2,24.8345,3,19.0,57,5412.0
81,2018,Sakhir,19,ERI,Sauber,9,17,98.88492857142856,97.844,5.671245153826908,95.093,1,25.194,2,28.5,57,5412.0
81,2018,Sakhir,22,GRO,HaasF1Team,13,16,99.26867857142857,97.269,6.760068477617511,94.053,3,25.600333333333335,2,14.25,57,5412.0
81,2018,Sakhir,25,SAI,Renault,11,10,99.1125892857143,97.371,6.142817576137299,95.535,2,25.5375,2,19.0,57,5412.0
81,2018,Sakhir,27,VER,RedBull,19,15,136.29066666666665,128.112,37.40276750901373,103.654,1,30.381,2,2.0,57,5412.0
81,2018,Sakhir,33,VAN,McLaren,8,14,98.80587500000001,97.263,6.242364738586288,95.131,2,25.106,3,19.0,57,5412.0
81,2018,Sakhir,34,OCO,ForceIndia,10,8,98.994375,97.227,6.19966695458129,95.043,2,24.6575,3,19.0,57,5412.0
81,2018,Sakhir,36,STR,Williams,14,20,99.6239107142857,97.6635,6.674016400875552,95.266,2,29.125,3,19.0,57,5412.0
81,2018,Sakhir,38,GAS,ToroRosso,4,5,97.9679649122807,96.089,6.4817031353233965,94.863,2,24.896,2,19.333333333333332,57,5412.0
81,2018,Sakhir,39,HAR,ToroRosso,17,11,99.13387499999999,97.1115,7.116597333155272,94.689,2,30.799500000000002,2,19.0,57,5412.0
81,2018,Sakhir,40,LEC,Sauber,12,19,99.20669642857145,97.67850000000001,6.741039587804736,95.058,2,25.351,3,19.0,57,5412.0
81,2018,Sakhir,41,SIR,Williams,15,18,99.63705357142855,97.99600000000001,6.310355156176071,94.563,2,25.1825,3,19.0,57,5412.0
82,2018,Shanghai,1,HAM,Mercedes,4,4,102.73866071428571,98.586,13.932515279376688,96.878,1,22.464,2,28.5,56,5451.0
82,2018,Shanghai,2,RIC,RedBull,1,6,102.43535714285714,97.9965,13.767901602084295,95.785,2,22.866500000000002,3,19.0,56,5451.0
82,2018,Shanghai,4,MAG,HaasF1Team,10,11,103.14239285714287,99.961,10.558185229184334,98.152,1,22.973,2,28.5,56,5451.0
82,2018,Shanghai,5,ALO,McLaren,7,13,102.98248214285715,100.1745,9.920161173527688,97.234,1,24.11,2,28.5,56,5451.0
82,2018,Shanghai,7,HUL,Renault,6,7,102.81128571428573,99.56649999999999,11.501273312455114,96.881,2,23.4755,3,19.0,56,5451.0
82,2018,Shanghai,11,RAI,Ferrari,3,2,102.60744642857142,99.21,12.850825809926686,96.456,1,22.913,2,28.5,56,5451.0
82,2018,Shanghai,12,VET,Ferrari,8,1,103.06546428571427,98.62950000000001,14.506373770254843,97.479,1,23.009,2,28.5,56,5451.0
82,2018,Shanghai,15,BOT,Mercedes,2,3,102.59417857142857,98.507,14.707109711857845,96.987,1,22.097,2,28.5,56,5451.0
82,2018,Shanghai,16,PER,ForceIndia,12,8,103.23401785714285,99.975,9.847902055289971,97.673,2,22.595,2,19.0,56,5451.0
82,2018,Shanghai,19,ERI,Sauber,16,20,103.5532857142857,101.14150000000001,11.039884992342804,98.386,1,22.785,2,28.5,56,5451.0
82,2018,Shanghai,22,GRO,HaasF1Team,17,10,103.60135714285714,100.055,10.446888003661138,97.41,2,23.358,2,19.0,56,5451.0
82,2018,Shanghai,25,SAI,Renault,9,9,103.07398214285716,99.7355,10.91556650175431,97.754,2,23.526,3,19.0,56,5451.0
82,2018,Shanghai,27,VER,RedBull,5,5,102.62171428571428,98.31649999999999,14.261030124356104,96.206,2,22.6555,3,19.0,56,5451.0
82,2018,Shanghai,33,VAN,McLaren,13,14,103.31701785714286,100.40700000000001,9.498012897426248,98.137,1,23.73,2,28.5,56,5451.0
82,2018,Shanghai,34,OCO,ForceIndia,11,12,103.22196428571428,99.751,10.518634152543996,97.985,2,22.959,2,19.0,56,5451.0
82,2018,Shanghai,36,STR,Williams,14,18,103.42625,100.7105,9.3131813981338,98.5,1,22.661,2,28.5,56,5451.0
82,2018,Shanghai,38,GAS,ToroRosso,18,17,103.44125,100.9205,11.009882280354896,98.367,2,29.299999999999997,3,19.0,56,5451.0
82,2018,Shanghai,39,HAR,ToroRosso,20,15,104.41682352941176,100.554,11.702828143155621,99.376,2,23.621000000000002,3,17.333333333333332,56,5451.0
82,2018,Shanghai,40,LEC,Sauber,19,19,103.90991071428572,100.89500000000001,11.206613815513807,98.808,1,23.392,2,28.5,56,5451.0
82,2018,Shanghai,41,SIR,Williams,15,16,103.475375,100.985,8.599115465214483,98.624,2,23.2195,2,19.0,56,5451.0
83,2018,Baku,1,HAM,Mercedes,1,2,122.04492156862743,107.192,26.22187865950351,105.412,2,20.853,3,17.333333333333332,51,6003.0
83,2018,Baku,2,RIC,RedBull,17,4,115.82641025641024,107.697,20.51951004816475,105.419,1,19.925,2,20.0,51,6003.0
83,2018,Baku,4,MAG,HaasF1Team,13,15,122.64615686274512,111.571,22.777901793951568,108.155,2,28.692999999999998,3,26.0,51,6003.0
83,2018,Baku,5,ALO,McLaren,7,12,122.25925490196082,109.753,23.668243497854366,107.449,2,39.0405,3,26.0,51,6003.0
83,2018,Baku,7,HUL,Renault,18,14,138.90449999999996,134.889,30.422851792142474,108.867,0,0.0,1,11.0,51,6003.0
83,2018,Baku,11,RAI,Ferrari,2,6,122.09315686274509,108.332,24.68879840038599,106.523,2,25.5805,2,17.333333333333332,51,6003.0
83,2018,Baku,12,VET,Ferrari,4,1,122.14941176470587,107.24,26.67715243212923,105.53,2,20.43,3,17.333333333333332,51,6003.0
83,2018,Baku,15,BOT,Mercedes,14,3,122.96758333333332,107.193,28.18092265136593,105.149,1,20.192,2,24.5,51,6003.0
83,2018,Baku,16,PER,ForceIndia,3,8,122.12382352941178,108.871,24.412017743485183,106.206,2,27.1415,3,17.333333333333332,51,6003.0
83,2018,Baku,19,ERI,Sauber,11,18,122.40790196078433,112.089,21.043614318129762,107.925,4,29.278000000000002,3,17.333333333333332,51,6003.0
83,2018,Baku,22,GRO,HaasF1Team,15,20,118.20621428571428,108.844,20.750394180840967,106.88,2,22.241,3,14.333333333333334,51,6003.0
83,2018,Baku,25,SAI,Renault,5,9,122.19227450980391,108.854,24.04501815268887,106.856,2,21.2415,2,17.333333333333332,51,6003.0
83,2018,Baku,27,VER,RedBull,16,5,115.82041025641026,107.536,20.440690174924633,105.771,1,19.765,2,20.0,51,6003.0
83,2018,Baku,33,VAN,McLaren,9,16,122.32241176470586,111.743,20.687463027811283,107.666,4,20.932000000000002,3,10.4,51,6003.0
83,2018,Baku,34,OCO,ForceIndia,19,7,,,,,0,0.0,1,1.0,51,6003.0
83,2018,Baku,36,STR,Williams,8,10,122.29092156862745,109.422,23.443252754550198,106.815,2,20.4865,3,17.333333333333332,51,6003.0
83,2018,Baku,38,GAS,ToroRosso,12,17,122.5296274509804,111.709,21.232541910907212,108.035,2,21.0345,2,17.333333333333332,51,6003.0
83,2018,Baku,39,HAR,ToroRosso,10,19,122.39845098039216,111.34,21.05753007198491,108.288,3,21.08566666666667,3,17.333333333333332,51,6003.0
83,2018,Baku,40,LEC,Sauber,6,13,122.22449019607842,109.087,23.453091734244804,107.403,2,21.544,3,17.333333333333332,51,6003.0
83,2018,Baku,41,SIR,Williams,20,11,,,,,0,0.0,1,1.0,51,6003.0
84,2018,Catalunya,1,HAM,Mercedes,1,1,86.81775757575757,81.0595,16.269402849483683,79.133,1,22.085,2,33.5,66,4655.0
84,2018,Catalunya,2,RIC,RedBull,5,6,87.57621212121212,81.935,16.520408269787588,78.441,1,21.618,2,33.5,66,4655.0
84,2018,Catalunya,4,MAG,HaasF1Team,6,7,88.43392307692308,82.771,15.774666434971467,80.246,1,22.917,2,33.0,66,4655.0
84,2018,Catalunya,5,ALO,McLaren,8,8,89.04658461538462,83.559,15.725816093581107,80.727,1,21.721,2,33.0,66,4655.0
84,2018,Catalunya,7,HUL,Renault,20,16,,,,,0,0.0,1,1.0,66,4655.0
84,2018,Catalunya,11,RAI,Ferrari,17,4,96.40676000000002,82.723,23.43016681417356,81.531,0,0.0,1,26.0,66,4655.0
84,2018,Catalunya,12,VET,Ferrari,4,3,87.23569696969697,81.214,16.76730523275277,79.128,2,23.1635,2,22.333333333333332,66,4655.0
84,2018,Catalunya,15,BOT,Mercedes,2,2,87.12977272727274,81.253,16.23909470932175,79.478,1,23.213,2,33.5,66,4655.0
84,2018,Catalunya,16,PER,ForceIndia,9,15,89.540640625,83.781,16.29815106405923,81.128,2,22.34,2,21.666666666666668,66,4655.0
84,2018,Catalunya,19,ERI,Sauber,13,17,89.90473437499999,84.19149999999999,15.677443830398737,82.487,1,22.1,2,32.5,66,4655.0
84,2018,Catalunya,22,GRO,HaasF1Team,18,10,,,,,0,0.0,1,1.0,66,4655.0
84,2018,Catalunya,25,SAI,Renault,7,9,88.99907692307693,83.52,15.75020523904737,81.324,1,22.409,2,33.0,66,4655.0
84,2018,Catalunya,27,VER,RedBull,3,5,87.22492424242427,81.328,16.31172682393829,79.422,1,21.74,2,33.5,66,4655.0
84,2018,Catalunya,33,VAN,McLaren,15,11,92.7882,84.589,18.05639389095881,82.594,1,27.416,2,23.0,66,4655.0
84,2018,Catalunya,34,OCO,ForceIndia,16,13,92.88505263157894,84.2655,19.353310635074706,82.117,1,47.91,2,19.5,66,4655.0
84,2018,Catalunya,36,STR,Williams,11,18,89.702578125,83.59100000000001,15.731818061419636,82.095,1,21.351,2,32.5,66,4655.0
84,2018,Catalunya,38,GAS,ToroRosso,19,12,,,,,0,0.0,1,1.0,66,4655.0
84,2018,Catalunya,39,HAR,ToroRosso,12,20,89.8425,83.98349999999999,15.849529097205842,81.439,2,22.5515,2,32.5,66,4655.0
84,2018,Catalunya,40,LEC,Sauber,10,14,89.627390625,83.66550000000001,15.712049750205304,82.122,1,21.995,2,32.5,66,4655.0
84,2018,Catalunya,41,SIR,Williams,14,19,91.07001587301588,84.526,16.045441537860693,82.68,3,22.64933333333333,3,21.333333333333332,66,4655.0
85,2018,MonteCarlo,1,HAM,Mercedes,3,3,79.38230769230769,78.7955,3.827082416956006,76.27,1,23.739,2,39.5,78,3337.0
85,2018,MonteCarlo,2,RIC,RedBull,1,1,79.16419230769233,78.407,3.8443292156605966,75.562,1,24.542,2,39.5,78,3337.0
85,2018,MonteCarlo,4,MAG,HaasF1Team,13,19,80.12346153846154,79.309,4.143890197149771,77.476,1,24.237,2,39.5,78,3337.0
85,2018,MonteCarlo,5,ALO,McLaren,20,7,79.68798076923078,79.0065,2.8758809970906047,77.018,1,24.241,2,26.5,78,3337.0
85,2018,MonteCarlo,7,HUL,Renault,8,11,79.48264102564103,78.9075,4.023091180756987,76.061,1,25.213,2,39.5,78,3337.0
85,2018,MonteCarlo,11,RAI,Ferrari,4,4,79.39658974358977,78.895,3.7687809784159727,76.392,1,24.263,2,39.5,78,3337.0
85,2018,MonteCarlo,12,VET,Ferrari,2,2,79.25824358974357,78.4485,4.060527987503108,76.065,1,23.964,2,39.5,78,3337.0
85,2018,MonteCarlo,15,BOT,Mercedes,5,5,79.4055,78.732,3.8089761747745285,76.312,1,24.02,2,39.5,78,3337.0
85,2018,MonteCarlo,16,PER,ForceIndia,12,9,80.06753846153843,79.15899999999999,4.049353152424095,77.546,1,29.379,2,39.5,78,3337.0
85,2018,MonteCarlo,19,ERI,Sauber,11,16,80.0598846153846,79.28800000000001,4.056824149666668,76.936,1,24.291,2,39.5,78,3337.0
85,2018,MonteCarlo,22,GRO,HaasF1Team,15,18,80.58506493506495,79.352,5.207990958582333,74.822,2,24.6545,3,26.0,78,3337.0
85,2018,MonteCarlo,25,SAI,Renault,10,8,80.04897435897435,79.2255,3.6842886112196163,77.491,1,24.874,2,39.5,78,3337.0
85,2018,MonteCarlo,27,VER,RedBull,9,20,79.48876923076921,78.8965,4.295616790216698,74.26,1,24.111,2,39.5,78,3337.0
85,2018,MonteCarlo,33,VAN,McLaren,14,12,80.19531168831169,79.278,5.483393576253524,76.864,2,26.127499999999998,3,26.0,78,3337.0
85,2018,MonteCarlo,34,OCO,ForceIndia,6,6,79.46761538461536,78.7165,3.9720644742768445,77.027,1,24.663,2,39.5,78,3337.0
85,2018,MonteCarlo,36,STR,Williams,17,17,81.67786842105264,79.437,10.14855898781314,74.944,3,29.947666666666667,3,19.25,78,3337.0
85,2018,MonteCarlo,38,GAS,ToroRosso,7,10,79.47612820512822,78.727,3.921559739254879,77.099,1,24.296,2,39.5,78,3337.0
85,2018,MonteCarlo,39,HAR,ToroRosso,19,15,79.63727142857142,79.1135,2.8612224504162613,77.172,1,24.326,2,35.5,78,3337.0
85,2018,MonteCarlo,40,LEC,Sauber,18,14,79.66074285714286,79.29849999999999,2.903122220742941,77.71,1,23.87,2,35.5,78,3337.0
85,2018,MonteCarlo,41,SIR,Williams,16,13,80.8627012987013,79.687,5.33344796411471,75.325,3,27.514333333333337,3,26.0,78,3337.0
86,2018,Montreal,1,HAM,Mercedes,5,4,78.42552941176469,75.3965,11.199818234759855,74.183,1,23.335,2,34.5,68,4361.0
86,2018,Montreal,2,RIC,RedBull,4,6,78.41572058823532,75.43549999999999,11.18129490651398,74.159,1,23.279,2,34.5,68,4361.0
86,2018,Montreal,4,MAG,HaasF1Team,13,11,79.98143283582088,77.233,10.979174417303524,75.401,1,24.008,2,34.0,68,4361.0
86,2018,Montreal,5,ALO,McLaren,18,14,82.119675,77.1885,13.888114768201751,76.18,1,23.099,2,20.5,68,4361.0
86,2018,Montreal,7,HUL,Renault,7,7,79.63213432835819,76.664,10.99415452520596,75.588,1,24.521,2,34.0,68,4361.0
86,2018,Montreal,11,RAI,Ferrari,6,5,78.50824999999999,75.5445,11.175787585689328,74.075,1,23.645,2,34.5,68,4361.0
86,2018,Montreal,12,VET,Ferrari,1,1,78.10848529411767,75.2515,11.34883930088855,73.964,1,23.529,2,34.5,68,4361.0
86,2018,Montreal,15,BOT,Mercedes,2,2,78.21695588235295,75.33699999999999,11.324654951659411,73.992,1,23.775,2,34.5,68,4361.0
86,2018,Montreal,16,PER,ForceIndia,14,10,79.98170149253733,76.745,11.181488441081,75.1,2,23.902,2,22.666666666666668,68,4361.0
86,2018,Montreal,19,ERI,Sauber,15,19,80.62280303030303,77.929,11.376292463810186,76.403,1,23.529,2,67.0,68,4361.0
86,2018,Montreal,22,GRO,HaasF1Team,12,20,79.93740298507463,76.815,11.159197259958157,75.47,1,24.4,2,34.0,68,4361.0
86,2018,Montreal,25,SAI,Renault,8,9,79.65843283582089,76.74,11.004653046482241,75.666,1,24.416,2,34.0,68,4361.0
86,2018,Montreal,27,VER,RedBull,3,3,78.23142647058822,75.292,11.29425924485688,73.864,1,23.137,2,34.5,68,4361.0
86,2018,Montreal,33,VAN,McLaren,16,15,80.6551818181818,77.678,12.203221152200369,75.765,2,32.2725,3,33.5,68,4361.0
86,2018,Montreal,34,OCO,ForceIndia,9,8,79.71507462686567,76.798,11.001657005105313,75.61,1,25.353,2,34.0,68,4361.0
86,2018,Montreal,36,STR,Williams,20,17,,,,,0,0.0,1,1.0,68,4361.0
86,2018,Montreal,38,GAS,ToroRosso,11,16,79.9295223880597,76.836,11.06237510986953,75.699,1,24.107,2,34.0,68,4361.0
86,2018,Montreal,39,HAR,ToroRosso,19,12,,,,,0,0.0,1,1.0,68,4361.0
86,2018,Montreal,40,LEC,Sauber,10,13,79.86414925373134,76.845,10.97159561508818,75.48,1,23.666,2,34.0,68,4361.0
86,2018,Montreal,41,SIR,Williams,17,18,80.88639393939394,77.8335,10.938230723024477,75.924,1,23.531,2,33.5,68,4361.0
87,2018,LeCastellet,1,HAM,Mercedes,1,1,102.10160377358493,96.387,15.691971132176555,94.509,1,24.31,2,27.0,53,5842.0
87,2018,LeCastellet,2,RIC,RedBull,4,5,102.75700000000003,96.852,15.417261251597182,95.382,1,24.309,2,27.0,53,5842.0
87,2018,LeCastellet,4,MAG,HaasF1Team,6,9,103.59903773584908,98.572,15.161223520956174,95.425,1,25.419,2,27.0,53,5842.0
87,2018,LeCastellet,5,ALO,McLaren,16,16,105.28178,99.4425,15.927216607712083,95.133,2,25.2885,3,25.5,53,5842.0
87,2018,LeCastellet,7,HUL,Renault,9,12,103.83724528301889,98.177,15.279962328670914,95.873,1,25.016,2,27.0,53,5842.0
87,2018,LeCastellet,11,RAI,Ferrari,3,6,102.5900566037736,96.844,15.702822147645325,94.398,1,24.289,2,27.0,53,5842.0
87,2018,LeCastellet,12,VET,Ferrari,5,3,103.27018867924528,97.317,16.76985534093909,94.485,2,31.820500000000003,2,18.0,53,5842.0
87,2018,LeCastellet,15,BOT,Mercedes,7,2,103.62296226415094,98.113,19.446984132371337,94.225,2,29.310499999999998,2,18.0,53,5842.0
87,2018,LeCastellet,16,PER,ForceIndia,18,13,108.26674074074073,99.494,19.202948246383325,98.319,0,0.0,1,28.0,53,5842.0
87,2018,LeCastellet,19,ERI,Sauber,13,15,104.97746153846154,99.34700000000001,15.02320473038428,96.494,1,24.295,2,26.5,53,5842.0
87,2018,LeCastellet,22,GRO,HaasF1Team,11,10,104.2771346153846,98.73400000000001,15.56051599405146,95.695,1,29.996,2,26.5,53,5842.0
87,2018,LeCastellet,25,SAI,Renault,8,7,103.7465849056604,98.707,15.12903578379865,95.638,1,25.423,2,27.0,53,5842.0
87,2018,LeCastellet,27,VER,RedBull,2,4,102.23537735849054,96.749,15.743979385572242,94.275,1,24.395,2,27.0,53,5842.0
87,2018,LeCastellet,33,VAN,McLaren,12,17,104.58848076923078,98.85149999999999,15.226886265831375,96.675,1,24.399,2,26.5,53,5842.0
87,2018,LeCastellet,34,OCO,ForceIndia,19,11,,,,,0,0.0,1,1.0,53,5842.0
87,2018,LeCastellet,36,STR,Williams,17,19,104.78845833333334,99.80799999999999,15.331119424449655,98.319,1,26.576,2,49.0,53,5842.0
87,2018,LeCastellet,38,GAS,ToroRosso,20,14,,,,,0,0.0,1,1.0,53,5842.0
87,2018,LeCastellet,39,HAR,ToroRosso,14,20,105.00580769230767,99.477,15.051625815432125,96.839,1,24.297,2,26.5,53,5842.0
87,2018,LeCastellet,40,LEC,Sauber,10,8,103.87279245283017,98.645,15.168345929749803,95.977,1,25.026,2,27.0,53,5842.0
87,2018,LeCastellet,41,SIR,Williams,15,18,105.232,99.8445,15.414440750382694,98.3,1,26.273,2,53.0,53,5842.0
88,2018,Spielberg,1,HAM,Mercedes,16,2,69.92987096774193,68.65549999999999,4.276811699262266,67.241,2,21.1125,2,21.0,71,4318.0
88,2018,Spielberg,2,RIC,RedBull,18,7,70.2691320754717,68.735,4.9699370953987545,67.591,2,21.6045,2,18.0,71,4318.0
88,2018,Spielberg,4,MAG,HaasF1Team,5,8,70.5575,69.529,3.9591016172791056,68.476,1,22.138,2,35.5,71,4318.0
88,2018,Spielberg,5,ALO,McLaren,8,13,70.94518571428573,69.89750000000001,3.968855178609881,68.661,1,21.588,2,35.5,71,4318.0
88,2018,Spielberg,7,HUL,Renault,20,10,71.8121818181818,70.728,2.3143165219209694,70.38,0,0.0,1,12.0,71,4318.0
88,2018,Spielberg,11,RAI,Ferrari,2,3,69.26095774647888,68.546,3.9320706847178744,66.957,1,21.552,2,36.0,71,4318.0
88,2018,Spielberg,12,VET,Ferrari,3,6,69.28457746478873,68.438,4.26297224501528,67.082,1,23.912,2,36.0,71,4318.0
88,2018,Spielberg,15,BOT,Mercedes,19,1,69.786,69.547,1.2351325165071698,69.044,0,0.0,1,14.0,71,4318.0
88,2018,Spielberg,16,PER,ForceIndia,7,16,70.7349,69.63550000000001,4.267788933529799,68.504,1,22.863,2,35.5,71,4318.0
88,2018,Spielberg,19,ERI,Sauber,10,20,71.0144714285714,69.881,3.8830619873654566,68.216,1,21.519,2,35.5,71,4318.0
88,2018,Spielberg,22,GRO,HaasF1Team,4,5,70.53494285714285,69.653,3.994346845396011,69.071,1,22.121,2,35.5,71,4318.0
88,2018,Spielberg,25,SAI,Renault,12,9,71.17630000000001,69.87,4.697038911046411,68.766,2,24.796,3,23.666666666666668,71,4318.0
88,2018,Spielberg,27,VER,RedBull,1,4,69.23977464788732,68.451,3.8501211787875045,67.442,1,21.214,2,36.0,71,4318.0
88,2018,Spielberg,33,VAN,McLaren,15,15,72.75213846153846,70.496,7.321801682042055,68.894,2,34.5415,2,33.0,71,4318.0
88,2018,Spielberg,34,OCO,ForceIndia,6,11,70.7135,69.893,3.9176879374654554,68.85,1,22.527,2,35.5,71,4318.0
88,2018,Spielberg,36,STR,Williams,14,14,71.65057971014494,70.46,4.561508059473431,69.203,2,22.240000000000002,3,23.333333333333332,71,4318.0
88,2018,Spielberg,38,GAS,ToroRosso,11,12,71.10457142857142,69.972,3.87766613870119,69.295,1,22.011,2,35.5,71,4318.0
88,2018,Spielberg,39,HAR,ToroRosso,17,19,71.72861111111112,70.434,4.610808308854998,69.171,0,0.0,1,55.0,71,4318.0
88,2018,Spielberg,40,LEC,Sauber,9,18,71.00670000000001,69.868,3.9282357671133985,69.006,1,21.364,2,35.5,71,4318.0
88,2018,Spielberg,41,SIR,Williams,13,17,71.76897101449273,70.427,4.7282606240095575,68.971,2,23.966,3,23.333333333333332,71,4318.0
89,2018,Silverstone,1,HAM,Mercedes,2,1,101.00092307692306,93.59200000000001,17.343544351159412,91.245,1,28.982,2,26.5,52,5891.0
89,2018,Silverstone,2,RIC,RedBull,5,6,101.14007692307692,93.8885,16.57171145840506,91.589,2,28.0975,2,17.666666666666668,52,5891.0
89,2018,Silverstone,4,MAG,HaasF1Team,9,7,101.5956153846154,95.596,14.488840902981694,93.604,1,28.45,2,26.5,52,5891.0
89,2018,Silverstone,5,ALO,McLaren,8,13,101.55574999999999,95.375,14.604363206308063,93.482,2,28.377000000000002,2,17.666666666666668,52,5891.0
89,2018,Silverstone,7,HUL,Renault,6,11,101.50007692307692,95.41900000000001,14.6138206098712,93.405,1,28.719,2,26.5,52,5891.0
89,2018,Silverstone,11,RAI,Ferrari,3,3,101.0276153846154,93.44399999999999,17.661696987453425,90.795,2,33.778999999999996,2,17.666666666666668,52,5891.0
89,2018,Silverstone,12,VET,Ferrari,1,2,100.95738461538461,93.2385,18.68125595365668,90.696,2,28.4255,2,17.666666666666668,52,5891.0
89,2018,Silverstone,15,BOT,Mercedes,4,4,101.12821153846153,93.56700000000001,18.22154927049616,91.377,1,27.894,2,26.5,52,5891.0
89,2018,Silverstone,16,PER,ForceIndia,10,12,101.62484615384614,95.269,14.607681184353337,93.472,2,28.743499999999997,2,17.666666666666668,52,5891.0
89,2018,Silverstone,19,ERI,Sauber,18,15,96.57419354838709,95.69,3.714103134623979,93.675,1,28.207,2,16.0,52,5891.0
89,2018,Silverstone,22,GRO,HaasF1Team,16,8,100.4637837837838,96.056,11.120252560419095,94.391,1,29.254,2,19.0,52,5891.0
89,2018,Silverstone,25,SAI,Renault,17,16,100.46900000000001,95.571,12.202897772888026,94.602,2,28.576,3,12.666666666666666,52,5891.0
89,2018,Silverstone,27,VER,RedBull,15,5,102.62345652173913,93.82300000000001,18.292332101738417,92.007,2,28.229,2,15.666666666666666,52,5891.0
89,2018,Silverstone,33,VAN,McLaren,11,17,101.64534615384615,95.9845,13.419880078778963,93.551,2,28.471,2,17.666666666666668,52,5891.0
89,2018,Silverstone,34,OCO,ForceIndia,7,10,101.53296153846154,95.4065,14.526634734320748,93.606,1,29.41,2,26.5,52,5891.0
89,2018,Silverstone,36,STR,Williams,12,19,101.6901923076923,96.894,12.26744785615448,93.869,1,27.774,2,26.5,52,5891.0
89,2018,Silverstone,38,GAS,ToroRosso,13,14,101.61371153846153,95.6725,14.673201458196006,93.465,2,29.220999999999997,2,17.666666666666668,52,5891.0
89,2018,Silverstone,39,HAR,ToroRosso,20,20,174.472,174.472,,174.472,0,0.0,1,2.0,52,5891.0
89,2018,Silverstone,40,LEC,Sauber,19,9,95.9375,95.417,1.6993108032029787,95.209,1,27.865,1,19.0,52,5891.0
89,2018,Silverstone,41,SIR,Williams,14,18,101.88263461538463,96.9605,12.240392602361853,94.62,1,28.224,2,26.5,52,5891.0
90,2018,Hockenheim,1,HAM,Mercedes,1,14,82.83350746268657,78.18,13.75174721171617,75.545,1,18.978,2,34.0,67,4574.0
90,2018,Hockenheim,2,RIC,RedBull,20,20,80.25403703703704,79.885,2.7634422442014315,78.262,0,0.0,1,28.0,67,4574.0
90,2018,Hockenheim,4,MAG,HaasF1Team,11,5,83.3546865671642,79.899,11.14601459308942,77.697,3,27.432000000000002,3,17.0,67,4574.0
90,2018,Hockenheim,5,ALO,McLaren,16,11,84.81378461538462,80.629,10.094465220004706,77.741,3,20.334,3,16.5,67,4574.0
90,2018,Hockenheim,7,HUL,Renault,5,7,83.23065671641793,80.001,9.93082298849676,77.91,3,20.382666666666665,3,17.0,67,4574.0
90,2018,Hockenheim,11,RAI,Ferrari,3,3,82.93398507462685,78.262,13.944760847925448,75.99,2,19.8175,2,22.666666666666668,67,4574.0
90,2018,Hockenheim,12,VET,Ferrari,18,1,79.092,78.409,2.6474815353463748,77.29,1,18.657,2,26.0,67,4574.0
90,2018,Hockenheim,15,BOT,Mercedes,2,2,82.90119402985074,78.473,14.072004264042722,75.721,2,26.2335,2,22.666666666666668,67,4574.0
90,2018,Hockenheim,16,PER,ForceIndia,7,10,83.28956716417912,79.903,10.26100580046066,77.867,1,25.13,2,34.0,67,4574.0
90,2018,Hockenheim,19,ERI,Sauber,9,13,83.31652238805971,80.473,9.02298466771861,77.745,1,18.84,2,34.0,67,4574.0
90,2018,Hockenheim,22,GRO,HaasF1Team,6,6,83.26441791044778,80.013,10.697946001026853,76.716,3,20.896,3,17.0,67,4574.0
90,2018,Hockenheim,25,SAI,Renault,12,8,83.32707462686567,80.169,9.317106148327115,77.43,3,20.108999999999998,3,17.0,67,4574.0
90,2018,Hockenheim,27,VER,RedBull,4,4,82.94774626865672,78.753,11.625269433623545,75.852,3,19.375333333333334,3,17.0,67,4574.0
90,2018,Hockenheim,33,VAN,McLaren,13,19,83.52928358208955,80.982,8.817519260155388,77.537,2,19.6995,3,22.666666666666668,67,4574.0
90,2018,Hockenheim,34,OCO,ForceIndia,8,15,83.30738805970148,80.543,9.342419458147686,77.941,1,19.57,2,34.0,67,4574.0
90,2018,Hockenheim,36,STR,Williams,17,18,84.08443396226413,80.824,10.224482209025089,78.861,2,19.500999999999998,3,18.0,67,4574.0
90,2018,Hockenheim,38,GAS,ToroRosso,14,16,84.67409090909092,81.0065,9.262947289276566,77.762,2,19.659,3,22.333333333333332,67,4574.0
90,2018,Hockenheim,39,HAR,ToroRosso,10,17,83.34391044776119,80.796,8.164970793117691,77.681,2,19.647,3,22.666666666666668,67,4574.0
90,2018,Hockenheim,40,LEC,Sauber,15,9,84.70124242424241,80.33,10.80980061875562,77.852,3,20.37333333333333,3,16.75,67,4574.0
90,2018,Hockenheim,41,SIR,Williams,19,12,82.3392156862745,80.796,5.675773643526406,78.934,2,22.942,2,26.0,67,4574.0
91,2018,Budapest,1,HAM,Mercedes,1,1,83.37752857142858,82.519,3.404940258776724,81.107,1,21.48,2,35.5,70,4381.0
91,2018,Budapest,2,RIC,RedBull,4,12,84.04065714285716,82.7295,4.487753289886851,80.012,1,21.364,2,35.5,70,4381.0
91,2018,Budapest,4,MAG,HaasF1Team,7,9,84.65776811594203,83.909,3.779716010748641,81.302,1,25.126,2,35.0,70,4381.0
91,2018,Budapest,5,ALO,McLaren,8,11,85.19073913043476,84.168,3.7048320024314747,82.09,1,21.795,2,35.0,70,4381.0
91,2018,Budapest,7,HUL,Renault,12,13,85.48727536231885,84.563,4.254472366138603,81.261,2,22.308,3,23.333333333333332,70,4381.0
91,2018,Budapest,11,RAI,Ferrari,3,3,83.6646857142857,82.6225,4.307112279665812,80.292,2,23.15,2,23.666666666666668,70,4381.0
91,2018,Budapest,12,VET,Ferrari,2,4,83.62214285714285,82.768,3.374581035877174,80.056,1,23.111,2,35.5,70,4381.0
91,2018,Budapest,15,BOT,Mercedes,5,2,84.09181428571428,83.1325,3.2295567259563303,81.736,1,21.337,2,35.5,70,4381.0
91,2018,Budapest,16,PER,ForceIndia,14,19,85.75236231884058,84.607,4.265214134928579,83.263,1,22.561,2,35.0,70,4381.0
91,2018,Budapest,19,ERI,Sauber,15,14,86.43713235294118,85.3385,3.9208023467044026,83.671,1,22.64,2,34.5,70,4381.0
91,2018,Budapest,22,GRO,HaasF1Team,10,10,85.37746376811594,84.434,3.789937387266871,82.606,1,21.733,2,35.0,70,4381.0
91,2018,Budapest,25,SAI,Renault,9,5,85.36991304347825,84.414,3.5740368786533834,82.774,1,21.914,2,35.0,70,4381.0
91,2018,Budapest,27,VER,RedBull,19,7,85.6118,84.485,2.9163057452880334,83.985,0,0.0,1,6.0,70,4381.0
91,2018,Budapest,33,VAN,McLaren,18,16,85.5900612244898,84.42,3.7533581819494377,83.077,1,21.732,2,25.0,70,4381.0
91,2018,Budapest,34,OCO,ForceIndia,13,18,85.61202898550724,84.616,4.2774393658542085,82.876,1,22.258,2,35.0,70,4381.0
91,2018,Budapest,36,STR,Williams,17,15,86.58855882352943,85.634,3.806239690111187,82.66,1,21.291,2,34.5,70,4381.0
91,2018,Budapest,38,GAS,ToroRosso,6,6,84.42428571428572,83.7795,3.9608648526492773,81.685,1,21.684,2,35.5,70,4381.0
91,2018,Budapest,39,HAR,ToroRosso,11,8,85.39710144927538,84.568,3.6611374001921986,82.612,1,21.831,2,35.0,70,4381.0
91,2018,Budapest,40,LEC,Sauber,20,17,,,,,0,0.0,1,1.0,70,4381.0
91,2018,Budapest,41,SIR,Williams,16,20,86.57813235294117,85.61349999999999,3.6781251628464915,83.708,1,21.509,2,34.5,70,4381.0
92,2018,Spa,1,HAM,Mercedes,2,1,114.21674999999999,108.554,18.541711994317904,106.721,2,20.8735,2,22.5,44,7004.0
92,2018,Spa,2,RIC,RedBull,16,8,127.71310714285713,110.61000000000001,78.45747096090142,109.242,1,395.824,2,14.5,44,7004.0
92,2018,Spa,4,MAG,HaasF1Team,8,9,115.95715909090909,110.75200000000001,18.104688773319268,107.937,2,22.1625,2,22.5,44,7004.0
92,2018,Spa,5,ALO,McLaren,19,15,,,,,0,0.0,1,1.0,44,7004.0
92,2018,Spa,7,HUL,Renault,20,20,,,,,0,0.0,1,1.0,44,7004.0
92,2018,Spa,11,RAI,Ferrari,17,6,149.157875,148.47750000000002,32.238549579380006,114.32,2,30.909,2,4.5,44,7004.0
92,2018,Spa,12,VET,Ferrari,1,2,113.9653636363636,108.5475,18.629814697914927,106.644,2,20.9175,2,22.5,44,7004.0
92,2018,Spa,15,BOT,Mercedes,4,19,115.4109318181818,109.7355,18.41639264653972,106.286,3,24.42233333333333,2,15.0,44,7004.0
92,2018,Spa,16,PER,ForceIndia,5,4,115.57952272727272,110.23,18.157452151317333,108.08,2,21.412,2,22.5,44,7004.0
92,2018,Spa,19,ERI,Sauber,10,13,116.73132558139535,111.074,18.077494451759005,108.694,2,21.1345,2,22.0,44,7004.0
92,2018,Spa,22,GRO,HaasF1Team,7,5,115.91884090909089,110.5995,18.061418282334596,108.283,2,21.764000000000003,2,22.5,44,7004.0
92,2018,Spa,25,SAI,Renault,11,14,117.02081395348834,111.578,18.001280077837606,108.67,2,21.183,2,22.0,44,7004.0
92,2018,Spa,27,VER,RedBull,3,7,114.67836363636364,108.9365,18.433883096196215,106.946,2,21.1415,2,22.5,44,7004.0
92,2018,Spa,33,VAN,McLaren,15,18,117.64574418604651,112.198,17.91568134888835,108.956,3,21.980666666666664,3,14.666666666666666,44,7004.0
92,2018,Spa,34,OCO,ForceIndia,6,3,115.77263636363637,110.4015,18.120386969135208,108.078,2,21.4035,2,22.5,44,7004.0
92,2018,Spa,36,STR,Williams,13,17,117.12893023255816,111.366,17.959547388500035,109.287,2,21.316499999999998,2,22.0,44,7004.0
92,2018,Spa,38,GAS,ToroRosso,9,10,116.37199999999999,110.82249999999999,17.92100732218646,108.588,2,21.5445,2,22.5,44,7004.0
92,2018,Spa,39,HAR,ToroRosso,14,11,117.50041860465114,111.701,17.96654688346751,108.756,2,23.7,2,22.0,44,7004.0
92,2018,Spa,40,LEC,Sauber,18,12,,,,,0,0.0,1,1.0,44,7004.0
92,2018,Spa,41,SIR,Williams,12,16,117.07753488372094,111.415,17.947505850527154,109.113,2,21.064999999999998,2,22.0,44,7004.0
93,2018,Monza,1,HAM,Mercedes,1,3,87.0657358490566,84.534,10.008775263489348,82.497,1,23.728,2,27.0,53,5793.0
93,2018,Monza,2,RIC,RedBull,17,19,91.6986956521739,85.844,14.922895281579251,85.229,1,24.805,2,24.0,53,5793.0
93,2018,Monza,4,MAG,HaasF1Team,16,11,90.3485,87.098,10.604354615153229,85.692,1,38.563,2,26.5,53,5793.0
93,2018,Monza,5,ALO,McLaren,18,13,102.53655555555555,88.817,19.306365427697102,87.009,0,0.0,1,10.0,53,5793.0
93,2018,Monza,7,HUL,Renault,13,20,89.19928846153849,86.5875,10.332848261233115,84.059,2,24.845,2,26.5,53,5793.0
93,2018,Monza,11,RAI,Ferrari,2,1,87.22998113207547,84.631,10.095545225666784,83.515,1,23.862,2,27.0,53,5793.0
93,2018,Monza,12,VET,Ferrari,4,2,87.3704716981132,84.566,10.933712576958008,82.505,2,28.259999999999998,2,18.0,53,5793.0
93,2018,Monza,15,BOT,Mercedes,3,4,87.33113207547171,84.981,10.048052997467366,82.907,1,23.763,2,27.0,53,5793.0
93,2018,Monza,16,PER,ForceIndia,7,14,88.17286792452832,85.564,10.225136771772364,83.529,1,25.655,2,27.0,53,5793.0
93,2018,Monza,19,ERI,Sauber,15,18,89.31053846153847,86.7285,10.867901089747315,83.768,2,27.7835,2,26.5,53,5793.0
93,2018,Monza,22,GRO,HaasF1Team,20,6,88.12837735849057,85.605,9.973639070890854,84.243,1,24.779,2,27.0,53,5793.0
93,2018,Monza,25,SAI,Renault,8,7,88.54007547169813,86.127,9.855263729931439,84.056,1,25.774,2,27.0,53,5793.0
93,2018,Monza,27,VER,RedBull,5,5,87.31494339622641,84.904,10.028931002575835,83.609,1,24.003,2,27.0,53,5793.0
93,2018,Monza,33,VAN,McLaren,12,17,89.17682692307692,86.64099999999999,10.322916037558214,84.772,1,24.094,2,26.5,53,5793.0
93,2018,Monza,34,OCO,ForceIndia,6,8,88.15556603773587,85.598,9.927944754986063,84.179,1,24.826999999999998,2,27.0,53,5793.0
93,2018,Monza,36,STR,Williams,9,10,88.75432692307692,86.3375,9.978449165765728,84.58,1,26.44,2,26.5,53,5793.0
93,2018,Monza,38,GAS,ToroRosso,14,9,89.2506346153846,86.47749999999999,10.054335640787105,84.767,1,27.792,2,26.5,53,5793.0
93,2018,Monza,39,HAR,ToroRosso,19,16,,,,,0,0.0,1,1.0,53,5793.0
93,2018,Monza,40,LEC,Sauber,11,15,88.96630769230767,86.524,10.288867211297088,84.504,1,24.084,2,26.5,53,5793.0
93,2018,Monza,41,SIR,Williams,10,12,88.85876923076924,86.2615,9.931348188824225,83.768,1,25.245,2,26.5,53,5793.0
94,2018,Singapore,1,HAM,Mercedes,1,1,109.37067213114753,105.355,13.74092109324227,102.913,1,28.946,2,31.0,61,5063.0
94,2018,Singapore,2,RIC,RedBull,6,6,110.25562295081967,106.367,13.674318336653245,103.12,1,28.779,2,31.0,61,5063.0
94,2018,Singapore,4,MAG,HaasF1Team,18,16,113.3727118644068,109.155,13.86257855678851,101.905,3,29.814333333333334,3,15.0,61,5063.0
94,2018,Singapore,5,ALO,McLaren,7,11,111.0593770491803,107.111,13.61423825652631,103.164,1,29.922,2,31.0,61,5063.0
94,2018,Singapore,7,HUL,Renault,10,10,112.01758333333333,108.30250000000001,13.517483110291117,106.093,1,31.183,2,30.5,61,5063.0
94,2018,Singapore,11,RAI,Ferrari,5,5,110.23954098360656,106.237,13.510551315636935,104.715,1,29.513,2,31.0,61,5063.0
94,2018,Singapore,12,VET,Ferrari,3,3,110.02550819672132,105.865,13.477690941729046,104.669,1,28.722,2,31.0,61,5063.0
94,2018,Singapore,15,BOT,Mercedes,4,4,110.22198360655737,106.256,13.509155196250926,104.72,1,28.542,2,31.0,61,5063.0
94,2018,Singapore,16,PER,ForceIndia,16,7,112.81818333333332,108.5575,13.768622533040283,105.389,3,28.293000000000003,3,20.333333333333332,61,5063.0
94,2018,Singapore,19,ERI,Sauber,11,14,112.24713333333332,108.36850000000001,13.524945046997187,105.169,1,28.86,2,30.5,61,5063.0
94,2018,Singapore,22,GRO,HaasF1Team,15,8,112.37095000000001,108.4525,13.38365040703756,105.904,1,29.517,2,30.5,61,5063.0
94,2018,Singapore,25,SAI,Renault,8,12,111.55131666666668,107.3095,13.604848115798827,105.211,1,30.242,2,30.5,61,5063.0
94,2018,Singapore,27,VER,RedBull,2,2,109.51757377049181,105.542,13.741426778733734,103.345,1,29.681,2,31.0,61,5063.0
94,2018,Singapore,33,VAN,McLaren,12,18,112.26015000000001,108.4435,13.770188568585647,105.555,1,30.234,2,30.5,61,5063.0
94,2018,Singapore,34,OCO,ForceIndia,20,9,,,,,0,0.0,1,1.0,61,5063.0
94,2018,Singapore,36,STR,Williams,14,20,112.45423333333333,108.89500000000001,13.814305939449167,106.033,1,28.767,2,30.5,61,5063.0
94,2018,Singapore,38,GAS,ToroRosso,13,15,112.40418333333332,108.7895,13.483750367860138,106.063,1,28.931,2,30.5,61,5063.0
94,2018,Singapore,39,HAR,ToroRosso,17,17,113.06253333333333,108.559,13.77100469786793,104.889,2,29.688,2,20.333333333333332,61,5063.0
94,2018,Singapore,40,LEC,Sauber,9,13,111.78880000000001,108.305,13.573043588834702,105.203,1,29.31,2,30.5,61,5063.0
94,2018,Singapore,41,SIR,Williams,19,19,114.41933898305085,109.972,13.760048373023148,105.902,2,32.2495,3,20.0,61,5063.0
95,2018,Sochi,1,HAM,Mercedes,1,2,98.96567924528303,98.47,3.2938988049795297,95.916,1,29.551,2,27.0,53,5848.0
95,2018,Sochi,2,RIC,RedBull,6,18,100.48362264150943,99.444,4.46077889122523,96.345,1,37.446,2,27.0,53,5848.0
95,2018,Sochi,4,MAG,HaasF1Team,8,5,101.13040384615387,100.619,3.2807075471887153,98.015,1,29.904,2,26.5,53,5848.0
95,2018,Sochi,5,ALO,McLaren,14,16,102.38182692307691,101.8065,3.61173348049976,99.59,1,30.348,2,26.5,53,5848.0
95,2018,Sochi,7,HUL,Renault,12,12,101.6681923076923,100.814,3.349315359003586,99.108,1,30.625,2,26.5,53,5848.0
95,2018,Sochi,11,RAI,Ferrari,4,4,99.27781132075475,98.612,3.1407296865084593,96.611,1,29.531,2,27.0,53,5848.0
95,2018,Sochi,12,VET,Ferrari,3,3,99.10694339622643,98.583,3.044816038494421,95.99,1,29.798000000000002,2,27.0,53,5848.0
95,2018,Sochi,15,BOT,Mercedes,2,1,99.01369811320755,98.617,3.1800458788714265,95.861,1,29.794,2,27.0,53,5848.0
95,2018,Sochi,16,PER,ForceIndia,10,8,101.28599999999999,100.7175,3.4225612757516135,98.3,1,29.924,2,26.5,53,5848.0
95,2018,Sochi,19,ERI,Sauber,13,10,102.009,101.039,4.265244608299441,97.931,2,30.0985,3,17.666666666666668,53,5848.0
95,2018,Sochi,22,GRO,HaasF1Team,11,9,101.58698076923078,100.979,3.821270045983248,98.244,1,30.469,2,26.5,53,5848.0
95,2018,Sochi,25,SAI,Renault,17,11,103.0444705882353,102.313,3.436446591192369,99.731,1,30.021,2,26.0,53,5848.0
95,2018,Sochi,27,VER,RedBull,5,19,99.55088679245283,98.885,3.342858338540982,96.283,1,29.37,2,27.0,53,5848.0
95,2018,Sochi,33,VAN,McLaren,16,15,102.9637450980392,101.896,3.910397902224975,99.922,1,29.636,2,26.0,53,5848.0
95,2018,Sochi,34,OCO,ForceIndia,9,6,101.20748076923077,100.72149999999999,3.4479996786450906,98.366,1,30.642,2,26.5,53,5848.0
95,2018,Sochi,36,STR,Williams,15,14,102.39980769230768,101.2765,3.703973753975012,99.435,1,29.266,2,26.5,53,5848.0
95,2018,Sochi,38,GAS,ToroRosso,19,17,115.279,110.7815,14.401690757222456,104.071,0,0.0,1,5.0,53,5848.0
95,2018,Sochi,39,HAR,ToroRosso,20,20,125.45325,111.7465,31.592115170033587,105.852,1,29.418,2,2.5,53,5848.0
95,2018,Sochi,40,LEC,Sauber,7,7,100.82209433962264,100.361,3.3231926798009663,98.107,1,30.397,2,27.0,53,5848.0
95,2018,Sochi,41,SIR,Williams,18,13,103.06719607843137,101.768,4.085442952824615,99.838,1,29.912,2,26.0,53,5848.0
96,2018,Suzuka,1,HAM,Mercedes,1,1,98.81249056603774,94.531,13.516523138541098,92.785,1,22.614,2,27.0,53,5807.0
96,2018,Suzuka,2,RIC,RedBull,4,15,99.18032075471696,94.726,12.796178870412815,93.187,1,22.864,2,27.0,53,5807.0
96,2018,Suzuka,4,MAG,HaasF1Team,20,12,126.83537499999998,125.8865,25.865214593777157,99.908,1,29.007,2,4.5,53,5807.0
96,2018,Suzuka,5,ALO,McLaren,14,18,101.56034615384617,97.6375,12.024928821907665,93.943,1,27.454,2,26.5,53,5807.0
96,2018,Suzuka,7,HUL,Renault,19,16,103.39416216216217,98.007,13.629983684904056,94.934,1,23.555,2,19.0,53,5807.0
96,2018,Suzuka,11,RAI,Ferrari,5,4,99.77471698113206,95.666,12.864088851374293,94.223,1,22.781,2,27.0,53,5807.0
96,2018,Suzuka,12,VET,Ferrari,6,8,100.13084905660375,96.19,12.975597575384201,92.318,1,22.748,2,27.0,53,5807.0
96,2018,Suzuka,15,BOT,Mercedes,2,2,99.05624528301885,94.906,13.2878393522129,93.11,1,22.777,2,27.0,53,5807.0
96,2018,Suzuka,16,PER,ForceIndia,7,9,100.31020754716982,96.804,12.385069457832143,94.073,1,23.635,2,27.0,53,5807.0
96,2018,Suzuka,19,ERI,Sauber,12,20,101.54357692307693,97.533,12.006085493462043,96.294,1,23.244,2,26.5,53,5807.0
96,2018,Suzuka,22,GRO,HaasF1Team,8,5,100.4577358490566,96.766,12.52038222743979,94.786,1,23.692,2,27.0,53,5807.0
96,2018,Suzuka,25,SAI,Renault,10,13,100.8866153846154,97.1215,12.220727222598923,94.197,1,23.477,2,26.5,53,5807.0
96,2018,Suzuka,27,VER,RedBull,3,3,99.08220754716984,94.664,13.346533014749117,93.367,1,28.789,2,27.0,53,5807.0
96,2018,Suzuka,33,VAN,McLaren,15,19,101.57626923076924,97.5385,11.906755385429165,95.023,1,23.159,2,26.5,53,5807.0
96,2018,Suzuka,34,OCO,ForceIndia,9,11,100.47390566037734,97.148,12.283410283893774,94.67,1,23.316,2,27.0,53,5807.0
96,2018,Suzuka,36,STR,Williams,17,14,101.7124423076923,97.28450000000001,13.156851434263173,93.354,2,26.7305,3,17.666666666666668,53,5807.0
96,2018,Suzuka,38,GAS,ToroRosso,11,7,101.13375000000002,97.199,12.312918885678332,94.133,1,23.376,2,26.5,53,5807.0
96,2018,Suzuka,39,HAR,ToroRosso,13,6,101.5539230769231,97.481,11.979391237677286,94.857,1,23.11,2,26.5,53,5807.0
96,2018,Suzuka,40,LEC,Sauber,18,10,103.0867894736842,97.9435,14.085129573050294,94.515,2,32.7815,2,13.0,53,5807.0
96,2018,Suzuka,41,SIR,Williams,16,17,101.62223076923075,97.658,11.997325993925681,93.985,2,23.6535,3,17.666666666666668,53,5807.0
97,2018,Austin,1,HAM,Mercedes,3,1,101.08901785714285,99.676,6.180076694113905,97.392,2,23.804000000000002,2,19.0,56,5513.0
97,2018,Austin,2,RIC,RedBull,16,4,101.60874999999999,101.3215,0.8665105308073311,100.933,0,0.0,1,9.0,56,5513.0
97,2018,Austin,4,MAG,HaasF1Team,20,12,102.84464285714286,101.79650000000001,5.543728359567712,98.963,1,23.723,2,28.5,56,5513.0
97,2018,Austin,5,ALO,McLaren,18,13,133.811,133.811,,133.811,0,0.0,1,2.0,56,5513.0
97,2018,Austin,7,HUL,Renault,6,7,102.60451785714288,101.54650000000001,5.667931644519723,99.548,1,24.681,2,28.5,56,5513.0
97,2018,Austin,11,RAI,Ferrari,1,2,101.04719642857143,99.628,5.921029021192617,98.482,1,23.714,2,28.5,56,5513.0
97,2018,Austin,12,VET,Ferrari,4,5,101.37258928571428,99.92699999999999,5.7608919851538944,98.28,1,24.449,2,28.5,56,5513.0
97,2018,Austin,15,BOT,Mercedes,5,3,101.48905357142857,100.18299999999999,5.718547000513149,98.47,1,23.478,2,28.5,56,5513.0
97,2018,Austin,16,PER,ForceIndia,8,10,102.85219642857143,101.92099999999999,5.653737317175549,99.569,1,25.723,2,28.5,56,5513.0
97,2018,Austin,19,ERI,Sauber,10,16,103.4778909090909,102.274,5.5613923438913755,100.098,1,23.94,2,28.0,56,5513.0
97,2018,Austin,22,GRO,HaasF1Team,17,8,139.5125,139.5125,13.708679166863597,129.819,1,35.104,2,1.5,56,5513.0
97,2018,Austin,25,SAI,Renault,7,11,102.74351785714285,101.1905,5.730610356168073,99.858,1,29.319,2,28.5,56,5513.0
97,2018,Austin,27,VER,RedBull,2,18,101.07007142857142,99.6625,5.658976694700979,98.246,1,23.446,2,28.5,56,5513.0
97,2018,Austin,33,VAN,McLaren,11,17,103.50303636363635,102.155,6.7340632359163255,99.24,2,24.130000000000003,2,18.666666666666668,56,5513.0
97,2018,Austin,34,OCO,ForceIndia,19,6,102.82019642857142,101.4645,5.669870450402783,99.992,1,24.534,2,28.5,56,5513.0
97,2018,Austin,36,STR,Williams,14,15,105.19433333333333,102.8425,7.709957063727934,100.433,3,27.98466666666667,3,27.5,56,5513.0
97,2018,Austin,38,GAS,ToroRosso,12,19,103.92401818181818,102.295,6.689780612831146,99.646,2,24.042,3,18.666666666666668,56,5513.0
97,2018,Austin,39,HAR,ToroRosso,9,20,103.45445454545454,102.146,5.6483169562012385,99.915,1,23.819,2,28.0,56,5513.0
97,2018,Austin,40,LEC,Sauber,15,9,106.21658064516129,103.067,7.9600748018855265,101.982,1,34.812,2,16.0,56,5513.0
97,2018,Austin,41,SIR,Williams,13,14,104.14798181818183,102.8,6.630911519070163,100.522,2,23.700499999999998,2,18.666666666666668,56,5513.0
98,2018,MexicoCity,1,HAM,Mercedes,4,3,84.33223943661972,82.03,6.618119593671365,80.728,2,22.334,2,24.0,71,4304.0
98,2018,MexicoCity,2,RIC,RedBull,17,1,83.16047540983608,81.623,5.711607971510175,79.462,1,22.022,2,31.0,71,4304.0
98,2018,MexicoCity,4,MAG,HaasF1Team,15,16,86.8365652173913,84.985,5.9806782014551345,81.874,1,22.39,2,35.0,71,4304.0
98,2018,MexicoCity,5,ALO,McLaren,20,12,87.98533333333334,85.044,5.8434289876179175,84.197,0,0.0,1,4.0,71,4304.0
98,2018,MexicoCity,7,HUL,Renault,6,7,85.9243188405797,84.116,6.067285303632031,80.637,1,23.037,2,35.0,71,4304.0
98,2018,MexicoCity,11,RAI,Ferrari,3,6,83.92626760563381,81.727,6.180551630391548,80.334,1,22.017,2,36.0,71,4304.0
98,2018,MexicoCity,12,VET,Ferrari,2,4,83.46714084507042,81.287,6.790079175418406,79.522,2,22.2175,2,24.0,71,4304.0
98,2018,MexicoCity,15,BOT,Mercedes,5,5,84.59214285714285,82.06049999999999,7.011386939819807,78.741,3,22.834666666666667,3,17.75,71,4304.0
98,2018,MexicoCity,16,PER,ForceIndia,18,13,87.60718421052631,84.5015,8.315354621341346,83.545,1,23.755,2,19.5,71,4304.0
98,2018,MexicoCity,19,ERI,Sauber,9,10,86.54920289855072,84.478,6.1075026247368855,82.44,1,31.406,2,35.0,71,4304.0
98,2018,MexicoCity,22,GRO,HaasF1Team,16,18,86.9273823529412,85.05,6.818373360594157,81.37,2,23.0795,3,23.0,71,4304.0
98,2018,MexicoCity,25,SAI,Renault,19,8,85.68710714285716,84.2535,4.7419171879868225,82.386,1,22.66,2,14.5,71,4304.0
98,2018,MexicoCity,27,VER,RedBull,1,2,83.22325352112676,81.137,6.639013882709453,79.186,2,22.131500000000003,2,24.0,71,4304.0
98,2018,MexicoCity,33,VAN,McLaren,8,15,86.39369565217393,84.558,6.151434567988637,81.921,1,22.174,2,35.0,71,4304.0
98,2018,MexicoCity,34,OCO,ForceIndia,11,11,86.63220289855072,84.703,6.565988654959001,82.629,2,25.281,2,35.0,71,4304.0
98,2018,MexicoCity,36,STR,Williams,12,17,86.67856521739131,84.469,6.085371904818048,82.983,2,23.911,2,23.333333333333332,71,4304.0
98,2018,MexicoCity,38,GAS,ToroRosso,10,20,86.56640579710144,84.069,6.317068359329071,82.755,2,22.8125,2,23.333333333333332,71,4304.0
98,2018,MexicoCity,39,HAR,ToroRosso,14,14,86.65791304347827,84.599,5.978967087507996,82.438,2,22.804000000000002,2,35.0,71,4304.0
98,2018,MexicoCity,40,LEC,Sauber,7,9,86.09191304347827,84.591,6.011586547314841,80.537,1,22.588,2,35.0,71,4304.0
98,2018,MexicoCity,41,SIR,Williams,13,19,86.69046376811595,84.574,5.842273554170173,82.64,1,22.732,2,35.0,71,4304.0
99,2018,SaoPaulo,1,HAM,Mercedes,1,1,73.64881690140845,73.484,2.182898461808842,71.795,1,22.641,2,36.0,71,4309.0
99,2018,SaoPaulo,2,RIC,RedBull,4,11,73.72195774647888,73.412,2.6354599025955867,71.343,1,23.3,2,36.0,71,4309.0
99,2018,SaoPaulo,4,MAG,HaasF1Team,9,10,74.39328169014084,74.293,2.5449333484569947,72.206,1,23.115,2,36.0,71,4309.0
99,2018,SaoPaulo,5,ALO,McLaren,17,17,75.97769565217392,75.187,4.072711202425626,72.643,2,28.3995,3,23.333333333333332,71,4309.0
99,2018,SaoPaulo,7,HUL,Renault,19,13,76.04734375,75.6465,2.5125282808149967,74.029,0,0.0,1,33.0,71,4309.0
99,2018,SaoPaulo,11,RAI,Ferrari,3,4,73.71591549295775,73.324,2.3752952823745566,71.769,1,22.766,2,36.0,71,4309.0
99,2018,SaoPaulo,12,VET,Ferrari,6,2,74.02905633802817,73.616,3.0891059357838433,70.831,2,22.616999999999997,3,24.0,71,4309.0
99,2018,SaoPaulo,15,BOT,Mercedes,5,3,73.97195774647888,73.546,3.0653900168383124,70.54,2,22.841,3,24.0,71,4309.0
99,2018,SaoPaulo,16,PER,ForceIndia,10,12,74.82694285714287,74.491,2.634577219806274,72.472,1,23.505,2,35.5,71,4309.0
99,2018,SaoPaulo,19,ERI,Sauber,20,6,79.12835,76.463,6.6854033714857986,75.281,1,23.377,2,10.5,71,4309.0
99,2018,SaoPaulo,22,GRO,HaasF1Team,8,8,74.3703661971831,73.982,2.4178314323816026,72.362,1,23.403,2,36.0,71,4309.0
99,2018,SaoPaulo,25,SAI,Renault,12,15,75.56221428571429,75.10249999999999,3.2828834660960586,72.169,2,23.8545,3,23.666666666666668,71,4309.0
99,2018,SaoPaulo,27,VER,RedBull,2,5,73.66950704225351,73.429,2.6551424437077324,71.578,1,23.432,2,36.0,71,4309.0
99,2018,SaoPaulo,33,VAN,McLaren,14,20,75.63331428571426,75.4225,2.7248563825622196,72.968,1,22.618,2,35.5,71,4309.0
99,2018,SaoPaulo,34,OCO,ForceIndia,15,18,75.65215714285713,74.73949999999999,4.687888667977732,72.352,2,29.212,2,35.5,71,4309.0
99,2018,SaoPaulo,36,STR,Williams,18,19,76.29240579710144,75.207,3.52323221972148,71.751,2,24.445500000000003,3,23.333333333333332,71,4309.0
99,2018,SaoPaulo,38,GAS,ToroRosso,13,9,75.61140000000002,74.9055,2.4921126966398655,73.822,1,23.757,2,35.5,71,4309.0
99,2018,SaoPaulo,39,HAR,ToroRosso,11,16,75.54991428571427,75.07,2.581389602985504,72.949,1,23.422,2,35.5,71,4309.0
99,2018,SaoPaulo,40,LEC,Sauber,7,7,74.27133802816901,73.937,2.518320261850642,72.082,1,23.593,2,36.0,71,4309.0
99,2018,SaoPaulo,41,SIR,Williams,16,14,76.02869565217391,75.238,2.7212729628545484,74.262,1,23.273,2,35.0,71,4309.0
100,2018,YasMarina,1,HAM,Mercedes,1,1,108.73421818181818,103.982,15.347645514553818,101.357,1,21.283,2,28.0,55,5554.0
100,2018,YasMarina,2,RIC,RedBull,4,5,109.01383636363637,104.245,14.807707569800503,101.249,1,21.061,2,28.0,55,5554.0
100,2018,YasMarina,4,MAG,HaasF1Team,10,13,111.21620370370371,107.01050000000001,14.60045897750986,102.822,1,21.587,2,27.5,55,5554.0
100,2018,YasMarina,5,ALO,McLaren,11,15,111.26418518518518,106.729,14.526353420625165,102.393,1,21.726,2,27.5,55,5554.0
100,2018,YasMarina,7,HUL,Renault,20,10,,,,,0,0.0,1,1.0,55,5554.0
100,2018,YasMarina,11,RAI,Ferrari,19,4,141.12283333333332,150.494,24.966950533989262,105.198,0,0.0,1,7.0,55,5554.0
100,2018,YasMarina,12,VET,Ferrari,2,3,108.78114545454545,103.498,14.967762954674956,100.867,1,22.63,2,28.0,55,5554.0
100,2018,YasMarina,15,BOT,Mercedes,5,2,109.60616363636363,104.565,14.776488412544461,100.953,2,21.4445,2,18.666666666666668,55,5554.0
100,2018,YasMarina,16,PER,ForceIndia,8,14,110.39376363636364,105.093,14.54097847586916,102.816,1,22.112,2,28.0,55,5554.0
100,2018,YasMarina,19,ERI,Sauber,18,12,117.76695833333332,107.747,19.542490196623994,106.077,0,0.0,1,25.0,55,5554.0
100,2018,YasMarina,22,GRO,HaasF1Team,9,7,111.18777777777777,107.0215,14.66781421982912,103.195,1,22.354,2,27.5,55,5554.0
100,2018,YasMarina,25,SAI,Renault,6,11,110.05327272727273,105.334,14.7285504610434,101.351,1,21.964,2,28.0,55,5554.0
100,2018,YasMarina,27,VER,RedBull,3,6,108.96523636363636,103.715,14.868407659597802,101.909,1,21.057,2,28.0,55,5554.0
100,2018,YasMarina,33,VAN,McLaren,14,18,111.70268518518516,107.413,14.589250438960866,103.249,1,22.317,2,27.5,55,5554.0
100,2018,YasMarina,34,OCO,ForceIndia,17,9,112.40329545454546,106.6135,15.687677333499018,103.591,1,21.979,2,22.5,55,5554.0
100,2018,YasMarina,36,STR,Williams,13,20,111.69001851851853,107.22550000000001,14.431857523052546,104.033,1,22.189,2,27.5,55,5554.0
100,2018,YasMarina,38,GAS,ToroRosso,16,17,112.38080434782609,106.78999999999999,15.492766109266132,103.988,1,22.493,2,23.5,55,5554.0
100,2018,YasMarina,39,HAR,ToroRosso,12,16,111.66750000000002,107.3035,14.549875820970444,104.174,1,41.012,2,55.0,55,5554.0
100,2018,YasMarina,40,LEC,Sauber,7,8,110.38492727272728,105.42,14.735980754921867,102.876,1,21.828,2,28.0,55,5554.0
100,2018,YasMarina,41,SIR,Williams,15,19,111.99903703703703,107.29650000000001,14.575658159790077,103.831,1,22.755,2,27.5,55,5554.0
101,2019,Melbourne,1,HAM,Mercedes,2,1,88.76225862068966,88.338,2.7670588639389875,86.057,1,21.515,2,29.5,58,5303.0
101,2019,Melbourne,2,RIC,Renault,19,12,92.8329285714286,90.366,10.965352281681406,89.848,1,33.027,2,29.0,58,5303.0
101,2019,Melbourne,4,MAG,HaasF1Team,6,7,89.9048448275862,89.042,2.9865709598645256,88.182,1,22.388,2,29.5,58,5303.0
101,2019,Melbourne,7,HUL,Renault,7,11,90.04428070175439,89.053,2.925330895534883,88.444,1,21.588,2,29.0,58,5303.0
101,2019,Melbourne,8,KVY,ToroRosso,10,15,90.09052631578948,89.203,3.402611460886975,87.448,1,22.086,2,29.0,58,5303.0
101,2019,Melbourne,11,RAI,AlfaRomeo,8,9,90.0650701754386,89.172,3.216051038261328,88.27,1,23.299,2,29.0,58,5303.0
101,2019,Melbourne,12,VET,Ferrari,4,3,89.38679310344827,88.708,2.604188857507388,87.954,1,21.995,2,29.5,58,5303.0
101,2019,Melbourne,15,BOT,Mercedes,1,2,88.4021551724138,87.786,2.7038006505575134,85.58,1,22.014,2,29.5,58,5303.0
101,2019,Melbourne,16,PER,RacingPoint,13,10,90.80331578947369,90.191,3.272685076933306,88.485,1,23.234,2,29.0,58,5303.0
101,2019,Melbourne,22,GRO,HaasF1Team,18,6,91.72075862068968,90.707,5.160620682874525,88.462,1,29.981,2,15.0,58,5303.0
101,2019,Melbourne,25,SAI,McLaren,20,18,92.77033333333333,91.467,3.934979097784385,90.899,0,0.0,1,10.0,58,5303.0
101,2019,Melbourne,27,VER,RedBull,3,4,88.79043103448276,88.19,2.7781970684781645,86.256,1,21.157,2,29.5,58,5303.0
101,2019,Melbourne,35,GIO,AlfaRomeo,15,14,91.19056140350877,90.873,4.0993929952125825,88.479,1,27.172,2,29.0,58,5303.0
101,2019,Melbourne,36,STR,RacingPoint,9,16,90.07826315789472,89.224,3.186021576054171,87.568,1,22.471,2,29.0,58,5303.0
101,2019,Melbourne,38,GAS,RedBull,11,17,90.09640350877191,89.272,3.3658595424160502,87.229,1,21.269,2,29.0,58,5303.0
101,2019,Melbourne,40,LEC,Ferrari,5,5,89.40612068965518,89.0025,2.952734884978321,86.926,1,22.306,2,29.5,58,5303.0
101,2019,Melbourne,42,NOR,McLaren,12,8,90.79401754385965,90.65,2.9971101646373346,88.555,1,21.627,2,29.0,58,5303.0
101,2019,Melbourne,43,ALB,ToroRosso,14,13,90.81573684210527,90.196,3.0563334857210607,88.188,1,21.78,2,29.0,58,5303.0
101,2019,Melbourne,44,RUS,Williams,16,19,92.44651785714287,91.7525,4.270692245318173,88.713,2,21.616,3,19.0,58,5303.0
101,2019,Melbourne,45,KUB,Williams,17,20,94.16747272727274,92.346,8.240641533491289,89.284,3,25.743,3,18.666666666666668,58,5303.0
102,2019,Sakhir,1,HAM,Mercedes,1,3,99.3209649122807,96.967,10.051866477292577,93.528,2,24.2895,2,19.333333333333332,57,5412.0
102,2019,Sakhir,2,RIC,Renault,18,10,98.80154716981131,98.146,3.2246115601849423,96.697,1,25.676,2,27.0,57,5412.0
102,2019,Sakhir,4,MAG,HaasF1Team,13,6,101.14003571428569,99.0085,8.094033730783739,95.892,2,25.465,2,19.0,57,5412.0
102,2019,Sakhir,7,HUL,Renault,17,17,98.56426415094342,97.526,4.210395363999696,95.215,2,25.375500000000002,2,18.0,57,5412.0
102,2019,Sakhir,8,KVY,ToroRosso,12,15,101.12323214285713,98.3615,9.83166131340444,94.934,2,28.6345,2,19.0,57,5412.0
102,2019,Sakhir,11,RAI,AlfaRomeo,7,8,100.15377192982457,97.759,8.043318158610075,95.589,2,25.634,2,19.333333333333332,57,5412.0
102,2019,Sakhir,12,VET,Ferrari,5,2,99.95373684210526,96.827,9.194397683850584,94.895,3,27.54433333333333,2,14.5,57,5412.0
102,2019,Sakhir,15,BOT,Mercedes,2,4,99.3732456140351,97.171,8.174266549187635,94.209,2,24.649,2,19.333333333333332,57,5412.0
102,2019,Sakhir,16,PER,RacingPoint,10,14,100.43843859649122,98.311,6.917715934513831,96.33,2,26.967,2,19.333333333333332,57,5412.0
102,2019,Sakhir,22,GRO,HaasF1Team,20,11,103.04762499999998,98.6985,11.87094620702158,97.262,1,32.082,2,17.0,57,5412.0
102,2019,Sakhir,25,SAI,McLaren,19,7,100.30452830188678,98.126,8.33966057371405,95.586,3,31.854,3,13.5,57,5412.0
102,2019,Sakhir,27,VER,RedBull,4,5,99.43338596491229,97.067,7.868176542145639,95.311,2,25.464,2,19.333333333333332,57,5412.0
102,2019,Sakhir,35,GIO,AlfaRomeo,11,16,100.45428070175437,98.625,6.864713301042791,95.237,2,26.302500000000002,2,19.333333333333332,57,5412.0
102,2019,Sakhir,36,STR,RacingPoint,14,18,101.45542857142858,98.39500000000001,9.062357938913415,97.037,2,30.469,2,28.5,57,5412.0
102,2019,Sakhir,38,GAS,RedBull,8,13,100.34015789473683,98.07,8.462059614600493,95.291,2,26.0205,2,19.333333333333332,57,5412.0
102,2019,Sakhir,40,LEC,Ferrari,3,1,99.42852631578948,96.967,8.009150309635276,93.411,2,24.438000000000002,2,19.333333333333332,57,5412.0
102,2019,Sakhir,42,NOR,McLaren,6,9,100.12366666666667,97.816,7.796244746976707,95.777,2,24.445999999999998,2,19.333333333333332,57,5412.0
102,2019,Sakhir,43,ALB,ToroRosso,9,12,100.42091228070174,97.868,7.000736204348955,96.752,2,25.2505,2,19.333333333333332,57,5412.0
102,2019,Sakhir,44,RUS,Williams,15,19,102.16098214285715,99.72550000000001,7.717660887956498,97.313,2,24.7725,2,19.0,57,5412.0
102,2019,Sakhir,45,KUB,Williams,16,20,102.9466,100.071,8.933327768654983,97.903,2,24.490000000000002,2,18.666666666666668,57,5412.0
103,2019,Shanghai,1,HAM,Mercedes,1,2,98.68482142857144,97.4435,4.106001435181712,95.892,2,23.1205,2,19.0,56,5451.0
103,2019,Shanghai,2,RIC,Renault,7,7,100.71627272727272,100.115,3.605295649532604,98.632,1,23.506,2,28.0,56,5451.0
103,2019,Shanghai,4,MAG,HaasF1Team,13,9,101.25772727272728,100.216,4.62007497315528,97.471,2,23.673499999999997,3,18.666666666666668,56,5451.0
103,2019,Shanghai,7,HUL,Renault,20,8,104.37075000000002,101.0515,6.68202924766621,99.677,1,24.107,2,8.5,56,5451.0
103,2019,Shanghai,8,KVY,ToroRosso,19,11,103.00670731707318,100.527,8.046929415136878,97.975,3,28.837666666666667,3,14.0,56,5451.0
103,2019,Shanghai,11,RAI,AlfaRomeo,9,13,100.87389090909092,100.26,4.068860017219889,97.812,1,23.888,2,28.0,56,5451.0
103,2019,Shanghai,12,VET,Ferrari,3,3,98.93025000000002,97.584,4.2443542489887784,94.836,2,22.5325,2,19.0,56,5451.0
103,2019,Shanghai,15,BOT,Mercedes,2,1,98.80182142857143,97.6925,4.096875657052658,94.872,2,23.139499999999998,2,19.0,56,5451.0
103,2019,Shanghai,16,PER,RacingPoint,8,12,100.75241818181817,99.875,3.7414536771396523,98.702,1,23.733,2,28.0,56,5451.0
103,2019,Shanghai,22,GRO,HaasF1Team,11,10,101.12136363636363,100.104,4.634596100359557,96.873,2,23.3905,3,18.666666666666668,56,5451.0
103,2019,Shanghai,25,SAI,McLaren,14,14,101.43816363636364,100.206,7.4605515131345825,97.502,2,34.205,3,28.0,56,5451.0
103,2019,Shanghai,27,VER,RedBull,4,5,99.17816071428572,98.03,4.2756004651203865,96.143,2,22.793999999999997,2,19.0,56,5451.0
103,2019,Shanghai,35,GIO,AlfaRomeo,15,19,101.49327272727274,100.092,5.267407635831899,98.048,2,25.1605,2,18.666666666666668,56,5451.0
103,2019,Shanghai,36,STR,RacingPoint,12,16,101.24172727272727,99.853,4.747655368528396,96.678,2,23.4905,3,18.666666666666668,56,5451.0
103,2019,Shanghai,38,GAS,RedBull,6,6,100.2795892857143,98.957,4.885651227743938,94.742,3,22.477,3,14.25,56,5451.0
103,2019,Shanghai,40,LEC,Ferrari,5,4,99.24332142857142,97.8355,4.4265190678954,94.86,2,23.573999999999998,2,19.0,56,5451.0
103,2019,Shanghai,42,NOR,McLaren,18,15,103.0186,100.1225,9.87239144983502,98.346,3,35.63333333333333,3,17.0,56,5451.0
103,2019,Shanghai,43,ALB,ToroRosso,10,20,101.1028181818182,99.865,4.589974405201409,98.901,1,23.215,2,28.0,56,5451.0
103,2019,Shanghai,44,RUS,Williams,16,17,102.79361111111112,101.76150000000001,4.740338601140125,97.283,2,24.1485,3,18.333333333333332,56,5451.0
103,2019,Shanghai,45,KUB,Williams,17,18,103.09109259259257,102.21100000000001,5.2135871736914465,99.772,1,32.627,2,27.5,56,5451.0
104,2019,Baku,1,HAM,Mercedes,2,2,108.1267843137255,105.867,6.575798024008113,104.166,1,19.993,2,26.0,51,6003.0
104,2019,Baku,2,RIC,Renault,20,10,112.23241935483871,108.48,11.142001303698224,106.767,1,20.884,2,16.0,51,6003.0
104,2019,Baku,4,MAG,HaasF1Team,13,12,111.22322000000003,108.991,7.338573754247525,106.682,2,20.488500000000002,2,17.0,51,6003.0
104,2019,Baku,7,HUL,Renault,14,15,111.7225,109.34649999999999,6.61904582262737,107.407,2,21.0975,2,17.0,51,6003.0
104,2019,Baku,8,KVY,ToroRosso,19,6,111.86469696969698,108.914,7.226898969669012,107.681,1,21.013,2,17.0,51,6003.0
104,2019,Baku,11,RAI,AlfaRomeo,10,18,110.564,108.60050000000001,6.578764337174697,106.479,1,21.401,2,25.5,51,6003.0
104,2019,Baku,12,VET,Ferrari,3,3,108.32707843137257,106.18,6.530933650997038,104.629,1,19.981,2,26.0,51,6003.0
104,2019,Baku,15,BOT,Mercedes,1,1,108.09690196078431,106.144,6.439471823852953,104.024,1,20.006,2,26.0,51,6003.0
104,2019,Baku,16,PER,RacingPoint,6,5,109.59525490196077,107.703,6.348154862141086,105.524,1,20.939,2,26.0,51,6003.0
104,2019,Baku,22,GRO,HaasF1Team,18,14,112.33028947368422,110.4505,6.349090766605003,108.517,1,20.906,2,19.5,51,6003.0
104,2019,Baku,25,SAI,McLaren,7,9,109.74054901960784,107.478,6.238301260162821,105.807,1,19.755,2,26.0,51,6003.0
104,2019,Baku,27,VER,RedBull,4,4,108.4399019607843,106.047,6.689397330865918,104.794,1,20.973,2,26.0,51,6003.0
104,2019,Baku,35,GIO,AlfaRomeo,12,17,110.66784,108.545,6.742068832127336,105.969,1,20.776,2,25.5,51,6003.0
104,2019,Baku,36,STR,RacingPoint,9,13,110.13250980392156,108.035,6.449414436590502,106.009,1,23.099,2,26.0,51,6003.0
104,2019,Baku,38,GAS,RedBull,17,20,108.45073684210529,107.47800000000001,3.6842775864858033,105.712,0,0.0,1,39.0,51,6003.0
104,2019,Baku,40,LEC,Ferrari,5,8,109.45194117647058,107.436,6.836703063353752,103.009,2,20.119500000000002,2,17.333333333333332,51,6003.0
104,2019,Baku,42,NOR,McLaren,8,7,110.06294117647059,107.758,7.608492372110954,105.394,2,20.9495,2,17.333333333333332,51,6003.0
104,2019,Baku,43,ALB,ToroRosso,11,11,110.61798,108.366,6.596421102911697,105.754,1,20.72,2,25.5,51,6003.0
104,2019,Baku,44,RUS,Williams,15,16,112.77710204081633,111.137,7.9345045220356445,107.251,2,20.613,2,16.666666666666668,51,6003.0
104,2019,Baku,45,KUB,Williams,16,19,113.45253061224489,111.513,6.722663383108293,107.709,3,18.936333333333334,2,16.666666666666668,51,6003.0
105,2019,Catalunya,1,HAM,Mercedes,1,2,87.12792424242423,82.144,16.018199452555987,78.492,2,22.387999999999998,2,22.333333333333332,66,4655.0
105,2019,Catalunya,2,RIC,Renault,12,13,87.68486363636363,84.039,12.365064052073814,80.615,2,22.5405,3,22.333333333333332,66,4655.0
105,2019,Catalunya,4,MAG,HaasF1Team,7,8,87.55457575757578,83.906,11.97743428421271,80.77,2,22.508499999999998,2,22.333333333333332,66,4655.0
105,2019,Catalunya,7,HUL,Renault,13,20,87.72248484848484,84.2555,11.401042080903661,81.282,1,22.193,2,33.5,66,4655.0
105,2019,Catalunya,8,KVY,ToroRosso,9,9,87.62877272727272,83.838,12.633940908758992,80.726,2,27.935,2,22.333333333333332,66,4655.0
105,2019,Catalunya,11,RAI,AlfaRomeo,14,14,87.76130303030303,84.46799999999999,11.107805692006647,81.382,2,22.4455,3,22.333333333333332,66,4655.0
105,2019,Catalunya,12,VET,Ferrari,4,3,87.26681818181818,82.7475,13.49400457286818,79.82,2,22.694499999999998,2,22.333333333333332,66,4655.0
105,2019,Catalunya,15,BOT,Mercedes,2,1,87.18965151515151,82.2005,14.518553056207796,78.737,2,22.026,2,22.333333333333332,66,4655.0
105,2019,Catalunya,16,PER,RacingPoint,15,15,87.83818181818182,84.1965,11.846295788342237,81.859,2,22.8385,2,22.333333333333332,66,4655.0
105,2019,Catalunya,22,GRO,HaasF1Team,10,7,87.65278787878788,83.644,12.767143298947136,81.057,2,22.555500000000002,2,22.333333333333332,66,4655.0
105,2019,Catalunya,25,SAI,McLaren,8,12,87.61795454545454,84.042,10.969698884348954,80.859,2,21.506500000000003,2,22.333333333333332,66,4655.0
105,2019,Catalunya,27,VER,RedBull,3,4,87.24427272727273,82.41399999999999,13.72314987226997,79.769,2,22.4785,2,22.333333333333332,66,4655.0
105,2019,Catalunya,35,GIO,AlfaRomeo,16,18,87.85051515151514,85.1565,7.9049594680855,81.833,2,22.944000000000003,2,22.333333333333332,66,4655.0
105,2019,Catalunya,36,STR,RacingPoint,19,16,85.0343181818182,84.2915,3.522868511251692,83.226,1,23.321,2,22.5,66,4655.0
105,2019,Catalunya,38,GAS,RedBull,6,6,87.42453030303031,83.126,13.313099858895141,80.536,2,22.329,2,22.333333333333332,66,4655.0
105,2019,Catalunya,40,LEC,Ferrari,5,5,87.33036363636363,82.7705,13.832612408737171,80.002,2,22.642000000000003,3,22.333333333333332,66,4655.0
105,2019,Catalunya,42,NOR,McLaren,20,10,85.04761363636364,84.414,3.4671416631524967,82.561,1,21.579,2,22.5,66,4655.0
105,2019,Catalunya,43,ALB,ToroRosso,11,11,87.66496969696969,83.92599999999999,14.104898507495893,81.028,2,30.468,2,22.333333333333332,66,4655.0
105,2019,Catalunya,44,RUS,Williams,17,19,89.38812307692307,86.191,10.698170723463212,82.382,2,22.144,2,22.0,66,4655.0
105,2019,Catalunya,45,KUB,Williams,18,17,89.5002153846154,86.406,10.396162249377634,83.202,2,22.048000000000002,2,22.0,66,4655.0
106,2019,MonteCarlo,1,HAM,Mercedes,1,1,79.59534615384615,77.5615,8.33879845408451,76.167,1,24.266,2,39.5,78,3337.0
106,2019,MonteCarlo,2,RIC,Renault,9,6,80.37603846153846,79.096,7.263383504508518,75.697,1,24.269,2,39.5,78,3337.0
106,2019,MonteCarlo,4,MAG,HaasF1Team,12,5,80.72667532467533,79.311,7.167973666616261,76.992,1,25.419,2,39.0,78,3337.0
106,2019,MonteCarlo,7,HUL,Renault,14,11,80.77723376623378,79.241,6.3672978857351215,76.276,1,25.532,2,39.0,78,3337.0
106,2019,MonteCarlo,8,KVY,ToroRosso,7,7,80.29501282051284,78.38300000000001,6.535693672369774,76.288,1,24.023,2,39.5,78,3337.0
106,2019,MonteCarlo,11,RAI,AlfaRomeo,17,14,81.26076623376623,79.472,6.220343271743009,76.436,1,26.299,2,39.0,78,3337.0
106,2019,MonteCarlo,12,VET,Ferrari,2,4,79.62870512820511,77.5575,8.148925683489713,76.277,1,24.483,2,39.5,78,3337.0
106,2019,MonteCarlo,15,BOT,Mercedes,3,2,79.63588461538461,77.5295,8.631461496058597,75.163,2,24.903,3,39.5,78,3337.0
106,2019,MonteCarlo,16,PER,RacingPoint,13,16,80.7388961038961,79.108,6.848071214399326,76.613,1,28.463,2,39.0,78,3337.0
106,2019,MonteCarlo,22,GRO,HaasF1Team,10,13,80.31373076923076,78.42,6.397660454432526,76.746,1,24.219,2,39.5,78,3337.0
106,2019,MonteCarlo,25,SAI,McLaren,6,9,80.28065384615384,78.423,6.568348966928344,75.891,1,23.795,2,39.5,78,3337.0
106,2019,MonteCarlo,27,VER,RedBull,4,3,79.60223076923076,77.5175,8.208915457294893,76.229,1,24.011,2,39.5,78,3337.0
106,2019,MonteCarlo,35,GIO,AlfaRomeo,19,18,81.76838157894738,79.47149999999999,7.2445672996475645,76.299,1,35.651,2,38.5,78,3337.0
106,2019,MonteCarlo,36,STR,RacingPoint,16,17,81.06098701298703,79.539,6.125419148909657,76.379,1,24.591,2,39.0,78,3337.0
106,2019,MonteCarlo,38,GAS,RedBull,5,8,79.72285897435899,77.5895,7.153910278900259,74.279,2,24.009500000000003,2,26.333333333333332,78,3337.0
106,2019,MonteCarlo,40,LEC,Ferrari,20,15,90.65025,84.787,12.316729801371793,79.151,2,25.8345,2,8.5,78,3337.0
106,2019,MonteCarlo,42,NOR,McLaren,11,12,80.45176923076923,78.7265,6.212605018419013,76.413,1,25.026,2,39.5,78,3337.0
106,2019,MonteCarlo,43,ALB,ToroRosso,8,10,80.30303846153846,78.429,6.512311821330561,75.607,1,25.062,2,39.5,78,3337.0
106,2019,MonteCarlo,44,RUS,Williams,15,19,80.97105194805192,79.347,6.439624424926348,77.038,1,26.165,2,39.0,78,3337.0
106,2019,MonteCarlo,45,KUB,Williams,18,20,81.65590909090908,79.149,6.730734780764668,77.388,1,23.946,2,39.0,78,3337.0
107,2019,Montreal,1,HAM,Mercedes,1,2,76.38691428571427,75.751,2.371378531039302,74.813,1,23.662,2,35.5,70,4361.0
107,2019,Montreal,2,RIC,Renault,6,4,77.53850724637681,76.986,2.2857025797410624,76.075,1,23.927,2,35.0,70,4361.0
107,2019,Montreal,4,MAG,HaasF1Team,17,20,79.53479411764705,79.074,3.1899655617793137,77.309,1,24.381,2,34.5,70,4361.0
107,2019,Montreal,7,HUL,Renault,7,7,77.54433333333334,77.105,2.3699166134912764,75.995,1,24.03,2,35.0,70,4361.0
107,2019,Montreal,8,KVY,ToroRosso,10,10,77.9941884057971,77.427,2.61352656315833,76.198,1,23.825,2,35.0,70,4361.0
107,2019,Montreal,11,RAI,AlfaRomeo,15,16,78.51010144927535,77.78,3.799500285041084,75.442,2,25.003999999999998,3,23.333333333333332,70,4361.0
107,2019,Montreal,12,VET,Ferrari,2,1,76.36774285714286,75.838,2.304514213235885,74.875,1,23.782,2,35.5,70,4361.0
107,2019,Montreal,15,BOT,Mercedes,4,6,77.1161,76.756,3.1409882878861035,73.078,2,23.725,3,23.666666666666668,70,4361.0
107,2019,Montreal,16,PER,RacingPoint,12,15,78.14491304347825,77.556,2.7808053411320515,76.314,1,24.076,2,35.0,70,4361.0
107,2019,Montreal,22,GRO,HaasF1Team,14,14,78.50198550724639,78.09,3.1780631009022255,76.245,1,24.071,2,35.0,70,4361.0
107,2019,Montreal,25,SAI,McLaren,11,11,78.02560869565218,77.503,2.6956033386488896,76.471,1,24.727,2,35.0,70,4361.0
107,2019,Montreal,27,VER,RedBull,5,9,77.21055714285714,76.81700000000001,2.492334809176969,74.767,1,23.426,2,35.5,70,4361.0
107,2019,Montreal,35,GIO,AlfaRomeo,13,12,78.47779710144924,77.832,2.946525449225351,76.365,1,23.884,2,35.0,70,4361.0
107,2019,Montreal,36,STR,RacingPoint,9,17,77.9581304347826,77.311,2.667944278637213,76.043,1,23.727,2,35.0,70,4361.0
107,2019,Montreal,38,GAS,RedBull,8,5,77.69021739130437,77.244,2.322925930484358,76.157,1,23.485,2,35.0,70,4361.0
107,2019,Montreal,40,LEC,Ferrari,3,3,76.454,75.9785,2.4845305566558293,74.356,1,23.732,2,35.5,70,4361.0
107,2019,Montreal,42,NOR,McLaren,20,8,80.775625,78.88,4.067865110051148,78.023,0,0.0,1,9.0,70,4361.0
107,2019,Montreal,43,ALB,ToroRosso,19,13,79.43055932203389,78.44,6.307511117081751,77.151,1,37.95,2,60.0,70,4361.0
107,2019,Montreal,44,RUS,Williams,16,18,79.40870588235293,78.681,3.0590830986982027,77.241,1,23.686,2,34.5,70,4361.0
107,2019,Montreal,45,KUB,Williams,18,19,80.24104477611941,79.368,3.703636290281753,77.285,2,24.1645,2,22.666666666666668,70,4361.0
108,2019,LeCastellet,1,HAM,Mercedes,1,1,95.68298113207548,94.812,3.2642598023640006,92.764,1,30.186,2,27.0,53,5842.0
108,2019,LeCastellet,2,RIC,Renault,11,8,97.67051923076922,96.82499999999999,3.7125952525729025,94.873,1,31.031,2,26.5,53,5842.0
108,2019,LeCastellet,4,MAG,HaasF1Team,17,15,98.6883076923077,98.013,3.898188586563029,95.692,1,30.832,2,26.5,53,5842.0
108,2019,LeCastellet,7,HUL,Renault,8,13,97.6990576923077,96.8595,3.808075085834236,94.754,1,30.884,2,26.5,53,5842.0
108,2019,LeCastellet,8,KVY,ToroRosso,14,19,98.21367307692309,97.25200000000001,4.391144134800665,95.225,1,30.233,2,26.5,53,5842.0
108,2019,LeCastellet,11,RAI,AlfaRomeo,7,12,97.68828846153846,96.8655,3.583152858217807,94.95,1,29.975,2,26.5,53,5842.0
108,2019,LeCastellet,12,VET,Ferrari,5,7,96.86781132075473,95.48,4.6995099296735345,92.74,2,30.256,3,18.0,53,5842.0
108,2019,LeCastellet,15,BOT,Mercedes,2,2,96.02366037735848,95.327,3.5800229583674907,93.586,1,30.412,2,27.0,53,5842.0
108,2019,LeCastellet,16,PER,RacingPoint,12,14,97.93296153846153,96.80600000000001,4.534263876358818,95.014,1,37.286,2,26.5,53,5842.0
108,2019,LeCastellet,22,GRO,HaasF1Team,20,16,98.74561363636366,98.09299999999999,4.2322830784995835,95.691,1,30.837,2,22.5,53,5842.0
108,2019,LeCastellet,25,SAI,McLaren,6,6,97.48415094339624,96.78,3.3753840487828843,94.561,1,29.92,2,27.0,53,5842.0
108,2019,LeCastellet,27,VER,RedBull,4,4,96.34156603773582,95.457,3.5846519759698268,94.162,1,30.118,2,27.0,53,5842.0
108,2019,LeCastellet,35,GIO,AlfaRomeo,16,10,98.59078846153845,97.4785,4.839629228775808,95.115,2,31.2695,3,17.666666666666668,53,5842.0
108,2019,LeCastellet,36,STR,RacingPoint,13,17,97.97853846153846,96.78999999999999,4.128802254566721,94.924,1,30.849,2,26.5,53,5842.0
108,2019,LeCastellet,38,GAS,RedBull,10,9,97.83503846153847,97.064,3.6998708454487317,95.15,1,30.228,2,26.5,53,5842.0
108,2019,LeCastellet,40,LEC,Ferrari,3,3,96.0411886792453,95.093,3.5406844191516447,93.828,1,30.203,2,27.0,53,5842.0
108,2019,LeCastellet,42,NOR,McLaren,9,5,97.73446153846155,96.84,3.4806025028442167,95.197,1,30.576,2,26.5,53,5842.0
108,2019,LeCastellet,43,ALB,ToroRosso,15,11,98.2597307692308,97.1525,4.028311942062595,95.029,1,30.279,2,26.5,53,5842.0
108,2019,LeCastellet,44,RUS,Williams,19,20,100.2683137254902,99.059,5.525787598126429,95.83,2,34.722,2,17.333333333333332,53,5842.0
108,2019,LeCastellet,45,KUB,Williams,18,18,100.09043137254903,99.352,3.8406886739484714,96.608,1,29.792,2,26.0,53,5842.0
109,2019,Spielberg,1,HAM,Mercedes,5,4,69.6426338028169,69.215,3.2211944733922047,68.05,1,30.067,2,36.0,71,4318.0
109,2019,Spielberg,2,RIC,Renault,12,12,70.66980000000001,70.3775,2.7358952094518254,68.019,1,22.305,2,35.5,71,4318.0
109,2019,Spielberg,4,MAG,HaasF1Team,19,10,71.87960869565218,70.428,3.7331016366988012,68.903,3,20.592,2,23.333333333333332,71,4318.0
109,2019,Spielberg,7,HUL,Renault,13,15,70.69447142857142,70.22149999999999,2.379906658268428,69.248,1,21.985,2,35.5,71,4318.0
109,2019,Spielberg,8,KVY,ToroRosso,17,16,71.25311428571429,70.58099999999999,2.997049880590826,69.498,1,25.091,2,35.5,71,4318.0
109,2019,Spielberg,11,RAI,AlfaRomeo,9,6,70.60447142857143,70.1965,2.301354514328707,69.126,1,21.709,2,35.5,71,4318.0
109,2019,Spielberg,12,VET,Ferrari,4,9,69.5976338028169,68.795,3.4553959344746445,67.676,2,23.7435,2,24.0,71,4318.0
109,2019,Spielberg,15,BOT,Mercedes,3,3,69.58847887323944,69.19,2.164128533673906,68.565,1,22.552,2,36.0,71,4318.0
109,2019,Spielberg,16,PER,RacingPoint,11,13,70.65321428571428,70.113,2.39799604073634,69.061,1,22.33,2,35.5,71,4318.0
109,2019,Spielberg,22,GRO,HaasF1Team,16,11,70.94511428571428,70.59450000000001,2.8909331001681857,68.987,1,22.265,2,35.5,71,4318.0
109,2019,Spielberg,25,SAI,McLaren,8,19,70.57434285714287,70.171,2.5388851135637807,68.117,1,21.266,2,35.5,71,4318.0
109,2019,Spielberg,27,VER,RedBull,1,2,69.32143661971831,68.981,2.3631947004752116,67.475,1,21.11,2,36.0,71,4318.0
109,2019,Spielberg,35,GIO,AlfaRomeo,10,7,70.61392857142856,70.1795,2.2921476564309695,69.051,1,21.672,2,35.5,71,4318.0
109,2019,Spielberg,36,STR,RacingPoint,14,14,70.80772857142858,70.27799999999999,2.471133501114673,69.288,1,21.982,2,35.5,71,4318.0
109,2019,Spielberg,38,GAS,RedBull,7,8,70.41477142857143,69.916,2.438443891842623,68.79,1,22.239,2,35.5,71,4318.0
109,2019,Spielberg,40,LEC,Ferrari,2,1,69.35980281690141,69.029,2.2576882843153543,67.994,1,21.878,2,36.0,71,4318.0
109,2019,Spielberg,42,NOR,McLaren,6,5,70.3327,69.905,2.40943193948584,68.699,1,21.547,2,35.5,71,4318.0
109,2019,Spielberg,43,ALB,ToroRosso,15,18,70.83164285714285,70.4175,2.7354237572028914,68.946,1,21.225,2,35.5,71,4318.0
109,2019,Spielberg,44,RUS,Williams,18,20,71.56278260869567,70.771,2.7632749318706695,69.926,1,22.772,2,35.0,71,4318.0
109,2019,Spielberg,45,KUB,Williams,20,17,72.56414705882355,72.153,2.3923542159280737,70.964,1,21.525,2,34.5,71,4318.0
110,2019,Silverstone,1,HAM,Mercedes,1,2,93.62407692307694,89.866,14.6336803780092,87.369,1,28.905,2,26.5,52,5891.0
110,2019,Silverstone,2,RIC,Renault,7,7,94.67025,91.703,10.570430059470471,89.624,2,28.3985,3,17.666666666666668,52,5891.0
110,2019,Silverstone,4,MAG,HaasF1Team,20,16,112.91633333333334,103.0175,25.733317972361558,93.425,1,32.767,2,7.0,52,5891.0
110,2019,Silverstone,7,HUL,Renault,10,10,95.02278846153847,91.7155,9.560000739060882,89.949,1,28.926,2,26.5,52,5891.0
110,2019,Silverstone,8,KVY,ToroRosso,9,17,94.90715384615386,92.0565,8.949966647729761,89.91,2,29.094,3,17.666666666666668,52,5891.0
110,2019,Silverstone,11,RAI,AlfaRomeo,8,12,94.88446153846154,92.03,9.279028432198624,90.034,1,28.364,2,26.5,52,5891.0
110,2019,Silverstone,12,VET,Ferrari,16,6,95.78260784313724,91.413,14.004831974827022,88.733,2,33.2445,3,17.333333333333332,52,5891.0
110,2019,Silverstone,15,BOT,Mercedes,2,1,94.10346153846157,90.1945,12.660913530621093,87.406,2,28.335,2,17.666666666666668,52,5891.0
110,2019,Silverstone,16,PER,RacingPoint,17,15,96.17205882352943,92.42,10.681547212668704,89.456,3,32.34766666666666,3,13.0,52,5891.0
110,2019,Silverstone,22,GRO,HaasF1Team,19,14,103.07566666666666,94.953,13.834519236316094,94.35,1,33.562,2,10.0,52,5891.0
110,2019,Silverstone,25,SAI,McLaren,6,13,94.65559615384615,91.49600000000001,10.74601713770765,89.757,1,27.98,2,26.5,52,5891.0
110,2019,Silverstone,27,VER,RedBull,5,4,94.38288461538463,90.916,11.511100614579577,89.272,2,27.8885,2,17.666666666666668,52,5891.0
110,2019,Silverstone,35,GIO,AlfaRomeo,18,11,93.9326111111111,93.153,2.2345358812458502,92.464,0,0.0,1,19.0,52,5891.0
110,2019,Silverstone,36,STR,RacingPoint,13,18,95.18342307692306,92.21600000000001,9.793867177376079,89.39,2,29.737000000000002,3,17.666666666666668,52,5891.0
110,2019,Silverstone,38,GAS,RedBull,4,5,94.29123076923078,91.19550000000001,10.679241224083851,89.544,1,27.905,2,26.5,52,5891.0
110,2019,Silverstone,40,LEC,Ferrari,3,3,94.20325,90.6935,11.348259068132476,89.313,2,28.453,3,17.666666666666668,52,5891.0
110,2019,Silverstone,42,NOR,McLaren,11,8,95.0525576923077,91.7695,10.083573803154572,89.636,2,28.097,3,17.666666666666668,52,5891.0
110,2019,Silverstone,43,ALB,ToroRosso,12,9,95.07825000000001,91.9255,9.613774417164034,90.872,1,28.954,2,26.5,52,5891.0
110,2019,Silverstone,44,RUS,Williams,14,19,95.76192156862746,93.32,8.35376105438296,91.013,1,30.245,2,26.0,52,5891.0
110,2019,Silverstone,45,KUB,Williams,15,20,95.97329411764706,93.799,8.94707740280393,91.509,1,28.694,2,26.0,52,5891.0
111,2019,Hockenheim,1,HAM,Mercedes,9,1,98.29596875,91.581,20.051121148219995,77.485,6,29.810999999999996,3,10.833333333333334,64,4574.0
111,2019,Hockenheim,2,RIC,Renault,19,13,102.48261538461537,95.999,12.79260109424234,92.654,1,21.224,2,7.0,64,4574.0
111,2019,Hockenheim,4,MAG,HaasF1Team,8,12,98.281875,94.188,14.905642626573036,79.062,6,20.834833333333332,3,9.285714285714286,64,4574.0
111,2019,Hockenheim,7,HUL,Renault,16,9,101.27007692307691,93.345,15.940836505463789,89.576,3,20.958,2,10.0,64,4574.0
111,2019,Hockenheim,8,KVY,ToroRosso,3,14,98.1184375,94.122,15.769847491361281,77.708,4,22.38975,3,13.0,64,4574.0
111,2019,Hockenheim,11,RAI,AlfaRomeo,12,5,98.179515625,93.1875,16.57968073293636,77.746,4,22.908749999999998,4,13.0,64,4574.0
111,2019,Hockenheim,12,VET,Ferrari,2,20,98.10325,93.2125,16.123889489015,76.794,5,20.7524,3,10.833333333333334,64,4574.0
111,2019,Hockenheim,15,BOT,Mercedes,15,3,98.90226785714286,91.486,17.874956064526877,78.272,4,21.223,4,11.4,64,4574.0
111,2019,Hockenheim,16,PER,RacingPoint,20,8,112.843,112.843,,112.843,0,0.0,1,2.0,64,4574.0
111,2019,Hockenheim,22,GRO,HaasF1Team,7,6,98.25176562499999,93.572,16.832911825691298,78.811,5,22.6646,3,10.833333333333334,64,4574.0
111,2019,Hockenheim,25,SAI,McLaren,5,7,98.13840625,93.40899999999999,15.866946987038311,77.841,3,21.346,3,16.25,64,4574.0
111,2019,Hockenheim,27,VER,RedBull,1,2,97.988671875,91.2435,18.753643442880335,76.645,5,20.3718,4,10.833333333333334,64,4574.0
111,2019,Hockenheim,35,GIO,AlfaRomeo,13,11,98.2050625,93.2145,16.219199459503013,77.507,4,22.894250000000003,4,13.0,64,4574.0
111,2019,Hockenheim,36,STR,RacingPoint,4,15,98.12876562499999,93.6935,16.342599929876698,77.831,5,21.308400000000002,4,10.833333333333334,64,4574.0
111,2019,Hockenheim,38,GAS,RedBull,14,4,99.14218032786884,93.208,16.14451620469336,77.495,4,22.5265,3,12.4,64,4574.0
111,2019,Hockenheim,40,LEC,Ferrari,17,10,96.37981481481481,91.992,11.330569532284155,87.697,3,20.926666666666666,2,9.333333333333334,64,4574.0
111,2019,Hockenheim,42,NOR,McLaren,18,19,99.17960000000001,93.521,10.221279005095203,91.081,2,20.822000000000003,2,13.0,64,4574.0
111,2019,Hockenheim,43,ALB,ToroRosso,6,16,98.145734375,92.89750000000001,16.608504331657095,77.85,4,20.935,3,16.25,64,4574.0
111,2019,Hockenheim,44,RUS,Williams,11,17,98.40123437500002,96.7165,13.178707532001678,79.3,5,20.8858,3,10.833333333333334,64,4574.0
111,2019,Hockenheim,45,KUB,Williams,10,18,98.37909375,96.40100000000001,12.912807745184129,79.563,5,20.811600000000002,3,10.833333333333334,64,4574.0
112,2019,Budapest,1,HAM,Mercedes,1,3,81.4828,81.4795,3.2556645288846453,78.528,2,22.134999999999998,2,23.666666666666668,70,4381.0
112,2019,Budapest,2,RIC,Renault,14,20,83.8114927536232,83.482,3.053247507467824,80.839,1,22.498,2,35.0,70,4381.0
112,2019,Budapest,4,MAG,HaasF1Team,13,14,83.80810144927536,83.34,2.8589000051692413,81.008,1,21.618,2,35.0,70,4381.0
112,2019,Budapest,7,HUL,Renault,12,11,83.7971304347826,83.423,2.685579343308843,81.65,1,21.734,2,35.0,70,4381.0
112,2019,Budapest,8,KVY,ToroRosso,15,13,83.95564705882354,82.9925,3.065947438308236,81.932,1,23.002,2,34.5,70,4381.0
112,2019,Budapest,11,RAI,AlfaRomeo,7,10,83.11866666666666,82.779,2.756660557880232,80.88,1,22.205,2,35.0,70,4381.0
112,2019,Budapest,12,VET,Ferrari,3,5,82.36041428571428,82.42750000000001,2.939983848387345,79.786,1,24.819,2,35.5,70,4381.0
112,2019,Budapest,15,BOT,Mercedes,8,2,83.12933333333332,82.272,4.534327032455302,79.331,2,27.536,2,23.333333333333332,70,4381.0
112,2019,Budapest,16,PER,RacingPoint,11,16,83.78791304347826,82.999,2.6978900892185806,81.734,1,21.901,2,35.0,70,4381.0
112,2019,Budapest,22,GRO,HaasF1Team,20,9,85.03818367346939,84.296,4.076181759489455,82.809,1,22.035,2,25.0,70,4381.0
112,2019,Budapest,25,SAI,McLaren,5,8,83.05972463768116,82.77,2.604560891545139,81.002,1,21.832,2,35.0,70,4381.0
112,2019,Budapest,27,VER,RedBull,2,1,81.73702857142855,81.4915,3.362958669633719,77.103,2,21.4345,3,23.666666666666668,70,4381.0
112,2019,Budapest,35,GIO,AlfaRomeo,18,17,84.95088235294115,84.074,2.95918166143202,83.134,1,23.218,2,34.5,70,4381.0
112,2019,Budapest,36,STR,RacingPoint,17,18,84.81575000000001,83.8825,3.4614461707909863,80.603,2,21.823999999999998,3,23.0,70,4381.0
112,2019,Budapest,38,GAS,RedBull,6,6,83.07991304347826,82.581,2.6224640284592375,81.045,1,22.104,2,35.0,70,4381.0
112,2019,Budapest,40,LEC,Ferrari,4,4,82.41494285714283,82.16499999999999,2.5549363580701616,80.493,1,21.575,2,35.5,70,4381.0
112,2019,Budapest,42,NOR,McLaren,9,7,83.20560869565216,82.736,3.2634847903708857,81.188,1,26.066,2,35.0,70,4381.0
112,2019,Budapest,43,ALB,ToroRosso,10,12,83.62786956521738,82.925,3.0323801460871693,80.621,1,23.676,2,35.0,70,4381.0
112,2019,Budapest,44,RUS,Williams,16,15,84.76030882352941,83.973,2.694690895558812,82.386,1,21.333,2,34.5,70,4381.0
112,2019,Budapest,45,KUB,Williams,19,19,85.28468656716417,84.339,3.231698133259632,83.436,1,21.754,2,34.0,70,4381.0
113,2019,Spa,1,HAM,Mercedes,2,3,114.24297727272727,108.8335,18.210291432847498,106.58,1,23.497,2,22.5,44,7004.0
113,2019,Spa,2,RIC,Renault,14,10,117.40618604651162,111.762,17.33587942370199,110.451,1,27.62,2,22.0,44,7004.0
113,2019,Spa,4,MAG,HaasF1Team,12,8,117.0327906976744,112.122,17.44555705419978,108.677,1,22.584,2,22.0,44,7004.0
113,2019,Spa,7,HUL,Renault,8,12,116.64429545454546,110.4445,17.510316852059354,108.349,2,23.2375,2,15.0,44,7004.0
113,2019,Spa,8,KVY,ToroRosso,7,19,116.25834090909092,110.7365,17.424476537388678,108.143,1,22.834,2,22.5,44,7004.0
113,2019,Spa,11,RAI,AlfaRomeo,16,6,117.89365116279069,112.465,17.470141627092016,108.753,3,30.314000000000004,2,14.666666666666666,44,7004.0
113,2019,Spa,12,VET,Ferrari,4,2,114.82118181818181,108.97,18.14061525106311,106.409,2,22.8245,2,15.0,44,7004.0
113,2019,Spa,15,BOT,Mercedes,3,4,114.50670454545455,109.249,18.09874574168897,106.465,1,22.579,2,22.5,44,7004.0
113,2019,Spa,16,PER,RacingPoint,6,7,116.13995454545456,110.22200000000001,17.493254422118127,108.781,1,23.133,2,22.5,44,7004.0
113,2019,Spa,22,GRO,HaasF1Team,13,9,117.19506976744188,111.291,17.39675839453643,109.274,1,22.912,2,22.0,44,7004.0
113,2019,Spa,25,SAI,McLaren,19,15,194.682,194.682,,194.682,1,59.291,1,2.0,44,7004.0
113,2019,Spa,27,VER,RedBull,20,5,,,,,0,0.0,1,1.0,44,7004.0
113,2019,Spa,35,GIO,AlfaRomeo,18,18,116.73326190476189,110.8485,17.764059879924343,107.56,1,23.044,2,21.5,44,7004.0
113,2019,Spa,36,STR,RacingPoint,10,16,116.717,110.798,17.444926461748523,108.357,2,24.012,2,15.0,44,7004.0
113,2019,Spa,38,GAS,ToroRosso,9,13,116.70177272727273,111.166,17.24356882996259,109.7,1,22.772,2,22.5,44,7004.0
113,2019,Spa,40,LEC,Ferrari,1,1,114.2206818181818,108.9325,18.255274783779342,106.664,1,22.449,2,22.5,44,7004.0
113,2019,Spa,42,NOR,McLaren,11,11,115.83134883720932,109.808,17.819855894190077,108.321,1,23.182,2,22.0,44,7004.0
113,2019,Spa,43,ALB,RedBull,5,17,116.0689772727273,110.797,17.599205303792917,107.507,1,22.506,2,22.5,44,7004.0
113,2019,Spa,44,RUS,Williams,15,14,117.61053488372092,112.364,17.366028760812682,108.86,1,22.442,2,22.0,44,7004.0
113,2019,Spa,45,KUB,Williams,17,20,117.99909302325582,112.42,17.256752578702898,109.22,1,24.247,2,22.0,44,7004.0
114,2019,Monza,1,HAM,Mercedes,3,2,86.07290566037737,84.723,5.232177158492625,81.779,2,23.8215,2,18.0,53,5793.0
114,2019,Monza,2,RIC,Renault,4,5,86.26754716981132,85.426,4.919497983167191,83.466,1,24.32,2,27.0,53,5793.0
114,2019,Monza,4,MAG,HaasF1Team,18,11,88.61655813953487,86.45,5.832024023002019,84.443,2,24.689,2,14.666666666666666,53,5793.0
114,2019,Monza,7,HUL,Renault,5,6,86.50622641509432,85.671,5.561078525864141,83.641,1,24.092,2,27.0,53,5793.0
114,2019,Monza,8,KVY,ToroRosso,19,12,87.6619655172414,86.046,4.481415915300802,85.772,1,24.479,2,15.0,53,5793.0
114,2019,Monza,11,RAI,AlfaRomeo,15,20,88.30509615384616,86.49350000000001,6.121382479567943,84.419,2,28.4805,2,26.5,53,5793.0
114,2019,Monza,12,VET,Ferrari,13,4,87.80676923076923,85.0865,7.942878424802405,82.799,3,29.55666666666667,3,17.666666666666668,53,5793.0
114,2019,Monza,15,BOT,Mercedes,2,3,85.4245283018868,84.847,4.517388969321232,82.859,1,23.7,2,27.0,53,5793.0
114,2019,Monza,16,PER,RacingPoint,7,18,86.8012641509434,85.81,5.007423324621093,83.77,1,25.34,2,27.0,53,5793.0
114,2019,Monza,22,GRO,HaasF1Team,16,13,88.6815384615385,86.7325,6.128147548080147,84.985,2,25.801000000000002,2,17.666666666666668,53,5793.0
114,2019,Monza,25,SAI,McLaren,20,7,86.49725925925925,86.046,1.3963730929858298,85.637,1,27.01,1,28.0,53,5793.0
114,2019,Monza,27,VER,RedBull,8,19,86.81428301886794,84.896,7.210631500076705,83.143,2,27.756999999999998,2,27.0,53,5793.0
114,2019,Monza,35,GIO,AlfaRomeo,9,10,87.1071730769231,85.918,4.590976613268104,84.503,1,25.698,2,26.5,53,5793.0
114,2019,Monza,36,STR,RacingPoint,12,9,87.4188846153846,85.97800000000001,5.586693629680756,84.165,2,21.628500000000003,2,26.5,53,5793.0
114,2019,Monza,38,GAS,ToroRosso,11,17,87.17123076923077,86.0775,4.8728367291382355,83.885,1,24.363,2,26.5,53,5793.0
114,2019,Monza,40,LEC,Ferrari,1,1,85.40877358490567,84.121,4.694579216998414,83.009,1,23.833,2,27.0,53,5793.0
114,2019,Monza,42,NOR,McLaren,10,16,87.13624999999999,85.9315,4.959326989741295,84.044,1,24.311,2,26.5,53,5793.0
114,2019,Monza,43,ALB,RedBull,6,8,86.5279245283019,85.555,5.182617863326547,83.364,1,29.83,2,27.0,53,5793.0
114,2019,Monza,44,RUS,Williams,14,14,87.83528846153845,86.78999999999999,4.738068748359186,84.842,1,24.198,2,26.5,53,5793.0
114,2019,Monza,45,KUB,Williams,17,15,89.29380392156864,87.617,6.818735093900062,84.989,2,27.851,2,17.333333333333332,53,5793.0
115,2019,Singapore,1,HAM,Mercedes,4,2,116.69303278688524,109.078,19.41974442499799,104.914,1,28.93,2,31.0,61,5063.0
115,2019,Singapore,2,RIC,Renault,14,20,117.23486885245903,109.289,16.38211654872004,105.915,1,30.756,2,31.0,61,5063.0
115,2019,Singapore,4,MAG,HaasF1Team,17,13,118.03588524590165,109.674,17.713274711449564,102.301,2,30.1595,3,20.666666666666668,61,5063.0
115,2019,Singapore,7,HUL,Renault,9,8,116.8915573770492,108.891,18.02270064069625,105.765,2,29.3575,3,20.666666666666668,61,5063.0
115,2019,Singapore,8,KVY,ToroRosso,15,14,117.2433606557377,109.604,17.679617855063857,104.371,2,31.755,3,20.666666666666668,61,5063.0
115,2019,Singapore,11,RAI,AlfaRomeo,18,12,117.99410204081633,109.521,18.291536585997108,107.062,1,29.992,2,25.0,61,5063.0
115,2019,Singapore,12,VET,Ferrari,1,3,116.61749180327868,108.309,20.68684444328726,104.802,1,29.384,2,31.0,61,5063.0
115,2019,Singapore,15,BOT,Mercedes,5,5,116.7178032786885,109.107,18.90331975943174,103.534,1,29.234,2,31.0,61,5063.0
115,2019,Singapore,16,PER,RacingPoint,19,15,115.04830952380951,109.453,14.822414571557717,106.683,1,29.082,2,21.5,61,5063.0
115,2019,Singapore,22,GRO,HaasF1Team,11,17,117.1984098360656,109.982,17.08444185545926,106.274,2,36.516,3,20.666666666666668,61,5063.0
115,2019,Singapore,25,SAI,McLaren,12,7,117.20722950819673,109.511,18.40656682762382,105.969,2,50.2515,3,20.666666666666668,61,5063.0
115,2019,Singapore,27,VER,RedBull,3,4,116.68013114754099,108.874,20.045822987574756,105.176,1,28.846,2,31.0,61,5063.0
115,2019,Singapore,35,GIO,AlfaRomeo,10,10,116.91019672131148,109.3,16.996479827520826,105.63,2,29.015,3,20.666666666666668,61,5063.0
115,2019,Singapore,36,STR,RacingPoint,13,16,117.21452459016393,109.786,16.703843792778713,104.896,3,32.71,3,15.5,61,5063.0
115,2019,Singapore,38,GAS,ToroRosso,8,11,116.87236065573771,109.264,17.514643491502362,105.769,1,32.482,2,31.0,61,5063.0
115,2019,Singapore,40,LEC,Ferrari,2,1,116.6607868852459,108.671,20.431692432847843,104.723,1,29.168,2,31.0,61,5063.0
115,2019,Singapore,42,NOR,McLaren,7,9,116.85960655737705,109.253,18.264914058816604,105.716,1,30.397,2,31.0,61,5063.0
115,2019,Singapore,43,ALB,RedBull,6,6,116.80868852459017,109.224,18.683236353784267,105.26,1,28.606,2,31.0,61,5063.0
115,2019,Singapore,44,RUS,Williams,20,18,111.06182352941177,109.11449999999999,7.743099690459839,108.285,1,38.752,2,35.0,61,5063.0
115,2019,Singapore,45,KUB,Williams,16,19,117.38837704918033,111.062,14.94495034246678,106.793,2,29.677,2,20.666666666666668,61,5063.0
116,2019,Sochi,1,HAM,Mercedes,1,2,106.01871698113206,98.41,20.26169274705478,95.761,1,29.751,2,27.0,53,5848.0
116,2019,Sochi,2,RIC,Renault,19,10,109.23200000000001,102.6275,20.753670261048953,101.284,1,36.031,2,12.5,53,5848.0
116,2019,Sochi,4,MAG,HaasF1Team,9,13,107.03341509433962,100.821,16.855185179634425,98.13,1,30.509,2,27.0,53,5848.0
116,2019,Sochi,7,HUL,Renault,10,6,107.14779245283022,100.643,15.862499530652219,98.519,2,32.025000000000006,2,18.0,53,5848.0
116,2019,Sochi,8,KVY,ToroRosso,12,19,107.19788679245283,101.427,15.858015886975046,98.228,2,30.162,2,18.0,53,5848.0
116,2019,Sochi,11,RAI,AlfaRomeo,13,15,107.31890566037738,101.309,15.651748521471664,98.589,2,30.775,2,27.0,53,5848.0
116,2019,Sochi,12,VET,Ferrari,18,3,104.97423076923077,98.974,17.638977664950296,98.245,1,29.86,1,27.0,53,5848.0
116,2019,Sochi,15,BOT,Mercedes,2,4,106.09096226415096,98.842,19.45922433623138,96.316,1,29.436,2,27.0,53,5848.0
116,2019,Sochi,16,PER,RacingPoint,7,11,106.93811320754719,100.778,15.977163398305981,98.043,1,30.271,2,27.0,53,5848.0
116,2019,Sochi,22,GRO,HaasF1Team,20,8,,,,,0,0.0,1,1.0,53,5848.0
116,2019,Sochi,25,SAI,McLaren,6,5,106.88454716981136,100.789,16.538791964262543,98.02,1,30.103,2,27.0,53,5848.0
116,2019,Sochi,27,VER,RedBull,4,9,106.28683018867926,99.515,17.970802469920958,96.937,1,29.978,2,27.0,53,5848.0
116,2019,Sochi,35,GIO,AlfaRomeo,15,12,107.4026037735849,101.95,14.925408973058744,98.696,2,34.21,3,18.0,53,5848.0
116,2019,Sochi,36,STR,RacingPoint,11,14,107.16628301886794,100.92,16.29192971686071,98.611,1,30.168,2,27.0,53,5848.0
116,2019,Sochi,38,GAS,ToroRosso,14,16,107.34090566037736,101.709,14.909300623673891,98.606,1,29.935,2,27.0,53,5848.0
116,2019,Sochi,40,LEC,Ferrari,3,1,106.11705660377359,98.525,19.80747876571944,96.193,2,29.4745,2,18.0,53,5848.0
116,2019,Sochi,42,NOR,McLaren,8,7,107.108320754717,100.789,16.00564038655122,98.301,1,29.29,2,27.0,53,5848.0
116,2019,Sochi,43,ALB,RedBull,5,20,106.7422641509434,101.239,16.671934402959206,96.762,1,29.854,2,27.0,53,5848.0
116,2019,Sochi,44,RUS,Williams,17,17,108.81488888888889,102.568,16.299664919475475,101.705,1,29.857,1,28.0,53,5848.0
116,2019,Sochi,45,KUB,Williams,16,18,110.79671428571429,104.0175,16.23210732275899,102.327,2,30.381999999999998,2,29.0,53,5848.0
117,2019,Suzuka,1,HAM,Mercedes,3,4,94.62717307692309,93.93350000000001,4.005756390942247,90.983,2,23.5865,2,17.666666666666668,52,5807.0
117,2019,Suzuka,2,RIC,Renault,6,16,96.4207450980392,96.151,3.2360641516702806,93.481,1,23.292,2,26.0,52,5807.0
117,2019,Suzuka,4,MAG,HaasF1Team,17,19,97.75270588235294,96.991,4.304312113655875,91.732,2,24.0645,3,17.333333333333332,52,5807.0
117,2019,Suzuka,7,HUL,Renault,10,15,96.68196078431372,96.298,3.0155161479307946,94.921,1,24.132,2,26.0,52,5807.0
117,2019,Suzuka,8,KVY,ToroRosso,12,14,96.80617647058823,96.605,3.468144620432557,93.239,1,23.293,2,26.0,52,5807.0
117,2019,Suzuka,11,RAI,AlfaRomeo,14,13,97.20570588235292,96.417,4.24559387268315,93.19,2,23.816000000000003,3,17.333333333333332,52,5807.0
117,2019,Suzuka,12,VET,Ferrari,2,1,94.61726923076921,93.54,3.9591069854415326,92.122,2,23.622500000000002,2,17.666666666666668,52,5807.0
117,2019,Suzuka,15,BOT,Mercedes,1,3,94.36067307692308,93.5675,3.656211468554623,91.862,2,23.0785,2,17.666666666666668,52,5807.0
117,2019,Suzuka,16,PER,RacingPoint,9,17,96.66990196078432,96.033,3.877427050273942,92.621,2,23.0905,2,17.333333333333332,52,5807.0
117,2019,Suzuka,22,GRO,HaasF1Team,15,10,97.34341176470589,96.802,2.965695838594851,94.988,1,23.478,2,26.0,52,5807.0
117,2019,Suzuka,25,SAI,McLaren,5,7,95.68953846153846,95.726,3.003267178189404,93.563,1,23.476,2,26.5,52,5807.0
117,2019,Suzuka,27,VER,RedBull,20,5,98.43000000000002,97.666,2.464188210843795,97.249,0,0.0,1,15.0,52,5807.0
117,2019,Suzuka,35,GIO,AlfaRomeo,16,11,97.70729411764704,96.962,3.995624188004261,92.369,2,23.3815,3,17.333333333333332,52,5807.0
117,2019,Suzuka,36,STR,RacingPoint,11,12,96.73333333333332,96.306,2.8596207277656025,94.713,1,23.292,2,26.0,52,5807.0
117,2019,Suzuka,38,GAS,ToroRosso,8,9,96.66264705882355,96.225,2.9153151378437925,95.321,1,23.18,2,26.0,52,5807.0
117,2019,Suzuka,40,LEC,Ferrari,7,2,96.30845098039215,95.286,5.3755910086751415,91.611,3,25.787333333333333,2,13.0,52,5807.0
117,2019,Suzuka,42,NOR,McLaren,13,8,96.95105882352942,96.062,4.412227525464953,94.116,2,24.648000000000003,3,17.333333333333332,52,5807.0
117,2019,Suzuka,43,ALB,RedBull,4,6,95.50561538461537,94.4665,3.8796867427305846,92.775,2,23.3275,2,17.666666666666668,52,5807.0
117,2019,Suzuka,44,RUS,Williams,18,18,98.07956000000001,97.596,3.4247190449937435,95.458,1,23.792,2,25.5,52,5807.0
117,2019,Suzuka,45,KUB,Williams,19,20,99.83676,98.8415,4.805431427721199,96.332,2,24.852,2,17.0,52,5807.0
118,2019,MexicoCity,1,HAM,Mercedes,1,3,81.81554929577466,81.008,4.303857149742816,79.461,1,22.269,2,36.0,71,4304.0
118,2019,MexicoCity,2,RIC,Renault,8,13,82.87081690140845,81.995,4.799788067672094,80.146,1,22.345,2,36.0,71,4304.0
118,2019,MexicoCity,4,MAG,HaasF1Team,15,17,84.20998550724636,82.68,5.1759481271060634,81.682,1,23.084,2,35.0,71,4304.0
118,2019,MexicoCity,7,HUL,Renault,10,12,83.37878571428571,82.075,4.966195779329842,80.791,1,22.484,2,35.5,71,4304.0
118,2019,MexicoCity,8,KVY,ToroRosso,11,9,83.27315714285713,81.9645,5.0834211937355,79.905,2,22.261499999999998,3,23.666666666666668,71,4304.0
118,2019,MexicoCity,11,RAI,AlfaRomeo,19,14,84.40146551724136,82.833,5.96958533402393,80.082,2,22.8585,2,19.666666666666668,71,4304.0
118,2019,MexicoCity,12,VET,Ferrari,2,2,81.84042253521127,81.109,4.256017248427628,79.381,1,21.862,2,36.0,71,4304.0
118,2019,MexicoCity,15,BOT,Mercedes,3,6,81.86559154929579,80.918,4.547489522731869,79.494,1,22.179,2,36.0,71,4304.0
118,2019,MexicoCity,16,PER,RacingPoint,7,11,82.85525352112676,81.76,4.748696503006482,80.485,1,22.357,2,36.0,71,4304.0
118,2019,MexicoCity,22,GRO,HaasF1Team,17,18,84.93907246376811,84.147,5.3437054760961535,81.581,1,24.128,2,35.0,71,4304.0
118,2019,MexicoCity,25,SAI,McLaren,13,7,83.48901428571429,82.227,5.049018499806389,80.311,2,22.21,3,23.666666666666668,71,4304.0
118,2019,MexicoCity,27,VER,RedBull,6,4,82.78466197183099,81.145,5.732996172393284,80.406,1,24.493,2,36.0,71,4304.0
118,2019,MexicoCity,35,GIO,AlfaRomeo,14,15,83.78794285714288,82.215,6.638246520448952,81.014,1,43.411,2,35.5,71,4304.0
118,2019,MexicoCity,36,STR,RacingPoint,12,16,83.44592857142857,82.4125,4.8276611083870336,80.922,1,22.745,2,35.5,71,4304.0
118,2019,MexicoCity,38,GAS,ToroRosso,9,10,83.31701428571428,82.2245,5.223738822878497,79.53,2,22.6535,3,23.666666666666668,71,4304.0
118,2019,MexicoCity,40,LEC,Ferrari,4,1,81.90523943661972,80.855,5.003118480264623,79.232,2,23.894,2,24.0,71,4304.0
118,2019,MexicoCity,42,NOR,McLaren,20,8,86.80816666666668,82.9855,17.93982515194252,81.643,1,123.388,2,24.5,71,4304.0
118,2019,MexicoCity,43,ALB,RedBull,5,5,82.11694366197183,80.892,5.059042896176321,79.325,2,22.0975,2,24.0,71,4304.0
118,2019,MexicoCity,44,RUS,Williams,16,19,84.87094202898551,83.86,5.268512600915148,81.286,1,22.887,2,35.0,71,4304.0
118,2019,MexicoCity,45,KUB,Williams,18,20,85.07384057971016,83.856,5.599666491180232,80.696,2,23.588,2,23.333333333333332,71,4304.0
119,2019,Austin,1,HAM,Mercedes,2,5,100.71073214285714,100.47,2.775434056084799,98.446,1,23.943,2,28.5,56,5513.0
119,2019,Austin,2,RIC,Renault,6,9,102.25033928571429,101.76400000000001,2.709828691511266,100.564,1,23.751,2,28.5,56,5513.0
119,2019,Austin,4,MAG,HaasF1Team,18,12,103.72925000000001,102.8495,4.079022859128656,100.347,2,24.83,3,17.666666666666668,56,5513.0
119,2019,Austin,7,HUL,Renault,9,11,102.693,102.797,3.971626977933835,98.437,2,23.9645,3,18.666666666666668,56,5513.0
119,2019,Austin,8,KVY,ToroRosso,12,13,102.77127272727273,101.936,4.317650709177926,98.969,2,25.6385,3,18.666666666666668,56,5513.0
119,2019,Austin,11,RAI,AlfaRomeo,11,17,102.82327272727274,101.81,3.747910956166585,99.608,2,24.615000000000002,2,18.666666666666668,56,5513.0
119,2019,Austin,12,VET,Ferrari,20,2,103.30428571428571,102.603,1.6402178426747385,102.165,0,0.0,1,8.0,56,5513.0
119,2019,Austin,15,BOT,Mercedes,1,1,100.63666071428572,100.21000000000001,3.7653435737322507,96.957,2,23.985,2,19.0,56,5513.0
119,2019,Austin,16,PER,RacingPoint,10,20,102.80645454545456,102.375,3.1799900000901586,100.165,1,24.207,2,28.0,56,5513.0
119,2019,Austin,22,GRO,HaasF1Team,15,15,103.76154545454546,103.337,3.472255973977373,101.27,1,24.583,2,28.0,56,5513.0
119,2019,Austin,25,SAI,McLaren,8,7,102.62183636363636,101.64,2.8653975211493345,100.844,1,24.784,2,28.0,56,5513.0
119,2019,Austin,27,VER,RedBull,3,3,100.72598214285713,100.2105,3.636973669467872,98.214,2,23.58,2,19.0,56,5513.0
119,2019,Austin,35,GIO,AlfaRomeo,14,16,103.44441818181818,102.198,4.003450565824018,99.964,2,24.718,3,18.666666666666668,56,5513.0
119,2019,Austin,36,STR,RacingPoint,13,14,103.22863636363638,102.353,4.2229168669676485,100.38,2,24.881,3,18.666666666666668,56,5513.0
119,2019,Austin,38,GAS,ToroRosso,16,10,103.5385,102.388,5.4798470394228795,100.85,2,24.2275,2,18.333333333333332,56,5513.0
119,2019,Austin,40,LEC,Ferrari,4,4,101.56950000000002,100.62299999999999,4.702357845707929,96.169,2,26.500500000000002,3,19.0,56,5513.0
119,2019,Austin,42,NOR,McLaren,7,8,102.25744642857141,101.6995,4.08757846928135,98.074,2,25.227,3,19.0,56,5513.0
119,2019,Austin,43,ALB,RedBull,5,6,102.03019642857143,100.422,5.5216967267799575,98.029,3,27.006,2,14.25,56,5513.0
119,2019,Austin,44,RUS,Williams,17,18,104.78031481481482,104.2325,4.367733343440167,101.239,2,26.225,3,18.333333333333332,56,5513.0
119,2019,Austin,45,KUB,Williams,19,19,106.32545161290322,105.076,4.096268927033557,103.83,1,24.164,2,16.0,56,5513.0
120,2019,SaoPaulo,1,HAM,Mercedes,7,3,78.88474647887324,73.402,14.549787385504306,71.082,3,23.01,2,18.0,71,4309.0
120,2019,SaoPaulo,2,RIC,Renault,6,11,78.94674647887324,74.262,11.391358068689376,72.733,2,30.125500000000002,2,24.0,71,4309.0
120,2019,SaoPaulo,4,MAG,HaasF1Team,11,9,78.97760563380281,75.378,10.316536383716157,73.262,2,23.685,2,24.0,71,4309.0
120,2019,SaoPaulo,7,HUL,Renault,15,13,78.98221126760562,75.351,10.210764458460345,72.934,3,23.229,3,18.0,71,4309.0
120,2019,SaoPaulo,8,KVY,ToroRosso,10,16,78.96632394366198,75.381,10.324372475948977,72.385,2,23.0685,2,24.0,71,4309.0
120,2019,SaoPaulo,11,RAI,AlfaRomeo,4,8,78.93140845070423,74.775,11.32138224849329,73.135,2,23.652,2,24.0,71,4309.0
120,2019,SaoPaulo,12,VET,Ferrari,17,2,77.00533846153846,73.579,10.327423458438403,71.384,2,23.088500000000003,2,22.0,71,4309.0
120,2019,SaoPaulo,15,BOT,Mercedes,20,4,74.51331372549019,74.048,3.627858671393891,70.698,2,23.179000000000002,3,17.333333333333332,71,4309.0
120,2019,SaoPaulo,16,PER,RacingPoint,9,15,78.96066197183099,74.629,10.855041758087296,72.84,2,23.110500000000002,2,24.0,71,4309.0
120,2019,SaoPaulo,22,GRO,HaasF1Team,13,7,78.99894366197182,75.223,10.407851284881488,73.619,2,23.6235,2,24.0,71,4309.0
120,2019,SaoPaulo,25,SAI,McLaren,3,20,78.92357746478874,75.079,11.299964792185317,73.158,1,22.77,2,36.0,71,4309.0
120,2019,SaoPaulo,27,VER,RedBull,1,1,78.79828169014084,73.099,14.734038468974871,70.862,3,22.689333333333334,2,18.0,71,4309.0
120,2019,SaoPaulo,35,GIO,AlfaRomeo,5,12,78.94195774647889,74.944,11.082875269579022,73.02,2,23.3395,2,24.0,71,4309.0
120,2019,SaoPaulo,36,STR,RacingPoint,19,17,77.29555384615384,75.212,7.23375214495987,72.603,2,24.0935,2,22.0,71,4309.0
120,2019,SaoPaulo,38,GAS,ToroRosso,2,6,78.88387323943661,74.617,11.895205838523564,72.425,2,23.253,2,24.0,71,4309.0
120,2019,SaoPaulo,40,LEC,Ferrari,18,14,77.01232307692308,74.069,9.532435392037304,71.423,2,23.004,3,22.0,71,4309.0
120,2019,SaoPaulo,42,NOR,McLaren,8,10,78.95608450704225,75.146,10.978382641415264,72.328,2,23.368000000000002,3,24.0,71,4309.0
120,2019,SaoPaulo,43,ALB,RedBull,14,5,79.00852112676057,74.102,13.01919222078275,71.087,2,23.072000000000003,2,24.0,71,4309.0
120,2019,SaoPaulo,44,RUS,Williams,12,18,78.98981690140845,76.327,8.85552872715258,73.752,3,22.713333333333335,2,18.0,71,4309.0
120,2019,SaoPaulo,45,KUB,Williams,16,19,80.181,76.7805,9.104040631834138,74.553,4,25.290000000000003,3,14.2,71,4309.0
121,2019,YasMarina,1,HAM,Mercedes,1,1,102.64936363636365,102.306,2.9220249914237644,99.283,1,22.178,2,28.0,55,5554.0
121,2019,YasMarina,2,RIC,Renault,11,7,105.1432777777778,104.6105,3.972896222289448,101.19,2,21.764,2,18.333333333333332,55,5554.0
121,2019,YasMarina,4,MAG,HaasF1Team,14,14,105.58324074074072,105.0335,2.892886023458922,103.79,1,21.531,2,27.5,55,5554.0
121,2019,YasMarina,7,HUL,Renault,12,9,105.16840740740743,104.565,3.0229375224853317,103.274,1,21.578,2,27.5,55,5554.0
121,2019,YasMarina,8,KVY,ToroRosso,9,13,105.05992592592592,104.104,3.3017232541870762,102.222,1,21.496,2,27.5,55,5554.0
121,2019,YasMarina,11,RAI,AlfaRomeo,13,17,105.30546296296296,104.5535,3.2488631957409533,103.142,1,22.41,2,27.5,55,5554.0
121,2019,YasMarina,12,VET,Ferrari,5,4,103.81949090909092,103.091,4.3968309752497685,100.128,2,23.814500000000002,3,18.666666666666668,55,5554.0
121,2019,YasMarina,15,BOT,Mercedes,4,20,103.45625454545454,102.747,3.424317218875642,99.715,1,21.145,2,28.0,55,5554.0
121,2019,YasMarina,16,PER,RacingPoint,7,10,105.01144444444444,104.592,2.9401072671143074,102.639,1,22.23,2,27.5,55,5554.0
121,2019,YasMarina,22,GRO,HaasF1Team,15,15,105.93457407407405,105.41149999999999,3.481262878648861,103.666,1,21.968,2,27.5,55,5554.0
121,2019,YasMarina,25,SAI,McLaren,10,8,105.1265925925926,104.47800000000001,3.9006760397060076,101.294,2,21.697000000000003,3,18.333333333333332,55,5554.0
121,2019,YasMarina,27,VER,RedBull,2,2,102.95430909090909,102.598,2.866308620228693,101.119,1,21.023,2,28.0,55,5554.0
121,2019,YasMarina,35,GIO,AlfaRomeo,16,16,106.15707407407407,105.283,4.252509651256791,103.256,2,22.0825,3,18.333333333333332,55,5554.0
121,2019,YasMarina,36,STR,RacingPoint,20,12,106.95397777777778,105.636,5.238695142394668,103.326,2,25.31,3,15.333333333333334,55,5554.0
121,2019,YasMarina,38,GAS,ToroRosso,18,11,106.7358679245283,104.837,10.880596832183809,102.414,1,77.467,2,54.0,55,5554.0
121,2019,YasMarina,40,LEC,Ferrari,3,3,103.43909090909091,102.951,3.854285845714013,100.442,2,21.485500000000002,3,18.666666666666668,55,5554.0
121,2019,YasMarina,42,NOR,McLaren,8,6,105.03664814814813,104.4185,3.2765730265618593,103.026,1,22.974,2,27.5,55,5554.0
121,2019,YasMarina,43,ALB,RedBull,6,5,103.90763636363637,103.257,2.9764398654646578,102.219,1,22.028,2,28.0,55,5554.0
121,2019,YasMarina,44,RUS,Williams,17,18,106.36109259259258,106.3195,3.557445268773851,103.074,1,22.272,2,27.5,55,5554.0
121,2019,YasMarina,45,KUB,Williams,19,19,106.9711886792453,106.517,3.3031860730128875,104.5,1,21.688,2,27.0,55,5554.0
