Year,EventName,DriverNumber,Abbreviation,TeamName,GridPos,QualiPos,FinishPos,DidFinish,Top3,Top5,Top10,EventDate,career_race_count,is_rookie,drv_avg_finish_w,drv_avg_quali_w,drv_top10_rate_w,drv_dnf_rate_w,team_avg_finish_w,team_avg_quali_w,team_top10_rate_w,team_dnf_rate_w
2018,Australian Grand Prix,5,VET,Ferrari,3.0,3.0,1.0,1,1,1,1,2018-03-25,0,1,10.442597478745235,10.431010928961749,0.5051304602755791,0.42644874425877066,10.46767559177338,10.466084656084657,0.5013969732246799,0.4282353511835468
2018,Australian Grand Prix,44,HAM,Mercedes,1.0,1.0,2.0,1,1,1,1,2018-03-25,0,1,10.442597478745235,10.431010928961749,0.5051304602755791,0.42644874425877066,10.46767559177338,10.466084656084657,0.5013969732246799,0.4282353511835468
2018,Australian Grand Prix,7,RAI,Ferrari,2.0,2.0,3.0,1,1,1,1,2018-03-25,0,1,1.0,3.0,1.0,0.0,1.0,3.0,1.0,0.0
2018,Australian Grand Prix,3,RIC,Red Bull Racing,8.0,5.0,4.0,1,0,1,1,2018-03-25,0,1,10.442597478745235,10.431010928961749,0.5051304602755791,0.42644874425877066,10.46767559177338,10.466084656084657,0.5013969732246799,0.4282353511835468
2018,Australian Grand Prix,14,ALO,McLaren,10.0,11.0,5.0,1,0,1,1,2018-03-25,0,1,10.442597478745235,10.431010928961749,0.5051304602755791,0.42644874425877066,10.46767559177338,10.466084656084657,0.5013969732246799,0.4282353511835468
2018,Australian Grand Prix,33,VER,Red Bull Racing,4.0,4.0,6.0,1,0,0,1,2018-03-25,0,1,4.0,5.0,1.0,0.0,4.0,5.0,1.0,0.0
2018,Australian Grand Prix,27,HUL,Renault,7.0,8.0,7.0,1,0,0,1,2018-03-25,0,1,10.442597478745235,10.431010928961749,0.5051304602755791,0.42644874425877066,10.46767559177338,10.466084656084657,0.5013969732246799,0.4282353511835468
2018,Australian Grand Prix,77,BOT,Mercedes,15.0,10.0,8.0,1,0,0,1,2018-03-25,0,1,2.0,1.0,1.0,0.0,2.0,1.0,1.0,0.0
2018,Australian Grand Prix,2,VAN,McLaren,11.0,12.0,9.0,1,0,0,1,2018-03-25,0,1,5.0,11.0,1.0,0.0,5.0,11.0,1.0,0.0
2018,Australian Grand Prix,55,SAI,Renault,9.0,9.0,10.0,1,0,0,1,2018-03-25,0,1,7.0,8.0,1.0,0.0,7.0,8.0,1.0,0.0
2018,Australian Grand Prix,11,PER,Force India,12.0,13.0,11.0,1,0,0,0,2018-03-25,0,1,10.442597478745235,10.431010928961749,0.5051304602755791,0.42644874425877066,10.46767559177338,10.466084656084657,0.5013969732246799,0.4282353511835468
2018,Australian Grand Prix,31,OCO,Force India,14.0,15.0,12.0,1,0,0,0,2018-03-25,0,1,11.0,13.0,0.0,0.0,11.0,13.0,0.0,0.0
2018,Australian Grand Prix,16,LEC,Sauber,18.0,18.0,13.0,1,0,0,0,2018-03-25,0,1,10.442597478745235,10.431010928961749,0.5051304602755791,0.42644874425877066,10.46767559177338,10.466084656084657,0.5013969732246799,0.4282353511835468
2018,Australian Grand Prix,18,STR,Williams,13.0,14.0,14.0,1,0,0,0,2018-03-25,0,1,10.442597478745235,10.431010928961749,0.5051304602755791,0.42644874425877066,10.46767559177338,10.466084656084657,0.5013969732246799,0.4282353511835468
2018,Australian Grand Prix,28,HAR,Toro Rosso,16.0,16.0,15.0,0,0,0,0,2018-03-25,0,1,10.442597478745235,10.431010928961749,0.5051304602755791,0.42644874425877066,10.46767559177338,10.466084656084657,0.5013969732246799,0.4282353511835468
2018,Australian Grand Prix,8,GRO,Haas F1 Team,6.0,7.0,16.0,0,0,0,0,2018-03-25,0,1,10.442597478745235,10.431010928961749,0.5051304602755791,0.42644874425877066,10.46767559177338,10.466084656084657,0.5013969732246799,0.4282353511835468
2018,Australian Grand Prix,20,MAG,Haas F1 Team,5.0,6.0,17.0,0,0,0,0,2018-03-25,0,1,16.0,7.0,0.0,1.0,16.0,7.0,0.0,1.0
2018,Australian Grand Prix,10,GAS,Toro Rosso,20.0,20.0,18.0,0,0,0,0,2018-03-25,0,1,15.0,16.0,0.0,1.0,15.0,16.0,0.0,1.0
2018,Australian Grand Prix,9,ERI,Sauber,17.0,17.0,19.0,0,0,0,0,2018-03-25,0,1,13.0,18.0,0.0,0.0,13.0,18.0,0.0,0.0
2018,Australian Grand Prix,35,SIR,Williams,19.0,19.0,20.0,0,0,0,0,2018-03-25,0,1,14.0,14.0,0.0,0.0,14.0,14.0,0.0,0.0
2018,Bahrain Grand Prix,5,VET,Ferrari,1.0,1.0,1.0,1,1,1,1,2018-04-08,1,1,1.0,3.0,1.0,0.0,2.0,2.5,1.0,0.0
2018,Bahrain Grand Prix,77,BOT,Mercedes,3.0,3.0,2.0,1,1,1,1,2018-04-08,1,1,8.0,10.0,1.0,0.0,5.0,5.5,1.0,0.0
2018,Bahrain Grand Prix,44,HAM,Mercedes,9.0,4.0,3.0,1,1,1,1,2018-04-08,1,1,2.0,1.0,1.0,0.0,4.0,4.666666666666667,1.0,0.0
2018,Bahrain Grand Prix,10,GAS,Toro Rosso,5.0,6.0,4.0,1,0,1,1,2018-04-08,1,1,18.0,20.0,0.0,1.0,16.5,18.0,0.0,1.0
2018,Bahrain Grand Prix,20,MAG,Haas F1 Team,6.0,7.0,5.0,1,0,1,1,2018-04-08,1,1,17.0,6.0,0.0,1.0,16.5,6.5,0.0,1.0
2018,Bahrain Grand Prix,27,HUL,Renault,7.0,8.0,6.0,1,0,0,1,2018-04-08,1,1,7.0,8.0,1.0,0.0,8.5,8.5,1.0,0.0
2018,Bahrain Grand Prix,14,ALO,McLaren,13.0,13.0,7.0,0,0,0,1,2018-04-08,1,1,5.0,11.0,1.0,0.0,7.0,11.5,1.0,0.0
2018,Bahrain Grand Prix,2,VAN,McLaren,14.0,14.0,8.0,0,0,0,1,2018-04-08,1,1,9.0,12.0,1.0,0.0,7.0,12.0,1.0,0.33333333333333337
2018,Bahrain Grand Prix,9,ERI,Sauber,17.0,17.0,9.0,0,0,0,1,2018-04-08,1,1,19.0,17.0,0.0,1.0,16.0,17.5,0.0,0.5
2018,Bahrain Grand Prix,31,OCO,Force India,8.0,9.0,10.0,0,0,0,1,2018-04-08,1,1,12.0,15.0,0.0,0.0,11.5,14.0,0.0,0.0
2018,Bahrain Grand Prix,55,SAI,Renault,10.0,10.0,11.0,0,0,0,0,2018-04-08,1,1,10.0,9.0,1.0,0.0,7.666666666666667,8.333333333333334,1.0,0.0
2018,Bahrain Grand Prix,16,LEC,Sauber,19.0,19.0,12.0,0,0,0,0,2018-04-08,1,1,13.0,18.0,0.0,0.0,13.666666666666666,17.333333333333332,0.3333333333333333,0.6666666666666667
2018,Bahrain Grand Prix,8,GRO,Haas F1 Team,16.0,16.0,13.0,0,0,0,0,2018-04-08,1,1,16.0,7.0,0.0,1.0,12.666666666666666,6.666666666666667,0.3333333333333333,0.6666666666666667
2018,Bahrain Grand Prix,18,STR,Williams,20.0,20.0,14.0,0,0,0,0,2018-04-08,1,1,14.0,14.0,0.0,0.0,17.0,16.5,0.0,0.5
2018,Bahrain Grand Prix,35,SIR,Williams,18.0,18.0,15.0,0,0,0,0,2018-04-08,1,1,20.0,19.0,0.0,1.0,16.0,17.666666666666668,0.0,0.6666666666666667
2018,Bahrain Grand Prix,11,PER,Force India,12.0,12.0,16.0,0,0,0,0,2018-04-08,1,1,11.0,13.0,0.0,0.0,11.0,12.333333333333334,0.3333333333333333,0.33333333333333337
2018,Bahrain Grand Prix,28,HAR,Toro Rosso,11.0,11.0,17.0,0,0,0,0,2018-04-08,1,1,15.0,16.0,0.0,1.0,12.333333333333334,14.0,0.3333333333333333,0.6666666666666667
2018,Bahrain Grand Prix,7,RAI,Ferrari,2.0,2.0,18.0,0,0,0,0,2018-04-08,1,1,3.0,2.0,1.0,0.0,1.6666666666666667,2.0,1.0,0.0
2018,Bahrain Grand Prix,33,VER,Red Bull Racing,15.0,15.0,19.0,0,0,0,0,2018-04-08,1,1,6.0,4.0,1.0,0.0,5.0,4.5,1.0,0.0
2018,Bahrain Grand Prix,3,RIC,Red Bull Racing,4.0,5.0,20.0,0,0,0,0,2018-04-08,1,1,4.0,5.0,1.0,0.0,9.666666666666666,8.0,0.6666666666666666,0.33333333333333337
2018,Chinese Grand Prix,3,RIC,Red Bull Racing,6.0,6.0,1.0,1,1,1,1,2018-04-15,2,1,12.0,5.0,0.5,0.5,12.25,7.25,0.5,0.5
2018,Chinese Grand Prix,77,BOT,Mercedes,3.0,3.0,2.0,1,1,1,1,2018-04-15,2,1,5.0,6.5,1.0,0.0,3.75,4.5,1.0,0.0
2018,Chinese Grand Prix,7,RAI,Ferrari,2.0,2.0,3.0,1,1,1,1,2018-04-15,2,1,10.5,2.0,0.5,0.5,5.75,2.0,0.75,0.25
2018,Chinese Grand Prix,44,HAM,Mercedes,4.0,4.0,4.0,1,0,1,1,2018-04-15,2,1,2.5,2.5,1.0,0.0,3.4,4.2,1.0,0.0
2018,Chinese Grand Prix,33,VER,Red Bull Racing,5.0,5.0,5.0,1,0,1,1,2018-04-15,2,1,12.5,9.5,0.5,0.5,10.0,7.0,0.6,0.4
2018,Chinese Grand Prix,27,HUL,Renault,7.0,7.0,6.0,1,0,0,1,2018-04-15,2,1,6.5,8.0,1.0,0.0,8.5,8.75,0.75,0.25
2018,Chinese Grand Prix,14,ALO,McLaren,13.0,13.0,7.0,1,0,0,1,2018-04-15,2,1,6.0,12.0,1.0,0.5,7.25,12.5,1.0,0.5
2018,Chinese Grand Prix,5,VET,Ferrari,1.0,1.0,8.0,1,0,0,1,2018-04-15,2,1,1.0,2.0,1.0,0.0,5.2,2.0,0.8,0.19999999999999996
2018,Chinese Grand Prix,55,SAI,Renault,9.0,9.0,9.0,1,0,0,1,2018-04-15,2,1,10.5,9.5,0.5,0.5,8.0,8.4,0.8,0.19999999999999996
2018,Chinese Grand Prix,20,MAG,Haas F1 Team,11.0,11.0,10.0,1,0,0,1,2018-04-15,2,1,11.0,6.5,0.5,0.5,12.75,9.0,0.25,0.75
2018,Chinese Grand Prix,31,OCO,Force India,12.0,12.0,11.0,1,0,0,0,2018-04-15,2,1,11.0,12.0,0.5,0.5,12.25,12.25,0.25,0.5
2018,Chinese Grand Prix,11,PER,Force India,8.0,8.0,12.0,1,0,0,0,2018-04-15,2,1,13.5,12.5,0.0,0.5,12.0,12.2,0.2,0.4
2018,Chinese Grand Prix,2,VAN,McLaren,14.0,14.0,13.0,1,0,0,0,2018-04-15,2,1,8.5,13.0,1.0,0.5,7.2,12.6,1.0,0.4
2018,Chinese Grand Prix,18,STR,Williams,18.0,18.0,14.0,1,0,0,0,2018-04-15,2,1,14.0,17.0,0.0,0.5,15.75,17.75,0.0,0.75
2018,Chinese Grand Prix,35,SIR,Williams,16.0,16.0,15.0,1,0,0,0,2018-04-15,2,1,17.5,18.5,0.0,1.0,15.4,17.8,0.0,0.6
2018,Chinese Grand Prix,9,ERI,Sauber,20.0,20.0,16.0,1,0,0,0,2018-04-15,2,1,14.0,17.0,0.5,1.0,13.25,17.75,0.25,0.75
2018,Chinese Grand Prix,8,GRO,Haas F1 Team,10.0,10.0,17.0,1,0,0,0,2018-04-15,2,1,14.5,11.5,0.0,1.0,12.2,9.4,0.4,0.6
2018,Chinese Grand Prix,10,GAS,Toro Rosso,17.0,17.0,18.0,1,0,0,0,2018-04-15,2,1,11.0,13.0,0.5,0.5,13.5,13.25,0.25,0.75
2018,Chinese Grand Prix,16,LEC,Sauber,19.0,19.0,19.0,1,0,0,0,2018-04-15,2,1,12.5,18.5,0.0,0.5,13.8,18.2,0.2,0.6
2018,Chinese Grand Prix,28,HAR,Toro Rosso,15.0,15.0,20.0,0,0,0,0,2018-04-15,2,1,16.0,13.5,0.0,1.0,14.4,14.0,0.2,0.6
2018,Azerbaijan Grand Prix,44,HAM,Mercedes,2.0,2.0,1.0,1,1,1,1,2018-04-29,3,1,3.0,3.0,1.0,0.0,3.8,4.8,1.0,0.0
2018,Azerbaijan Grand Prix,7,RAI,Ferrari,6.0,6.0,2.0,1,1,1,1,2018-04-29,3,1,8.0,2.0,0.6666666666666666,0.33333333333333337,6.6,1.6,0.8,0.19999999999999996
2018,Azerbaijan Grand Prix,11,PER,Force India,8.0,8.0,3.0,1,1,1,1,2018-04-29,3,1,13.0,11.0,0.0,0.33333333333333337,12.2,11.2,0.2,0.4
2018,Azerbaijan Grand Prix,5,VET,Ferrari,1.0,1.0,4.0,1,0,1,1,2018-04-29,3,1,3.3333333333333335,1.6666666666666667,1.0,0.0,6.4,2.4,0.8,0.19999999999999996
2018,Azerbaijan Grand Prix,55,SAI,Renault,9.0,10.0,5.0,1,0,1,1,2018-04-29,3,1,10.0,9.333333333333334,0.6666666666666666,0.33333333333333337,8.4,8.6,0.8,0.19999999999999996
2018,Azerbaijan Grand Prix,16,LEC,Sauber,13.0,14.0,6.0,1,0,0,1,2018-04-29,3,1,14.666666666666666,18.666666666666668,0.0,0.33333333333333337,15.0,18.4,0.2,0.6
2018,Azerbaijan Grand Prix,14,ALO,McLaren,12.0,13.0,7.0,1,0,0,1,2018-04-29,3,1,6.333333333333333,12.333333333333334,1.0,0.33333333333333337,8.8,13.2,0.8,0.4
2018,Azerbaijan Grand Prix,18,STR,Williams,10.0,11.0,8.0,1,0,0,1,2018-04-29,3,1,14.0,17.333333333333332,0.0,0.33333333333333337,15.6,18.2,0.0,0.6
2018,Azerbaijan Grand Prix,2,VAN,McLaren,16.0,16.0,9.0,1,0,0,1,2018-04-29,3,1,10.0,13.333333333333334,0.6666666666666666,0.33333333333333337,8.4,13.4,0.8,0.4
2018,Azerbaijan Grand Prix,28,HAR,Toro Rosso,19.0,19.0,10.0,1,0,0,1,2018-04-29,3,1,17.333333333333332,14.0,0.0,1.0,15.4,13.8,0.2,0.6
2018,Azerbaijan Grand Prix,9,ERI,Sauber,18.0,18.0,11.0,1,0,0,0,2018-04-29,3,1,14.666666666666666,18.0,0.3333333333333333,0.6666666666666667,12.4,17.8,0.4,0.4
2018,Azerbaijan Grand Prix,10,GAS,Toro Rosso,17.0,17.0,12.0,1,0,0,0,2018-04-29,3,1,13.333333333333334,14.333333333333334,0.3333333333333333,0.33333333333333337,13.8,13.6,0.4,0.4
2018,Azerbaijan Grand Prix,20,MAG,Haas F1 Team,15.0,15.0,13.0,1,0,0,0,2018-04-29,3,1,10.666666666666666,8.0,0.6666666666666666,0.33333333333333337,12.4,10.0,0.4,0.4
2018,Azerbaijan Grand Prix,77,BOT,Mercedes,3.0,3.0,14.0,0,0,0,0,2018-04-29,3,1,4.0,5.333333333333333,1.0,0.0,2.4,3.2,1.0,0.0
2018,Azerbaijan Grand Prix,8,GRO,Haas F1 Team,20.0,20.0,15.0,0,0,0,0,2018-04-29,3,1,15.333333333333334,11.0,0.0,0.6666666666666667,11.6,11.8,0.4,0.19999999999999996
2018,Azerbaijan Grand Prix,33,VER,Red Bull Racing,5.0,5.0,16.0,0,0,0,0,2018-04-29,3,1,10.0,8.0,0.6666666666666666,0.33333333333333337,10.2,7.0,0.6,0.4
2018,Azerbaijan Grand Prix,3,RIC,Red Bull Racing,4.0,4.0,17.0,0,0,0,0,2018-04-29,3,1,8.333333333333334,5.333333333333333,0.6666666666666666,0.33333333333333337,12.2,7.2,0.4,0.6
2018,Azerbaijan Grand Prix,27,HUL,Renault,14.0,9.0,18.0,0,0,0,0,2018-04-29,3,1,6.333333333333333,7.666666666666667,1.0,0.0,7.4,8.8,0.8,0.19999999999999996
2018,Azerbaijan Grand Prix,31,OCO,Force India,7.0,7.0,19.0,0,0,0,0,2018-04-29,3,1,11.0,12.0,0.3333333333333333,0.33333333333333337,10.4,9.8,0.4,0.4
2018,Azerbaijan Grand Prix,35,SIR,Williams,11.0,12.0,20.0,0,0,0,0,2018-04-29,3,1,16.666666666666668,17.666666666666668,0.0,0.6666666666666667,13.2,16.6,0.2,0.4
2018,Spanish Grand Prix,44,HAM,Mercedes,1.0,1.0,1.0,1,1,1,1,2018-05-13,4,1,2.5,2.75,1.0,0.0,4.8,3.2,0.8,0.19999999999999996
2018,Spanish Grand Prix,77,BOT,Mercedes,2.0,2.0,2.0,1,1,1,1,2018-05-13,4,1,6.5,4.75,0.75,0.25,4.4,2.6,0.8,0.19999999999999996
2018,Spanish Grand Prix,33,VER,Red Bull Racing,5.0,5.0,3.0,1,1,1,1,2018-05-13,4,1,11.5,7.25,0.5,0.5,11.8,5.0,0.4,0.6
2018,Spanish Grand Prix,5,VET,Ferrari,3.0,3.0,4.0,1,0,1,1,2018-05-13,4,1,3.5,1.5,1.0,0.0,7.0,2.4,0.8,0.19999999999999996
2018,Spanish Grand Prix,3,RIC,Red Bull Racing,6.0,6.0,5.0,1,0,1,1,2018-05-13,4,1,10.5,5.0,0.5,0.5,8.4,5.0,0.6,0.4
2018,Spanish Grand Prix,20,MAG,Haas F1 Team,7.0,7.0,6.0,0,0,0,1,2018-05-13,4,1,11.25,9.75,0.5,0.25,13.6,14.4,0.2,0.4
2018,Spanish Grand Prix,55,SAI,Renault,9.0,9.0,7.0,0,0,0,1,2018-05-13,4,1,8.75,9.5,0.75,0.25,9.8,9.0,0.6,0.4
2018,Spanish Grand Prix,14,ALO,McLaren,8.0,8.0,8.0,0,0,0,1,2018-05-13,4,1,6.5,12.5,1.0,0.25,8.8,14.0,0.8,0.19999999999999996
2018,Spanish Grand Prix,11,PER,Force India,15.0,15.0,9.0,0,0,0,1,2018-05-13,4,1,10.5,10.25,0.25,0.25,12.2,9.4,0.2,0.4
2018,Spanish Grand Prix,16,LEC,Sauber,14.0,14.0,10.0,0,0,0,1,2018-05-13,4,1,12.5,17.5,0.25,0.25,12.8,18.0,0.2,0.19999999999999996
2018,Spanish Grand Prix,18,STR,Williams,18.0,19.0,11.0,0,0,0,0,2018-05-13,4,1,12.5,15.75,0.25,0.25,14.4,15.0,0.2,0.4
2018,Spanish Grand Prix,28,HAR,Toro Rosso,20.0,20.0,12.0,0,0,0,0,2018-05-13,4,1,15.5,15.25,0.25,0.75,15.4,15.8,0.2,0.4
2018,Spanish Grand Prix,9,ERI,Sauber,17.0,17.0,13.0,0,0,0,0,2018-05-13,4,1,13.75,18.0,0.25,0.5,12.4,17.0,0.4,0.19999999999999996
2018,Spanish Grand Prix,35,SIR,Williams,19.0,18.0,14.0,0,0,0,0,2018-05-13,4,1,17.5,16.25,0.0,0.75,13.6,15.2,0.2,0.4
2018,Spanish Grand Prix,2,VAN,McLaren,11.0,11.0,15.0,0,0,0,0,2018-05-13,4,1,9.75,14.0,0.75,0.25,8.8,12.8,0.8,0.19999999999999996
2018,Spanish Grand Prix,31,OCO,Force India,13.0,13.0,16.0,0,0,0,0,2018-05-13,4,1,13.0,10.75,0.25,0.5,10.8,10.0,0.4,0.4
2018,Spanish Grand Prix,7,RAI,Ferrari,4.0,4.0,17.0,0,0,0,0,2018-05-13,4,1,6.5,3.0,0.75,0.25,4.2,2.6,1.0,0.0
2018,Spanish Grand Prix,8,GRO,Haas F1 Team,10.0,10.0,18.0,0,0,0,0,2018-05-13,4,1,15.25,13.25,0.0,0.75,12.2,12.6,0.4,0.4
2018,Spanish Grand Prix,10,GAS,Toro Rosso,12.0,12.0,19.0,0,0,0,0,2018-05-13,4,1,13.0,15.0,0.25,0.25,14.4,17.6,0.2,0.4
2018,Spanish Grand Prix,27,HUL,Renault,16.0,16.0,20.0,0,0,0,0,2018-05-13,4,1,9.25,8.0,0.75,0.25,9.0,8.8,0.8,0.4
2018,Monaco Grand Prix,3,RIC,Red Bull Racing,1.0,1.0,1.0,1,1,1,1,2018-05-27,5,1,9.4,5.2,0.6,0.4,9.2,5.0,0.6,0.4
2018,Monaco Grand Prix,5,VET,Ferrari,2.0,2.0,2.0,1,1,1,1,2018-05-27,5,1,3.6,1.8,1.0,0.0,7.0,3.0,0.8,0.19999999999999996
2018,Monaco Grand Prix,44,HAM,Mercedes,3.0,3.0,3.0,1,1,1,1,2018-05-27,5,1,2.2,2.4,1.0,0.0,4.4,2.4,0.8,0.19999999999999996
2018,Monaco Grand Prix,7,RAI,Ferrari,4.0,4.0,4.0,1,0,1,1,2018-05-27,5,1,8.6,3.2,0.6,0.4,5.8,3.2,0.8,0.19999999999999996
2018,Monaco Grand Prix,77,BOT,Mercedes,5.0,5.0,5.0,1,0,1,1,2018-05-27,5,1,5.6,4.2,0.8,0.19999999999999996,4.2,2.2,0.8,0.19999999999999996
2018,Monaco Grand Prix,31,OCO,Force India,6.0,6.0,6.0,1,0,0,1,2018-05-27,5,1,13.6,11.2,0.2,0.6,11.8,10.2,0.4,0.6
2018,Monaco Grand Prix,10,GAS,Toro Rosso,10.0,10.0,7.0,1,0,0,1,2018-05-27,5,1,14.2,14.4,0.2,0.4,14.6,16.6,0.2,0.6
2018,Monaco Grand Prix,27,HUL,Renault,11.0,11.0,8.0,1,0,0,1,2018-05-27,5,1,11.4,9.6,0.6,0.4,11.8,10.6,0.6,0.6
2018,Monaco Grand Prix,33,VER,Red Bull Racing,20.0,20.0,9.0,1,0,0,1,2018-05-27,5,1,9.8,6.8,0.6,0.4,8.4,4.2,0.6,0.4
2018,Monaco Grand Prix,55,SAI,Renault,8.0,8.0,10.0,1,0,0,1,2018-05-27,5,1,8.4,9.4,0.8,0.4,11.6,11.0,0.6,0.6
2018,Monaco Grand Prix,9,ERI,Sauber,16.0,17.0,11.0,1,0,0,0,2018-05-27,5,1,13.6,17.8,0.2,0.6,11.8,16.4,0.4,0.4
2018,Monaco Grand Prix,11,PER,Force India,9.0,9.0,12.0,1,0,0,0,2018-05-27,5,1,10.2,11.2,0.4,0.4,10.6,9.8,0.6,0.6
2018,Monaco Grand Prix,20,MAG,Haas F1 Team,19.0,19.0,13.0,1,0,0,0,2018-05-27,5,1,10.2,9.2,0.6,0.4,13.8,12.4,0.2,0.6
2018,Monaco Grand Prix,2,VAN,McLaren,12.0,12.0,14.0,0,0,0,0,2018-05-27,5,1,10.8,13.4,0.6,0.4,10.4,12.4,0.6,0.4
2018,Monaco Grand Prix,8,GRO,Haas F1 Team,18.0,15.0,15.0,0,0,0,0,2018-05-27,5,1,15.8,12.6,0.0,0.8,13.0,14.2,0.2,0.6
2018,Monaco Grand Prix,35,SIR,Williams,13.0,13.0,16.0,0,0,0,0,2018-05-27,5,1,16.8,16.6,0.0,0.8,13.6,15.2,0.2,0.6
2018,Monaco Grand Prix,18,STR,Williams,17.0,18.0,17.0,0,0,0,0,2018-05-27,5,1,12.2,16.4,0.2,0.4,13.8,14.6,0.2,0.8
2018,Monaco Grand Prix,16,LEC,Sauber,14.0,14.0,18.0,0,0,0,0,2018-05-27,5,1,12.0,16.8,0.4,0.4,10.2,16.0,0.4,0.4
2018,Monaco Grand Prix,28,HAR,Toro Rosso,15.0,16.0,19.0,0,0,0,0,2018-05-27,5,1,14.8,16.2,0.2,0.8,12.0,15.6,0.4,0.4
2018,Monaco Grand Prix,14,ALO,McLaren,7.0,7.0,20.0,0,0,0,0,2018-05-27,5,1,6.8,11.6,1.0,0.4,10.6,12.0,0.6,0.6
2018,Canadian Grand Prix,5,VET,Ferrari,1.0,1.0,1.0,1,1,1,1,2018-06-10,6,1,3.8,1.6,1.0,0.0,6.2,2.8,0.8,0.19999999999999996
2018,Canadian Grand Prix,77,BOT,Mercedes,2.0,2.0,2.0,1,1,1,1,2018-06-10,6,1,5.0,3.2,0.8,0.19999999999999996,5.0,2.8,0.8,0.19999999999999996
2018,Canadian Grand Prix,33,VER,Red Bull Racing,3.0,3.0,3.0,1,1,1,1,2018-06-10,6,1,10.4,10.0,0.6,0.4,7.0,7.2,0.8,0.19999999999999996
2018,Canadian Grand Prix,3,RIC,Red Bull Racing,6.0,6.0,4.0,1,0,1,1,2018-06-10,6,1,8.8,4.4,0.6,0.4,4.2,7.0,1.0,0.0
2018,Canadian Grand Prix,44,HAM,Mercedes,4.0,4.0,5.0,1,0,1,1,2018-06-10,6,1,2.4,2.8,1.0,0.0,2.6,2.6,1.0,0.0
2018,Canadian Grand Prix,7,RAI,Ferrari,5.0,5.0,6.0,1,0,0,1,2018-06-10,6,1,8.8,3.6,0.6,0.4,5.6,2.8,0.8,0.19999999999999996
2018,Canadian Grand Prix,27,HUL,Renault,7.0,7.0,7.0,0,0,0,1,2018-06-10,6,1,11.6,10.2,0.6,0.4,12.6,10.6,0.6,0.6
2018,Canadian Grand Prix,55,SAI,Renault,9.0,9.0,8.0,0,0,0,1,2018-06-10,6,1,8.4,9.2,0.8,0.4,10.4,10.2,0.8,0.6
2018,Canadian Grand Prix,31,OCO,Force India,8.0,8.0,9.0,0,0,0,1,2018-06-10,6,1,12.4,9.4,0.4,0.6,12.4,10.0,0.4,0.6
2018,Canadian Grand Prix,16,LEC,Sauber,13.0,13.0,10.0,0,0,0,1,2018-06-10,6,1,13.0,16.0,0.4,0.6,12.6,16.0,0.2,0.6
2018,Canadian Grand Prix,10,GAS,Toro Rosso,16.0,16.0,11.0,0,0,0,0,2018-06-10,6,1,12.0,12.4,0.4,0.19999999999999996,13.8,15.0,0.2,0.6
2018,Canadian Grand Prix,8,GRO,Haas F1 Team,20.0,20.0,12.0,0,0,0,0,2018-06-10,6,1,15.6,14.2,0.0,0.8,13.4,14.2,0.2,0.8
2018,Canadian Grand Prix,20,MAG,Haas F1 Team,11.0,11.0,13.0,0,0,0,0,2018-06-10,6,1,9.4,11.8,0.6,0.19999999999999996,12.8,14.2,0.2,0.8
2018,Canadian Grand Prix,11,PER,Force India,10.0,10.0,14.0,0,0,0,0,2018-06-10,6,1,10.4,10.4,0.4,0.4,10.4,10.2,0.6,0.6
2018,Canadian Grand Prix,9,ERI,Sauber,19.0,19.0,15.0,0,0,0,0,2018-06-10,6,1,12.0,17.8,0.2,0.4,12.4,15.0,0.4,0.8
2018,Canadian Grand Prix,2,VAN,McLaren,15.0,15.0,16.0,0,0,0,0,2018-06-10,6,1,11.8,13.4,0.4,0.6,13.2,10.8,0.4,0.8
2018,Canadian Grand Prix,35,SIR,Williams,18.0,18.0,17.0,0,0,0,0,2018-06-10,6,1,16.0,15.4,0.0,0.8,15.6,16.0,0.0,1.0
2018,Canadian Grand Prix,14,ALO,McLaren,14.0,14.0,18.0,0,0,0,0,2018-06-10,6,1,9.8,10.8,0.8,0.6,14.6,10.6,0.2,1.0
2018,Canadian Grand Prix,28,HAR,Toro Rosso,12.0,12.0,19.0,0,0,0,0,2018-06-10,6,1,15.6,16.2,0.2,0.8,13.6,14.8,0.2,0.8
2018,Canadian Grand Prix,18,STR,Williams,17.0,17.0,20.0,0,0,0,0,2018-06-10,6,1,12.8,17.2,0.2,0.6,15.0,17.2,0.0,1.0
2018,French Grand Prix,44,HAM,Mercedes,1.0,1.0,1.0,1,1,1,1,2018-06-24,7,1,2.8,2.8,1.0,0.0,3.4,3.2,1.0,0.0
2018,French Grand Prix,33,VER,Red Bull Racing,4.0,4.0,2.0,1,1,1,1,2018-06-24,7,1,7.2,7.6,0.8,0.19999999999999996,4.4,7.2,1.0,0.0
2018,French Grand Prix,7,RAI,Ferrari,6.0,6.0,3.0,1,1,1,1,2018-06-24,7,1,6.4,4.2,0.8,0.19999999999999996,6.0,3.2,0.8,0.19999999999999996
2018,French Grand Prix,3,RIC,Red Bull Racing,5.0,5.0,4.0,1,0,1,1,2018-06-24,7,1,5.6,4.6,0.8,0.19999999999999996,3.8,6.8,1.0,0.0
2018,French Grand Prix,5,VET,Ferrari,3.0,3.0,5.0,1,0,1,1,2018-06-24,7,1,3.8,1.6,1.0,0.0,3.2,3.6,1.0,0.0
2018,French Grand Prix,20,MAG,Haas F1 Team,9.0,9.0,6.0,1,0,0,1,2018-06-24,7,1,11.0,12.6,0.4,0.4,14.2,15.0,0.0,0.8
2018,French Grand Prix,77,BOT,Mercedes,2.0,2.0,7.0,1,0,0,1,2018-06-24,7,1,5.0,3.0,0.8,0.19999999999999996,3.2,3.0,1.0,0.0
2018,French Grand Prix,55,SAI,Renault,7.0,7.0,8.0,1,0,0,1,2018-06-24,7,1,7.8,9.0,1.0,0.4,10.6,10.2,0.8,0.6
2018,French Grand Prix,27,HUL,Renault,12.0,12.0,9.0,1,0,0,1,2018-06-24,7,1,11.8,10.0,0.6,0.6,8.2,8.4,1.0,0.4
2018,French Grand Prix,16,LEC,Sauber,8.0,8.0,10.0,1,0,0,1,2018-06-24,7,1,12.6,14.8,0.6,0.6,13.4,16.0,0.2,0.8
2018,French Grand Prix,8,GRO,Haas F1 Team,10.0,10.0,11.0,0,0,0,0,2018-06-24,7,1,15.4,15.0,0.0,0.8,11.8,14.8,0.2,0.6
2018,French Grand Prix,2,VAN,McLaren,17.0,18.0,12.0,0,0,0,0,2018-06-24,7,1,13.4,13.6,0.2,0.6,16.6,11.8,0.0,1.0
2018,French Grand Prix,9,ERI,Sauber,15.0,15.0,13.0,0,0,0,0,2018-06-24,7,1,13.2,18.2,0.0,0.4,12.8,14.2,0.4,0.6
2018,French Grand Prix,28,HAR,Toro Rosso,20.0,17.0,14.0,0,0,0,0,2018-06-24,7,1,16.0,16.4,0.2,0.8,15.0,13.2,0.2,0.8
2018,French Grand Prix,35,SIR,Williams,18.0,19.0,15.0,0,0,0,0,2018-06-24,7,1,16.4,15.4,0.0,0.8,16.8,16.8,0.0,1.0
2018,French Grand Prix,14,ALO,McLaren,16.0,16.0,16.0,0,0,0,0,2018-06-24,7,1,12.0,11.0,0.6,0.6,16.0,13.2,0.0,1.0
2018,French Grand Prix,18,STR,Williams,19.0,20.0,17.0,0,0,0,0,2018-06-24,7,1,14.0,16.6,0.2,0.6,17.0,17.0,0.0,1.0
2018,French Grand Prix,11,PER,Force India,13.0,13.0,18.0,0,0,0,0,2018-06-24,7,1,10.0,10.0,0.4,0.4,11.4,9.2,0.4,0.6
2018,French Grand Prix,31,OCO,Force India,11.0,11.0,19.0,0,0,0,0,2018-06-24,7,1,12.2,9.2,0.4,0.6,11.8,9.2,0.4,0.6
2018,French Grand Prix,10,GAS,Toro Rosso,14.0,14.0,20.0,0,0,0,0,2018-06-24,7,1,13.4,14.4,0.2,0.4,14.0,14.2,0.2,0.8
2018,Austrian Grand Prix,33,VER,Red Bull Racing,4.0,5.0,1.0,1,1,1,1,2018-07-01,8,1,6.6,7.4,0.8,0.19999999999999996,4.4,7.6,1.0,0.0
2018,Austrian Grand Prix,7,RAI,Ferrari,3.0,4.0,2.0,1,1,1,1,2018-07-01,8,1,6.4,5.0,0.8,0.19999999999999996,3.8,3.8,1.0,0.0
2018,Austrian Grand Prix,5,VET,Ferrari,6.0,3.0,3.0,1,1,1,1,2018-07-01,8,1,3.2,2.0,1.0,0.0,3.4,3.8,1.0,0.0
2018,Austrian Grand Prix,8,GRO,Haas F1 Team,5.0,6.0,4.0,0,0,1,1,2018-07-01,8,1,14.2,15.0,0.0,1.0,11.4,13.0,0.2,0.8
2018,Austrian Grand Prix,20,MAG,Haas F1 Team,8.0,8.0,5.0,0,0,1,1,2018-07-01,8,1,10.2,12.2,0.4,0.4,9.2,11.2,0.4,0.8
2018,Austrian Grand Prix,31,OCO,Force India,11.0,11.0,6.0,0,0,0,1,2018-07-01,8,1,13.8,9.0,0.4,0.8,14.4,10.2,0.2,0.8
2018,Austrian Grand Prix,11,PER,Force India,16.0,17.0,7.0,0,0,0,1,2018-07-01,8,1,11.2,11.0,0.4,0.6,13.2,10.6,0.4,1.0
2018,Austrian Grand Prix,14,ALO,McLaren,13.0,14.0,8.0,0,0,0,1,2018-07-01,8,1,13.8,11.6,0.4,0.8,16.4,14.0,0.0,1.0
2018,Austrian Grand Prix,16,LEC,Sauber,18.0,13.0,9.0,0,0,0,1,2018-07-01,8,1,10.8,12.6,0.8,0.6,13.2,13.8,0.4,0.8
2018,Austrian Grand Prix,9,ERI,Sauber,20.0,20.0,10.0,0,0,0,1,2018-07-01,8,1,12.6,17.2,0.0,0.6,11.4,13.6,0.6,0.8
2018,Austrian Grand Prix,10,GAS,Toro Rosso,12.0,12.0,11.0,0,0,0,0,2018-07-01,8,1,13.8,13.8,0.2,0.6,16.6,15.0,0.0,1.0
2018,Austrian Grand Prix,55,SAI,Renault,9.0,9.0,12.0,0,0,0,0,2018-07-01,8,1,7.6,8.6,1.0,0.4,8.4,8.6,1.0,0.4
2018,Austrian Grand Prix,35,SIR,Williams,17.0,18.0,13.0,0,0,0,0,2018-07-01,8,1,16.4,16.0,0.0,1.0,17.2,18.4,0.0,1.0
2018,Austrian Grand Prix,18,STR,Williams,14.0,15.0,14.0,0,0,0,0,2018-07-01,8,1,14.6,17.0,0.2,0.8,16.4,18.4,0.0,1.0
2018,Austrian Grand Prix,2,VAN,McLaren,15.0,16.0,15.0,0,0,0,0,2018-07-01,8,1,13.2,14.4,0.2,0.8,14.0,15.4,0.2,1.0
2018,Austrian Grand Prix,44,HAM,Mercedes,2.0,2.0,16.0,0,0,0,0,2018-07-01,8,1,2.2,2.2,1.0,0.0,4.0,2.8,1.0,0.0
2018,Austrian Grand Prix,28,HAR,Toro Rosso,19.0,19.0,17.0,0,0,0,0,2018-07-01,8,1,14.8,16.8,0.2,0.8,15.0,14.2,0.0,1.0
2018,Austrian Grand Prix,3,RIC,Red Bull Racing,7.0,7.0,18.0,0,0,0,0,2018-07-01,8,1,6.2,4.4,0.8,0.19999999999999996,2.8,4.6,1.0,0.0
2018,Austrian Grand Prix,77,BOT,Mercedes,1.0,1.0,19.0,0,0,0,0,2018-07-01,8,1,6.0,2.8,0.8,0.19999999999999996,6.2,2.2,0.8,0.19999999999999996
2018,Austrian Grand Prix,27,HUL,Renault,10.0,10.0,20.0,0,0,0,0,2018-07-01,8,1,12.4,11.0,0.6,0.6,8.8,8.8,0.8,0.6
2018,British Grand Prix,5,VET,Ferrari,2.0,2.0,1.0,1,1,1,1,2018-07-08,9,1,3.0,2.4,1.0,0.0,3.8,4.2,1.0,0.0
2018,British Grand Prix,44,HAM,Mercedes,1.0,1.0,2.0,1,1,1,1,2018-07-08,9,1,5.2,2.2,0.8,0.19999999999999996,9.6,2.0,0.6,0.4
2018,British Grand Prix,7,RAI,Ferrari,3.0,3.0,3.0,1,1,1,1,2018-07-08,9,1,6.4,4.6,0.8,0.19999999999999996,2.8,3.6,1.0,0.0
2018,British Grand Prix,77,BOT,Mercedes,4.0,4.0,4.0,1,0,1,1,2018-07-08,9,1,7.0,2.4,0.8,0.19999999999999996,9.0,1.4,0.6,0.4
2018,British Grand Prix,3,RIC,Red Bull Racing,6.0,6.0,5.0,1,0,1,1,2018-07-08,9,1,6.4,5.0,0.8,0.19999999999999996,5.8,5.4,0.8,0.19999999999999996
2018,British Grand Prix,27,HUL,Renault,11.0,11.0,6.0,1,0,0,1,2018-07-08,9,1,12.8,11.2,0.6,0.6,11.4,9.4,0.6,0.6
2018,British Grand Prix,31,OCO,Force India,10.0,10.0,7.0,1,0,0,1,2018-07-08,9,1,11.2,9.8,0.6,0.8,12.8,12.4,0.4,1.0
2018,British Grand Prix,14,ALO,McLaren,13.0,13.0,8.0,1,0,0,1,2018-07-08,9,1,14.0,11.8,0.4,1.0,13.8,15.6,0.2,1.0
2018,British Grand Prix,20,MAG,Haas F1 Team,7.0,7.0,9.0,1,0,0,1,2018-07-08,9,1,8.6,10.8,0.6,0.6,7.8,8.8,0.6,0.8
2018,British Grand Prix,11,PER,Force India,12.0,12.0,10.0,1,0,0,1,2018-07-08,9,1,12.0,12.8,0.4,0.8,11.4,12.4,0.6,0.8
2018,British Grand Prix,2,VAN,McLaren,17.0,17.0,11.0,1,0,0,0,2018-07-08,9,1,14.4,14.4,0.0,1.0,11.8,15.4,0.4,0.8
2018,British Grand Prix,18,STR,Williams,19.0,19.0,12.0,1,0,0,0,2018-07-08,9,1,15.8,17.8,0.0,1.0,15.8,17.8,0.0,1.0
2018,British Grand Prix,10,GAS,Toro Rosso,14.0,14.0,13.0,1,0,0,0,2018-07-08,9,1,13.6,12.8,0.2,0.8,16.2,14.8,0.0,1.0
2018,British Grand Prix,35,SIR,Williams,18.0,18.0,14.0,1,0,0,0,2018-07-08,9,1,15.0,17.2,0.0,1.0,14.2,18.2,0.0,0.8
2018,British Grand Prix,33,VER,Red Bull Racing,5.0,5.0,15.0,0,0,0,0,2018-07-08,9,1,3.6,7.4,1.0,0.0,6.0,5.4,0.8,0.19999999999999996
2018,British Grand Prix,8,GRO,Haas F1 Team,8.0,8.0,16.0,0,0,0,0,2018-07-08,9,1,12.0,12.2,0.2,1.0,7.0,8.0,0.8,0.6
2018,British Grand Prix,55,SAI,Renault,16.0,16.0,17.0,0,0,0,0,2018-07-08,9,1,9.0,8.4,0.8,0.6,11.0,9.8,0.6,0.4
2018,British Grand Prix,9,ERI,Sauber,15.0,15.0,18.0,0,0,0,0,2018-07-08,9,1,12.4,17.6,0.2,0.8,11.4,15.0,0.6,0.8
2018,British Grand Prix,16,LEC,Sauber,9.0,9.0,19.0,0,0,0,0,2018-07-08,9,1,11.4,12.4,0.8,0.8,12.0,14.2,0.6,0.8
2018,British Grand Prix,28,HAR,Toro Rosso,0.0,20.0,20.0,0,0,0,0,2018-07-08,9,1,16.2,16.8,0.0,1.0,15.0,15.2,0.0,0.8
2018,German Grand Prix,44,HAM,Mercedes,14.0,14.0,1.0,1,1,1,1,2018-07-22,10,1,5.4,2.2,0.8,0.19999999999999996,9.6,2.0,0.6,0.4
2018,German Grand Prix,77,BOT,Mercedes,2.0,2.0,2.0,1,1,1,1,2018-07-22,10,1,7.4,2.8,0.8,0.19999999999999996,8.4,4.4,0.6,0.4
2018,German Grand Prix,7,RAI,Ferrari,3.0,3.0,3.0,1,1,1,1,2018-07-22,10,1,3.6,4.4,1.0,0.0,2.8,3.0,1.0,0.0
2018,German Grand Prix,33,VER,Red Bull Racing,4.0,4.0,4.0,1,0,1,1,2018-07-22,10,1,6.0,7.4,0.8,0.19999999999999996,8.6,5.6,0.6,0.4
2018,German Grand Prix,27,HUL,Renault,7.0,7.0,5.0,1,0,1,1,2018-07-22,10,1,10.0,10.2,0.8,0.4,12.8,11.6,0.4,0.6
2018,German Grand Prix,8,GRO,Haas F1 Team,6.0,6.0,6.0,1,0,0,1,2018-07-22,10,1,11.6,11.8,0.2,1.0,9.0,7.8,0.6,0.8
2018,German Grand Prix,11,PER,Force India,10.0,10.0,7.0,1,0,0,1,2018-07-22,10,1,12.2,12.2,0.4,0.6,9.8,12.2,0.8,0.6
2018,German Grand Prix,31,OCO,Force India,15.0,16.0,8.0,1,0,0,1,2018-07-22,10,1,9.4,9.2,0.8,0.6,7.4,12.0,1.0,0.4
2018,German Grand Prix,9,ERI,Sauber,13.0,13.0,9.0,1,0,0,1,2018-07-22,10,1,13.4,17.2,0.2,0.8,13.8,14.4,0.4,1.0
2018,German Grand Prix,28,HAR,Toro Rosso,17.0,18.0,10.0,1,0,0,1,2018-07-22,10,1,17.8,16.8,0.0,1.0,16.2,15.8,0.0,0.8
2018,German Grand Prix,20,MAG,Haas F1 Team,5.0,5.0,11.0,1,0,0,0,2018-07-22,10,1,9.2,10.8,0.6,0.4,8.0,7.0,0.8,0.6
2018,German Grand Prix,55,SAI,Renault,8.0,8.0,12.0,1,0,0,0,2018-07-22,10,1,11.0,9.8,0.6,0.6,12.0,10.6,0.4,0.6
2018,German Grand Prix,2,VAN,McLaren,19.0,20.0,13.0,1,0,0,0,2018-07-22,10,1,13.6,15.6,0.0,0.8,11.6,15.2,0.4,0.6
2018,German Grand Prix,10,GAS,Toro Rosso,16.0,17.0,14.0,0,0,0,0,2018-07-22,10,1,12.4,13.2,0.2,0.6,14.2,16.6,0.2,0.6
2018,German Grand Prix,16,LEC,Sauber,9.0,9.0,15.0,0,0,0,0,2018-07-22,10,1,13.2,11.4,0.6,0.8,13.0,14.0,0.6,0.8
2018,German Grand Prix,14,ALO,McLaren,11.0,11.0,16.0,0,0,0,0,2018-07-22,10,1,14.0,12.8,0.4,0.8,11.0,16.0,0.4,0.4
2018,German Grand Prix,18,STR,Williams,18.0,19.0,17.0,0,0,0,0,2018-07-22,10,1,16.0,17.8,0.0,0.8,14.0,18.0,0.0,0.6
2018,German Grand Prix,5,VET,Ferrari,1.0,1.0,18.0,0,0,0,0,2018-07-22,10,1,2.4,2.2,1.0,0.0,2.4,3.0,1.0,0.0
2018,German Grand Prix,35,SIR,Williams,12.0,12.0,19.0,0,0,0,0,2018-07-22,10,1,15.0,17.2,0.0,0.8,14.0,17.8,0.0,0.6
2018,German Grand Prix,3,RIC,Red Bull Racing,20.0,15.0,20.0,0,0,0,0,2018-07-22,10,1,6.4,5.0,0.8,0.19999999999999996,8.6,5.4,0.6,0.4
2018,Hungarian Grand Prix,44,HAM,Mercedes,1.0,1.0,1.0,1,1,1,1,2018-07-29,11,1,5.0,4.4,0.8,0.19999999999999996,5.6,4.4,0.8,0.19999999999999996
2018,Hungarian Grand Prix,5,VET,Ferrari,4.0,4.0,2.0,1,1,1,1,2018-07-29,11,1,5.6,2.0,0.8,0.19999999999999996,5.6,2.4,0.8,0.19999999999999996
2018,Hungarian Grand Prix,7,RAI,Ferrari,3.0,3.0,3.0,1,1,1,1,2018-07-29,11,1,3.4,4.2,1.0,0.0,5.4,2.6,0.8,0.19999999999999996
2018,Hungarian Grand Prix,3,RIC,Red Bull Racing,12.0,12.0,4.0,1,0,1,1,2018-07-29,11,1,10.2,7.8,0.6,0.4,12.4,7.4,0.4,0.6
2018,Hungarian Grand Prix,77,BOT,Mercedes,2.0,2.0,5.0,1,0,1,1,2018-07-29,11,1,6.8,2.2,0.8,0.19999999999999996,2.0,4.4,1.0,0.0
2018,Hungarian Grand Prix,10,GAS,Toro Rosso,6.0,6.0,6.0,1,0,0,1,2018-07-29,11,1,13.8,14.6,0.0,0.8,14.8,17.6,0.2,0.6
2018,Hungarian Grand Prix,20,MAG,Haas F1 Team,9.0,9.0,7.0,0,0,0,1,2018-07-29,11,1,8.8,8.0,0.6,0.4,9.4,6.8,0.6,0.4
2018,Hungarian Grand Prix,14,ALO,McLaren,11.0,11.0,8.0,0,0,0,1,2018-07-29,11,1,13.2,13.6,0.4,0.8,12.6,15.4,0.2,0.4
2018,Hungarian Grand Prix,55,SAI,Renault,5.0,5.0,9.0,0,0,0,1,2018-07-29,11,1,11.4,9.8,0.4,0.6,12.0,10.4,0.4,0.4
2018,Hungarian Grand Prix,8,GRO,Haas F1 Team,10.0,10.0,10.0,0,0,0,1,2018-07-29,11,1,9.8,10.0,0.4,0.8,9.8,7.0,0.6,0.4
2018,Hungarian Grand Prix,28,HAR,Toro Rosso,8.0,8.0,11.0,0,0,0,0,2018-07-29,11,1,16.0,17.2,0.2,0.8,12.6,15.0,0.4,0.4
2018,Hungarian Grand Prix,27,HUL,Renault,13.0,13.0,12.0,0,0,0,0,2018-07-29,11,1,9.4,9.4,0.8,0.4,9.8,9.4,0.6,0.4
2018,Hungarian Grand Prix,31,OCO,Force India,18.0,18.0,13.0,0,0,0,0,2018-07-29,11,1,9.8,11.2,0.8,0.6,7.8,13.0,1.0,0.19999999999999996
2018,Hungarian Grand Prix,11,PER,Force India,19.0,19.0,14.0,0,0,0,0,2018-07-29,11,1,11.2,12.4,0.6,0.6,9.0,13.2,0.8,0.19999999999999996
2018,Hungarian Grand Prix,9,ERI,Sauber,14.0,14.0,15.0,0,0,0,0,2018-07-29,11,1,13.0,16.4,0.4,0.8,14.2,13.2,0.4,0.8
2018,Hungarian Grand Prix,35,SIR,Williams,20.0,20.0,16.0,0,0,0,0,2018-07-29,11,1,15.6,17.0,0.0,0.8,15.2,16.6,0.0,0.6
2018,Hungarian Grand Prix,18,STR,Williams,15.0,15.0,17.0,0,0,0,0,2018-07-29,11,1,16.0,18.0,0.0,0.8,15.6,17.6,0.0,0.6
2018,Hungarian Grand Prix,2,VAN,McLaren,16.0,16.0,18.0,0,0,0,0,2018-07-29,11,1,13.4,17.2,0.0,0.6,11.2,14.4,0.4,0.4
2018,Hungarian Grand Prix,33,VER,Red Bull Racing,7.0,7.0,19.0,0,0,0,0,2018-07-29,11,1,5.0,4.2,0.8,0.19999999999999996,9.6,8.4,0.6,0.4
2018,Hungarian Grand Prix,16,LEC,Sauber,17.0,17.0,20.0,0,0,0,0,2018-07-29,11,1,12.6,10.4,0.6,0.8,15.2,12.0,0.2,0.8
2018,Belgian Grand Prix,5,VET,Ferrari,2.0,2.0,1.0,1,1,1,1,2018-08-26,12,1,5.8,2.6,0.8,0.19999999999999996,5.8,2.8,0.8,0.19999999999999996
2018,Belgian Grand Prix,44,HAM,Mercedes,1.0,1.0,2.0,1,1,1,1,2018-08-26,12,1,4.2,3.8,0.8,0.19999999999999996,2.6,4.6,1.0,0.0
2018,Belgian Grand Prix,33,VER,Red Bull Racing,7.0,7.0,3.0,1,1,1,1,2018-08-26,12,1,8.2,5.0,0.6,0.4,12.4,8.6,0.4,0.6
2018,Belgian Grand Prix,77,BOT,Mercedes,19.0,10.0,4.0,1,0,1,1,2018-08-26,12,1,7.4,2.2,0.8,0.19999999999999996,2.2,4.0,1.0,0.0
2018,Belgian Grand Prix,11,PER,Racing Point,4.0,4.0,5.0,1,0,1,1,2018-08-26,12,1,11.2,14.2,0.6,0.6,10.46767559177338,10.466084656084657,0.5013969732246799,0.4282353511835468
2018,Belgian Grand Prix,31,OCO,Racing Point,3.0,3.0,6.0,1,0,0,1,2018-08-26,12,1,10.6,13.2,0.6,0.6,5.0,4.0,1.0,0.0
2018,Belgian Grand Prix,8,GRO,Haas F1 Team,5.0,5.0,7.0,1,0,0,1,2018-08-26,12,1,9.4,8.0,0.6,0.8,10.0,7.6,0.6,0.6
2018,Belgian Grand Prix,20,MAG,Haas F1 Team,9.0,9.0,8.0,1,0,0,1,2018-08-26,12,1,7.6,7.6,0.8,0.4,8.2,7.0,0.8,0.4
2018,Belgian Grand Prix,10,GAS,Toro Rosso,10.0,11.0,9.0,1,0,0,1,2018-08-26,12,1,12.8,12.6,0.2,0.6,12.2,13.8,0.4,0.6
2018,Belgian Grand Prix,9,ERI,Sauber,13.0,14.0,10.0,0,0,0,1,2018-08-26,12,1,13.0,15.4,0.4,0.8,15.6,12.4,0.2,0.8
2018,Belgian Grand Prix,55,SAI,Renault,14.0,16.0,11.0,0,0,0,0,2018-08-26,12,1,11.6,9.0,0.4,0.6,11.0,9.8,0.4,0.6
2018,Belgian Grand Prix,35,SIR,Williams,16.0,18.0,12.0,0,0,0,0,2018-08-26,12,1,15.4,17.4,0.0,0.8,16.6,16.8,0.0,0.8
2018,Belgian Grand Prix,18,STR,Williams,17.0,19.0,13.0,0,0,0,0,2018-08-26,12,1,15.4,17.6,0.0,0.8,16.2,16.8,0.0,1.0
2018,Belgian Grand Prix,28,HAR,Toro Rosso,11.0,12.0,14.0,0,0,0,0,2018-08-26,12,1,14.4,16.4,0.2,0.8,10.0,12.0,0.6,0.4
2018,Belgian Grand Prix,2,VAN,McLaren,18.0,20.0,15.0,0,0,0,0,2018-08-26,12,1,13.8,17.4,0.0,0.6,13.2,15.0,0.2,0.6
2018,Belgian Grand Prix,3,RIC,Red Bull Racing,8.0,8.0,16.0,0,0,0,0,2018-08-26,12,1,10.2,9.0,0.6,0.4,10.0,9.0,0.6,0.4
2018,Belgian Grand Prix,7,RAI,Ferrari,6.0,6.0,17.0,0,0,0,0,2018-08-26,12,1,2.8,3.8,1.0,0.0,5.4,2.6,0.8,0.19999999999999996
2018,Belgian Grand Prix,16,LEC,Sauber,12.0,13.0,18.0,0,0,0,0,2018-08-26,12,1,14.6,11.2,0.4,0.8,13.8,13.4,0.4,0.8
2018,Belgian Grand Prix,14,ALO,McLaren,15.0,17.0,19.0,0,0,0,0,2018-08-26,12,1,11.2,13.0,0.6,0.8,14.0,15.6,0.2,0.8
2018,Belgian Grand Prix,27,HUL,Renault,20.0,15.0,20.0,0,0,0,0,2018-08-26,12,1,10.4,10.6,0.6,0.4,9.8,9.8,0.4,0.6
2018,Italian Grand Prix,44,HAM,Mercedes,3.0,3.0,1.0,1,1,1,1,2018-09-02,13,1,4.4,3.8,0.8,0.19999999999999996,2.8,3.2,1.0,0.0
2018,Italian Grand Prix,7,RAI,Ferrari,1.0,1.0,2.0,1,1,1,1,2018-09-02,13,1,5.6,3.8,0.8,0.19999999999999996,8.2,3.2,0.6,0.4
2018,Italian Grand Prix,77,BOT,Mercedes,4.0,4.0,3.0,1,1,1,1,2018-09-02,13,1,6.8,3.8,0.8,0.19999999999999996,2.6,3.4,1.0,0.0
2018,Italian Grand Prix,5,VET,Ferrari,2.0,2.0,4.0,1,0,1,1,2018-09-02,13,1,5.0,2.4,0.8,0.19999999999999996,5.0,3.2,0.8,0.19999999999999996
2018,Italian Grand Prix,33,VER,Red Bull Racing,5.0,5.0,5.0,1,0,1,1,2018-09-02,13,1,8.4,5.6,0.6,0.4,12.4,9.8,0.4,0.6
2018,Italian Grand Prix,31,OCO,Racing Point,8.0,8.0,6.0,1,0,0,1,2018-09-02,13,1,8.0,11.6,0.8,0.4,5.5,3.5,1.0,0.0
2018,Italian Grand Prix,11,PER,Racing Point,14.0,16.0,7.0,1,0,0,1,2018-09-02,13,1,8.6,12.4,0.8,0.4,5.666666666666667,5.0,1.0,0.0
2018,Italian Grand Prix,55,SAI,Renault,7.0,7.0,8.0,1,0,0,1,2018-09-02,13,1,12.2,10.8,0.2,0.8,12.8,11.4,0.2,0.8
2018,Italian Grand Prix,18,STR,Williams,10.0,10.0,9.0,0,0,0,1,2018-09-02,13,1,14.6,17.4,0.0,0.8,15.4,16.8,0.0,1.0
2018,Italian Grand Prix,35,SIR,Williams,12.0,12.0,10.0,0,0,0,1,2018-09-02,13,1,14.8,17.2,0.0,0.8,13.4,16.4,0.2,1.0
2018,Italian Grand Prix,16,LEC,Sauber,15.0,17.0,11.0,0,0,0,0,2018-09-02,13,1,16.2,12.2,0.2,1.0,15.6,13.4,0.2,1.0
2018,Italian Grand Prix,2,VAN,McLaren,17.0,20.0,12.0,0,0,0,0,2018-09-02,13,1,14.4,17.8,0.0,0.6,15.2,15.0,0.2,1.0
2018,Italian Grand Prix,27,HUL,Renault,20.0,14.0,13.0,0,0,0,0,2018-09-02,13,1,12.6,11.2,0.4,0.6,12.0,11.2,0.4,0.8
2018,Italian Grand Prix,10,GAS,Toro Rosso,9.0,9.0,14.0,0,0,0,0,2018-09-02,13,1,10.6,12.0,0.4,0.4,10.8,10.8,0.4,0.6
2018,Italian Grand Prix,9,ERI,Sauber,18.0,19.0,15.0,0,0,0,0,2018-09-02,13,1,12.4,15.2,0.6,0.8,14.8,15.0,0.2,1.0
2018,Italian Grand Prix,20,MAG,Haas F1 Team,11.0,11.0,16.0,0,0,0,0,2018-09-02,13,1,8.0,7.6,0.8,0.4,8.6,7.6,0.8,0.4
2018,Italian Grand Prix,3,RIC,Red Bull Racing,19.0,15.0,17.0,0,0,0,0,2018-09-02,13,1,12.6,9.6,0.4,0.6,9.4,7.8,0.6,0.4
2018,Italian Grand Prix,14,ALO,McLaren,13.0,13.0,18.0,0,0,0,0,2018-09-02,13,1,11.8,13.2,0.6,0.8,14.4,16.8,0.2,1.0
2018,Italian Grand Prix,28,HAR,Toro Rosso,16.0,18.0,19.0,0,0,0,0,2018-09-02,13,1,14.4,15.4,0.2,0.8,10.8,9.2,0.4,0.6
2018,Italian Grand Prix,8,GRO,Haas F1 Team,6.0,6.0,20.0,0,0,0,0,2018-09-02,13,1,8.6,7.0,0.8,0.6,9.6,8.8,0.8,0.6
2018,Singapore Grand Prix,44,HAM,Mercedes,1.0,1.0,1.0,1,1,1,1,2018-09-16,14,1,1.4,4.0,1.0,0.0,3.0,4.0,1.0,0.0
2018,Singapore Grand Prix,33,VER,Red Bull Racing,2.0,2.0,2.0,1,1,1,1,2018-09-16,14,1,9.2,5.6,0.6,0.4,12.0,8.4,0.4,0.6
2018,Singapore Grand Prix,5,VET,Ferrari,3.0,3.0,3.0,1,1,1,1,2018-09-16,14,1,5.2,2.2,0.8,0.19999999999999996,5.4,2.8,0.8,0.19999999999999996
2018,Singapore Grand Prix,77,BOT,Mercedes,4.0,4.0,4.0,1,0,1,1,2018-09-16,14,1,3.6,4.4,1.0,0.0,2.2,3.8,1.0,0.0
2018,Singapore Grand Prix,7,RAI,Ferrari,5.0,5.0,5.0,1,0,1,1,2018-09-16,14,1,5.6,3.2,0.8,0.19999999999999996,5.4,2.8,0.8,0.19999999999999996
2018,Singapore Grand Prix,3,RIC,Red Bull Racing,6.0,6.0,6.0,1,0,0,1,2018-09-16,14,1,12.4,11.2,0.4,0.6,8.6,7.4,0.6,0.4
2018,Singapore Grand Prix,14,ALO,McLaren,11.0,11.0,7.0,1,0,0,1,2018-09-16,14,1,13.8,13.0,0.4,0.8,16.4,17.2,0.0,1.0
2018,Singapore Grand Prix,55,SAI,Renault,12.0,12.0,8.0,0,0,0,1,2018-09-16,14,1,11.4,10.4,0.4,0.6,12.8,13.0,0.2,0.8
2018,Singapore Grand Prix,16,LEC,Sauber,13.0,13.0,9.0,0,0,0,1,2018-09-16,14,1,16.6,13.0,0.0,1.0,14.8,16.0,0.2,1.0
2018,Singapore Grand Prix,27,HUL,Renault,10.0,10.0,10.0,0,0,0,1,2018-09-16,14,1,11.2,12.0,0.4,0.6,12.0,12.8,0.4,0.8
2018,Singapore Grand Prix,9,ERI,Sauber,14.0,14.0,11.0,0,0,0,0,2018-09-16,14,1,13.4,15.0,0.4,0.8,12.6,15.2,0.4,1.0
2018,Singapore Grand Prix,2,VAN,McLaren,18.0,18.0,12.0,0,0,0,0,2018-09-16,14,1,13.8,18.6,0.0,0.6,14.2,16.2,0.2,0.8
2018,Singapore Grand Prix,10,GAS,Toro Rosso,15.0,15.0,13.0,0,0,0,0,2018-09-16,14,1,11.2,11.4,0.4,0.4,13.4,11.6,0.2,0.8
2018,Singapore Grand Prix,18,STR,Williams,20.0,20.0,14.0,0,0,0,0,2018-09-16,14,1,13.6,16.4,0.2,0.8,12.2,14.8,0.4,1.0
2018,Singapore Grand Prix,8,GRO,Haas F1 Team,8.0,8.0,15.0,0,0,0,0,2018-09-16,14,1,11.8,7.0,0.6,0.6,12.2,8.2,0.6,0.6
2018,Singapore Grand Prix,11,PER,Racing Point,7.0,7.0,16.0,0,0,0,0,2018-09-16,14,1,8.6,12.2,0.8,0.19999999999999996,6.0,7.75,1.0,0.0
2018,Singapore Grand Prix,28,HAR,Toro Rosso,17.0,17.0,17.0,0,0,0,0,2018-09-16,14,1,14.8,15.2,0.2,0.8,13.8,13.0,0.2,0.8
2018,Singapore Grand Prix,20,MAG,Haas F1 Team,16.0,16.0,18.0,0,0,0,0,2018-09-16,14,1,10.2,8.2,0.6,0.4,13.2,7.8,0.4,0.6
2018,Singapore Grand Prix,35,SIR,Williams,19.0,19.0,19.0,0,0,0,0,2018-09-16,14,1,14.2,16.0,0.2,0.8,11.6,15.8,0.4,1.0
2018,Singapore Grand Prix,31,OCO,Racing Point,9.0,9.0,20.0,0,0,0,0,2018-09-16,14,1,8.0,11.0,0.8,0.19999999999999996,8.0,7.6,0.8,0.19999999999999996
2018,Russian Grand Prix,44,HAM,Mercedes,2.0,2.0,1.0,1,1,1,1,2018-09-30,15,1,1.2,4.0,1.0,0.0,2.6,4.4,1.0,0.0
2018,Russian Grand Prix,77,BOT,Mercedes,1.0,1.0,2.0,1,1,1,1,2018-09-30,15,1,3.6,4.4,1.0,0.0,2.0,2.8,1.0,0.0
2018,Russian Grand Prix,5,VET,Ferrari,3.0,3.0,3.0,1,1,1,1,2018-09-30,15,1,5.6,2.4,0.8,0.19999999999999996,6.2,3.4,0.8,0.19999999999999996
2018,Russian Grand Prix,7,RAI,Ferrari,4.0,4.0,4.0,1,0,1,1,2018-09-30,15,1,6.0,3.6,0.8,0.19999999999999996,3.4,2.8,1.0,0.0
2018,Russian Grand Prix,33,VER,Red Bull Racing,19.0,11.0,5.0,1,0,1,1,2018-09-30,15,1,6.6,5.0,0.8,0.19999999999999996,9.2,7.2,0.6,0.4
2018,Russian Grand Prix,3,RIC,Red Bull Racing,18.0,12.0,6.0,1,0,0,1,2018-09-30,15,1,12.6,11.2,0.4,0.6,7.0,7.8,0.8,0.19999999999999996
2018,Russian Grand Prix,16,LEC,Sauber,7.0,7.0,7.0,1,0,0,1,2018-09-30,15,1,14.6,13.8,0.2,1.0,12.8,15.2,0.2,1.0
2018,Russian Grand Prix,20,MAG,Haas F1 Team,5.0,5.0,8.0,0,0,0,1,2018-09-30,15,1,12.0,10.0,0.4,0.6,15.4,10.0,0.2,0.8
2018,Russian Grand Prix,31,OCO,Racing Point,6.0,6.0,9.0,0,0,0,1,2018-09-30,15,1,10.6,10.8,0.6,0.4,11.0,8.6,0.6,0.4
2018,Russian Grand Prix,11,PER,Racing Point,8.0,8.0,10.0,0,0,0,1,2018-09-30,15,1,9.8,11.2,0.6,0.4,11.6,9.2,0.6,0.6
2018,Russian Grand Prix,8,GRO,Haas F1 Team,9.0,9.0,11.0,0,0,0,0,2018-09-30,15,1,11.6,7.0,0.6,0.6,15.4,9.2,0.2,1.0
2018,Russian Grand Prix,27,HUL,Renault,12.0,15.0,12.0,0,0,0,0,2018-09-30,15,1,12.0,11.8,0.4,0.8,11.8,11.6,0.6,0.8
2018,Russian Grand Prix,9,ERI,Sauber,10.0,10.0,13.0,0,0,0,0,2018-09-30,15,1,12.0,14.8,0.4,0.8,10.6,14.0,0.4,0.8
2018,Russian Grand Prix,14,ALO,McLaren,16.0,17.0,14.0,0,0,0,0,2018-09-30,15,1,13.6,12.6,0.4,0.8,13.6,15.8,0.2,0.8
2018,Russian Grand Prix,18,STR,Williams,14.0,20.0,15.0,0,0,0,0,2018-09-30,15,1,14.0,16.6,0.2,1.0,13.0,16.0,0.4,1.0
2018,Russian Grand Prix,2,VAN,McLaren,15.0,19.0,16.0,0,0,0,0,2018-09-30,15,1,14.0,18.8,0.0,0.8,12.6,15.8,0.2,0.8
2018,Russian Grand Prix,55,SAI,Renault,11.0,14.0,17.0,0,0,0,0,2018-09-30,15,1,9.6,9.6,0.6,0.6,10.2,11.6,0.6,0.8
2018,Russian Grand Prix,35,SIR,Williams,13.0,18.0,18.0,0,0,0,0,2018-09-30,15,1,15.2,16.2,0.2,1.0,13.4,16.2,0.4,1.0
2018,Russian Grand Prix,10,GAS,Toro Rosso,17.0,13.0,19.0,0,0,0,0,2018-09-30,15,1,11.2,11.6,0.4,0.6,15.4,14.2,0.0,1.0
2018,Russian Grand Prix,28,HAR,Toro Rosso,20.0,16.0,20.0,0,0,0,0,2018-09-30,15,1,14.2,14.6,0.2,0.8,16.4,14.4,0.0,1.0
2018,Japanese Grand Prix,44,HAM,Mercedes,1.0,1.0,1.0,1,1,1,1,2018-10-07,16,1,1.2,1.6,1.0,0.0,2.2,2.4,1.0,0.0
2018,Japanese Grand Prix,77,BOT,Mercedes,2.0,2.0,2.0,1,1,1,1,2018-10-07,16,1,3.6,4.2,1.0,0.0,1.8,1.8,1.0,0.0
2018,Japanese Grand Prix,33,VER,Red Bull Racing,3.0,3.0,3.0,1,1,1,1,2018-10-07,16,1,6.8,6.4,0.8,0.19999999999999996,7.2,9.2,0.8,0.19999999999999996
2018,Japanese Grand Prix,3,RIC,Red Bull Racing,15.0,15.0,4.0,1,0,1,1,2018-10-07,16,1,9.8,10.6,0.6,0.4,4.4,6.8,1.0,0.0
2018,Japanese Grand Prix,7,RAI,Ferrari,4.0,4.0,5.0,1,0,1,1,2018-10-07,16,1,6.2,3.8,0.8,0.19999999999999996,3.8,3.4,1.0,0.0
2018,Japanese Grand Prix,5,VET,Ferrari,8.0,9.0,6.0,1,0,0,1,2018-10-07,16,1,2.6,2.8,1.0,0.0,4.0,3.8,1.0,0.0
2018,Japanese Grand Prix,11,PER,Racing Point,9.0,10.0,7.0,1,0,0,1,2018-10-07,16,1,10.4,10.8,0.6,0.6,12.4,9.2,0.6,0.8
2018,Japanese Grand Prix,8,GRO,Haas F1 Team,5.0,5.0,8.0,1,0,0,1,2018-10-07,16,1,12.6,7.6,0.4,0.8,14.4,8.8,0.2,1.0
2018,Japanese Grand Prix,31,OCO,Racing Point,11.0,8.0,9.0,1,0,0,1,2018-10-07,16,1,10.8,8.8,0.6,0.6,12.4,8.0,0.6,0.8
2018,Japanese Grand Prix,55,SAI,Renault,13.0,13.0,10.0,0,0,0,1,2018-10-07,16,1,10.6,10.8,0.6,0.8,12.0,13.0,0.4,1.0
2018,Japanese Grand Prix,10,GAS,Toro Rosso,7.0,7.0,11.0,0,0,0,0,2018-10-07,16,1,12.2,10.8,0.4,0.6,17.6,15.8,0.0,1.0
2018,Japanese Grand Prix,9,ERI,Sauber,20.0,20.0,12.0,0,0,0,0,2018-10-07,16,1,12.8,14.2,0.2,1.0,11.0,12.6,0.4,0.8
2018,Japanese Grand Prix,28,HAR,Toro Rosso,6.0,6.0,13.0,0,0,0,0,2018-10-07,16,1,16.2,14.2,0.0,1.0,16.0,13.6,0.0,1.0
2018,Japanese Grand Prix,14,ALO,McLaren,18.0,18.0,14.0,0,0,0,0,2018-10-07,16,1,13.2,13.8,0.4,0.8,13.4,15.6,0.2,0.8
2018,Japanese Grand Prix,2,VAN,McLaren,19.0,19.0,15.0,0,0,0,0,2018-10-07,16,1,14.6,18.6,0.0,1.0,12.6,16.6,0.2,0.8
2018,Japanese Grand Prix,35,SIR,Williams,17.0,17.0,16.0,0,0,0,0,2018-10-07,16,1,15.0,17.4,0.2,1.0,15.2,17.8,0.2,1.0
2018,Japanese Grand Prix,18,STR,Williams,14.0,14.0,17.0,0,0,0,0,2018-10-07,16,1,13.6,16.8,0.2,1.0,16.4,18.8,0.0,1.0
2018,Japanese Grand Prix,16,LEC,Sauber,10.0,11.0,18.0,0,0,0,0,2018-10-07,16,1,13.0,13.4,0.4,0.8,10.4,12.8,0.4,0.8
2018,Japanese Grand Prix,27,HUL,Renault,16.0,16.0,19.0,0,0,0,0,2018-10-07,16,1,13.4,13.4,0.2,1.0,11.4,12.8,0.6,1.0
2018,Japanese Grand Prix,20,MAG,Haas F1 Team,12.0,12.0,20.0,0,0,0,0,2018-10-07,16,1,11.4,10.0,0.6,0.8,12.0,8.6,0.4,0.8
2018,United States Grand Prix,7,RAI,Ferrari,2.0,3.0,1.0,1,1,1,1,2018-10-21,17,1,6.6,4.0,0.8,0.19999999999999996,4.6,5.0,1.0,0.0
2018,United States Grand Prix,33,VER,Red Bull Racing,18.0,15.0,2.0,1,1,1,1,2018-10-21,17,1,3.6,5.6,1.0,0.0,4.8,9.4,1.0,0.0
2018,United States Grand Prix,44,HAM,Mercedes,1.0,1.0,3.0,1,1,1,1,2018-10-21,17,1,1.2,1.6,1.0,0.0,2.0,2.0,1.0,0.0
2018,United States Grand Prix,5,VET,Ferrari,5.0,2.0,4.0,1,0,1,1,2018-10-21,17,1,3.4,3.8,1.0,0.0,3.8,4.6,1.0,0.0
2018,United States Grand Prix,77,BOT,Mercedes,3.0,4.0,5.0,1,0,1,1,2018-10-21,17,1,3.0,4.2,1.0,0.0,1.8,1.4,1.0,0.0
2018,United States Grand Prix,27,HUL,Renault,7.0,7.0,6.0,1,0,0,1,2018-10-21,17,1,14.8,14.0,0.2,1.0,13.6,13.6,0.4,1.0
2018,United States Grand Prix,55,SAI,Renault,11.0,11.0,7.0,1,0,0,1,2018-10-21,17,1,10.8,12.4,0.6,0.8,12.8,13.0,0.4,0.8
2018,United States Grand Prix,11,PER,Racing Point,10.0,10.0,8.0,1,0,0,1,2018-10-21,17,1,9.0,9.0,0.8,0.4,11.0,8.2,0.8,0.6
2018,United States Grand Prix,28,HAR,Toro Rosso,20.0,14.0,9.0,0,0,0,1,2018-10-21,17,1,16.6,13.8,0.0,1.0,16.0,11.8,0.0,1.0
2018,United States Grand Prix,9,ERI,Sauber,16.0,19.0,10.0,0,0,0,1,2018-10-21,17,1,12.2,15.4,0.2,1.0,12.2,12.4,0.2,0.8
2018,United States Grand Prix,2,VAN,McLaren,17.0,20.0,11.0,0,0,0,0,2018-10-21,17,1,14.0,19.2,0.0,1.0,14.2,18.2,0.0,1.0
2018,United States Grand Prix,10,GAS,Toro Rosso,19.0,13.0,12.0,0,0,0,0,2018-10-21,17,1,13.2,11.0,0.2,0.8,14.4,11.2,0.2,1.0
2018,United States Grand Prix,35,SIR,Williams,14.0,17.0,13.0,0,0,0,0,2018-10-21,17,1,15.0,16.8,0.2,1.0,17.0,17.6,0.0,1.0
2018,United States Grand Prix,18,STR,Williams,15.0,18.0,14.0,0,0,0,0,2018-10-21,17,1,13.6,16.6,0.2,1.0,15.8,17.2,0.0,1.0
2018,United States Grand Prix,16,LEC,Sauber,9.0,9.0,15.0,0,0,0,0,2018-10-21,17,1,12.6,12.2,0.4,0.8,12.0,13.4,0.4,0.8
2018,United States Grand Prix,3,RIC,Red Bull Racing,4.0,5.0,16.0,0,0,0,0,2018-10-21,17,1,9.8,11.2,0.6,0.4,4.0,11.2,1.0,0.0
2018,United States Grand Prix,8,GRO,Haas F1 Team,8.0,8.0,17.0,0,0,0,0,2018-10-21,17,1,12.2,6.6,0.4,0.6,13.0,9.4,0.4,0.8
2018,United States Grand Prix,14,ALO,McLaren,13.0,16.0,18.0,0,0,0,0,2018-10-21,17,1,14.4,15.2,0.2,0.8,14.0,18.6,0.0,1.0
2018,United States Grand Prix,31,OCO,Racing Point,6.0,6.0,19.0,0,0,0,0,2018-10-21,17,1,10.0,6.8,0.8,0.4,8.6,8.4,1.0,0.4
2018,United States Grand Prix,20,MAG,Haas F1 Team,12.0,12.0,20.0,0,0,0,0,2018-10-21,17,1,14.0,10.6,0.4,0.8,12.8,7.8,0.4,0.8
2018,Brazilian Grand Prix,44,HAM,Mercedes,1.0,1.0,1.0,1,1,1,1,2018-11-11,18,1,1.4,1.6,1.0,0.0,2.6,1.8,1.0,0.0
2018,Brazilian Grand Prix,33,VER,Red Bull Racing,5.0,5.0,2.0,1,1,1,1,2018-11-11,18,1,3.4,7.2,1.0,0.0,6.2,10.0,0.8,0.19999999999999996
2018,Brazilian Grand Prix,7,RAI,Ferrari,4.0,4.0,3.0,1,1,1,1,2018-11-11,18,1,3.4,3.4,1.0,0.0,4.0,4.4,1.0,0.0
2018,Brazilian Grand Prix,3,RIC,Red Bull Racing,11.0,11.0,4.0,1,0,1,1,2018-11-11,18,1,9.8,10.6,0.6,0.4,5.4,9.5,0.8,0.19999999999999996
2018,Brazilian Grand Prix,77,BOT,Mercedes,3.0,3.0,5.0,1,0,1,1,2018-11-11,18,1,3.2,3.0,1.0,0.0,2.4,2.0,1.0,0.0
2018,Brazilian Grand Prix,5,VET,Ferrari,2.0,2.0,6.0,1,0,0,1,2018-11-11,18,1,4.0,3.8,1.0,0.0,3.8,4.5,1.0,0.0
2018,Brazilian Grand Prix,16,LEC,Sauber,7.0,7.0,7.0,1,0,0,1,2018-11-11,18,1,12.0,11.4,0.4,0.8,13.6,13.8,0.2,1.0
2018,Brazilian Grand Prix,8,GRO,Haas F1 Team,8.0,8.0,8.0,1,0,0,1,2018-11-11,18,1,14.2,7.2,0.2,0.8,15.2,9.2,0.2,0.8
2018,Brazilian Grand Prix,20,MAG,Haas F1 Team,10.0,10.0,9.0,1,0,0,1,2018-11-11,18,1,16.4,11.2,0.2,1.0,14.6,9.25,0.4,0.6
2018,Brazilian Grand Prix,11,PER,Racing Point,12.0,12.0,10.0,0,0,0,1,2018-11-11,18,1,9.6,10.2,0.8,0.4,10.6,8.4,0.8,0.4
2018,Brazilian Grand Prix,28,HAR,Toro Rosso,16.0,16.0,11.0,0,0,0,0,2018-11-11,18,1,15.6,14.2,0.2,1.0,13.0,11.2,0.2,1.0
2018,Brazilian Grand Prix,55,SAI,Renault,15.0,15.0,12.0,0,0,0,0,2018-11-11,18,1,10.0,11.4,0.8,0.6,11.8,12.2,0.6,0.6
2018,Brazilian Grand Prix,10,GAS,Toro Rosso,9.0,9.0,13.0,0,0,0,0,2018-11-11,18,1,13.8,11.4,0.0,1.0,11.2,10.0,0.2,1.0
2018,Brazilian Grand Prix,2,VAN,McLaren,20.0,20.0,14.0,0,0,0,0,2018-11-11,18,1,13.2,19.2,0.0,1.0,14.8,18.4,0.0,1.0
2018,Brazilian Grand Prix,31,OCO,Racing Point,18.0,18.0,15.0,0,0,0,0,2018-11-11,18,1,12.6,7.4,0.6,0.6,10.6,8.5,0.8,0.4
2018,Brazilian Grand Prix,35,SIR,Williams,14.0,14.0,16.0,0,0,0,0,2018-11-11,18,1,15.2,16.6,0.2,1.0,15.6,16.8,0.0,1.0
2018,Brazilian Grand Prix,14,ALO,McLaren,17.0,17.0,17.0,0,0,0,0,2018-11-11,18,1,14.2,15.0,0.2,0.8,14.4,18.25,0.0,1.0
2018,Brazilian Grand Prix,18,STR,Williams,19.0,19.0,18.0,0,0,0,0,2018-11-11,18,1,13.8,16.4,0.2,1.0,15.2,16.5,0.0,1.0
2018,Brazilian Grand Prix,27,HUL,Renault,13.0,13.0,19.0,0,0,0,0,2018-11-11,18,1,12.0,12.4,0.4,0.8,10.8,11.75,0.6,0.6
2018,Brazilian Grand Prix,9,ERI,Sauber,6.0,6.0,20.0,0,0,0,0,2018-11-11,18,1,12.2,16.4,0.2,1.0,12.4,14.75,0.4,0.8
2018,Abu Dhabi Grand Prix,44,HAM,Mercedes,1.0,1.0,1.0,1,1,1,1,2018-11-25,19,1,1.4,1.25,1.0,0.0,3.2,2.3333333333333335,1.0,0.0
2018,Abu Dhabi Grand Prix,5,VET,Ferrari,3.0,3.0,2.0,1,1,1,1,2018-11-25,19,1,4.4,4.25,1.0,0.0,4.0,4.666666666666667,1.0,0.0
2018,Abu Dhabi Grand Prix,33,VER,Red Bull Racing,6.0,6.0,3.0,1,1,1,1,2018-11-25,19,1,2.8,7.75,1.0,0.0,5.6,11.666666666666666,0.8,0.19999999999999996
2018,Abu Dhabi Grand Prix,3,RIC,Red Bull Racing,5.0,5.0,4.0,1,0,1,1,2018-11-25,19,1,7.2,9.5,0.8,0.19999999999999996,5.4,8.666666666666666,0.8,0.19999999999999996
2018,Abu Dhabi Grand Prix,77,BOT,Mercedes,2.0,2.0,5.0,1,0,1,1,2018-11-25,19,1,3.6,2.75,1.0,0.0,3.0,2.0,1.0,0.0
2018,Abu Dhabi Grand Prix,55,SAI,Renault,11.0,11.0,6.0,1,0,0,1,2018-11-25,19,1,10.8,12.5,0.6,0.8,12.6,11.333333333333334,0.4,0.6
2018,Abu Dhabi Grand Prix,16,LEC,Sauber,8.0,8.0,7.0,1,0,0,1,2018-11-25,19,1,11.2,10.0,0.6,0.6,14.0,13.0,0.4,0.8
2018,Abu Dhabi Grand Prix,11,PER,Racing Point,14.0,14.0,8.0,1,0,0,1,2018-11-25,19,1,10.2,8.75,0.8,0.6,12.2,8.0,0.6,0.6
2018,Abu Dhabi Grand Prix,8,GRO,Haas F1 Team,7.0,7.0,9.0,0,0,0,1,2018-11-25,19,1,11.8,7.5,0.4,0.6,14.8,10.666666666666666,0.4,0.6
2018,Abu Dhabi Grand Prix,20,MAG,Haas F1 Team,13.0,13.0,10.0,0,0,0,1,2018-11-25,19,1,15.0,11.25,0.4,0.8,12.6,9.0,0.6,0.6
2018,Abu Dhabi Grand Prix,14,ALO,McLaren,15.0,15.0,11.0,0,0,0,0,2018-11-25,19,1,14.0,15.5,0.2,0.8,15.0,18.333333333333332,0.0,1.0
2018,Abu Dhabi Grand Prix,28,HAR,Toro Rosso,16.0,16.0,12.0,0,0,0,0,2018-11-25,19,1,14.0,13.25,0.2,1.0,11.6,11.0,0.2,1.0
2018,Abu Dhabi Grand Prix,18,STR,Williams,20.0,20.0,13.0,0,0,0,0,2018-11-25,19,1,15.6,18.0,0.0,1.0,15.6,16.333333333333332,0.0,1.0
2018,Abu Dhabi Grand Prix,2,VAN,McLaren,18.0,18.0,14.0,0,0,0,0,2018-11-25,19,1,13.6,19.0,0.0,1.0,14.2,17.0,0.0,1.0
2018,Abu Dhabi Grand Prix,35,SIR,Williams,19.0,19.0,15.0,0,0,0,0,2018-11-25,19,1,16.4,17.75,0.0,1.0,14.8,18.333333333333332,0.0,1.0
2018,Abu Dhabi Grand Prix,10,GAS,Toro Rosso,17.0,17.0,16.0,0,0,0,0,2018-11-25,19,1,13.6,12.0,0.0,1.0,11.4,14.333333333333334,0.2,1.0
2018,Abu Dhabi Grand Prix,31,OCO,Racing Point,9.0,9.0,17.0,0,0,0,0,2018-11-25,19,1,14.4,7.25,0.4,0.8,12.0,10.0,0.6,0.6
2018,Abu Dhabi Grand Prix,9,ERI,Sauber,12.0,12.0,18.0,0,0,0,0,2018-11-25,19,1,13.2,15.75,0.2,1.0,11.8,12.0,0.6,0.6
2018,Abu Dhabi Grand Prix,7,RAI,Ferrari,4.0,4.0,19.0,0,0,0,0,2018-11-25,19,1,3.6,4.0,1.0,0.0,3.2,2.6666666666666665,1.0,0.0
2018,Abu Dhabi Grand Prix,27,HUL,Renault,10.0,10.0,20.0,0,0,0,0,2018-11-25,19,1,13.2,12.0,0.4,0.8,10.0,9.666666666666666,0.6,0.4
2019,Australian Grand Prix,77,BOT,Mercedes,2.0,2.0,1.0,1,1,1,1,2019-03-17,20,0,3.8,2.25,1.0,0.0,3.4,2.3333333333333335,1.0,0.0
2019,Australian Grand Prix,44,HAM,Mercedes,1.0,1.0,2.0,1,1,1,1,2019-03-17,20,0,1.4,1.25,1.0,0.0,2.6,1.6666666666666667,1.0,0.0
2019,Australian Grand Prix,33,VER,Red Bull Racing,4.0,4.0,3.0,1,1,1,1,2019-03-17,20,0,3.0,8.75,1.0,0.0,5.8,5.333333333333333,0.8,0.19999999999999996
2019,Australian Grand Prix,5,VET,Ferrari,3.0,3.0,4.0,1,0,1,1,2019-03-17,20,0,4.2,4.25,1.0,0.0,6.8,3.0,0.8,0.19999999999999996
2019,Australian Grand Prix,16,LEC,Ferrari,5.0,5.0,5.0,1,0,1,1,2019-03-17,20,0,10.8,8.75,0.6,0.4,6.8,3.3333333333333335,0.8,0.19999999999999996
2019,Australian Grand Prix,20,MAG,Haas F1 Team,7.0,7.0,6.0,1,0,0,1,2019-03-17,20,0,13.4,10.5,0.6,0.8,11.2,10.666666666666666,0.8,0.6
2019,Australian Grand Prix,27,HUL,Renault,11.0,11.0,7.0,0,0,0,1,2019-03-17,20,0,15.2,12.0,0.2,0.8,12.8,10.666666666666666,0.4,0.6
2019,Australian Grand Prix,7,RAI,Alfa Romeo Racing,9.0,9.0,8.0,0,0,0,1,2019-03-17,20,0,6.4,3.75,0.8,0.19999999999999996,10.46767559177338,10.466084656084657,0.5013969732246799,0.4282353511835468
2019,Australian Grand Prix,18,STR,Racing Point,16.0,16.0,9.0,0,0,0,1,2019-03-17,20,0,15.4,18.0,0.0,1.0,13.8,9.666666666666666,0.4,0.8
2019,Australian Grand Prix,26,KVY,Toro Rosso,15.0,15.0,10.0,0,0,0,1,2019-03-17,0,1,12.8,15.333333333333334,0.0,1.0,12.8,15.333333333333334,0.0,1.0
2019,Australian Grand Prix,10,GAS,Red Bull Racing,17.0,17.0,11.0,0,0,0,0,2019-03-17,20,0,14.2,12.5,0.0,1.0,3.2,5.0,1.0,0.0
2019,Australian Grand Prix,4,NOR,McLaren,8.0,8.0,12.0,0,0,0,0,2019-03-17,0,1,14.8,16.333333333333332,0.0,1.0,14.8,16.333333333333332,0.0,1.0
2019,Australian Grand Prix,11,PER,Racing Point,10.0,10.0,13.0,0,0,0,0,2019-03-17,20,0,8.6,10.5,1.0,0.4,11.8,13.0,0.6,0.8
2019,Australian Grand Prix,23,ALB,Toro Rosso,13.0,13.0,14.0,0,0,0,0,2019-03-17,0,1,12.4,16.0,0.2,1.0,12.4,16.0,0.2,1.0
2019,Australian Grand Prix,99,GIO,Alfa Romeo Racing,14.0,14.0,15.0,0,0,0,0,2019-03-17,0,1,8.0,9.0,1.0,1.0,8.0,9.0,1.0,1.0
2019,Australian Grand Prix,63,RUS,Williams,19.0,19.0,16.0,0,0,0,0,2019-03-17,0,1,15.2,19.0,0.0,1.0,15.2,19.0,0.0,1.0
2019,Australian Grand Prix,88,KUB,Williams,20.0,20.0,17.0,0,0,0,0,2019-03-17,0,1,15.6,19.333333333333332,0.0,1.0,15.6,19.333333333333332,0.0,1.0
2019,Australian Grand Prix,8,GRO,Haas F1 Team,6.0,6.0,18.0,0,0,0,0,2019-03-17,20,0,10.6,7.25,0.6,0.6,8.4,9.0,1.0,0.4
2019,Australian Grand Prix,3,RIC,Renault,12.0,12.0,19.0,0,0,0,0,2019-03-17,20,0,6.8,9.25,0.8,0.19999999999999996,12.8,10.666666666666666,0.4,0.8
2019,Australian Grand Prix,55,SAI,McLaren,18.0,18.0,20.0,0,0,0,0,2019-03-17,20,0,10.4,12.25,0.6,0.6,13.6,13.666666666666666,0.0,1.0
2019,Bahrain Grand Prix,44,HAM,Mercedes,3.0,3.0,1.0,1,1,1,1,2019-03-31,21,0,1.6,1.0,1.0,0.0,2.8,1.5,1.0,0.0
2019,Bahrain Grand Prix,77,BOT,Mercedes,4.0,4.0,2.0,1,1,1,1,2019-03-31,21,0,3.6,2.5,1.0,0.0,2.0,1.8,1.0,0.0
2019,Bahrain Grand Prix,16,LEC,Ferrari,1.0,1.0,3.0,1,1,1,1,2019-03-31,21,0,10.4,8.25,0.6,0.4,7.2,3.75,0.8,0.19999999999999996
2019,Bahrain Grand Prix,33,VER,Red Bull Racing,5.0,5.0,4.0,1,0,1,1,2019-03-31,21,0,2.6,7.0,1.0,0.0,5.0,8.0,0.8,0.19999999999999996
2019,Bahrain Grand Prix,5,VET,Ferrari,2.0,2.0,5.0,1,0,1,1,2019-03-31,21,0,4.4,4.25,1.0,0.0,6.6,3.2,0.8,0.19999999999999996
2019,Bahrain Grand Prix,4,NOR,McLaren,9.0,10.0,6.0,1,0,0,1,2019-03-31,1,1,12.0,8.0,0.0,1.0,14.8,14.75,0.0,1.0
2019,Bahrain Grand Prix,7,RAI,Alfa Romeo Racing,8.0,9.0,7.0,1,0,0,1,2019-03-31,21,0,7.2,5.0,0.8,0.4,11.5,11.5,0.5,1.0
2019,Bahrain Grand Prix,10,GAS,Red Bull Racing,13.0,13.0,8.0,1,0,0,1,2019-03-31,21,0,12.6,13.5,0.0,1.0,5.0,7.4,0.8,0.19999999999999996
2019,Bahrain Grand Prix,23,ALB,Toro Rosso,12.0,12.0,9.0,1,0,0,1,2019-03-31,1,1,14.0,13.0,0.0,1.0,13.0,15.25,0.2,1.0
2019,Bahrain Grand Prix,11,PER,Racing Point,14.0,14.0,10.0,1,0,0,1,2019-03-31,21,0,9.2,11.0,0.8,0.4,12.4,12.25,0.4,0.8
2019,Bahrain Grand Prix,99,GIO,Alfa Romeo Racing,16.0,16.0,11.0,1,0,0,0,2019-03-31,1,1,15.0,14.0,0.0,1.0,10.0,10.666666666666666,0.6666666666666666,0.6666666666666667
2019,Bahrain Grand Prix,26,KVY,Toro Rosso,15.0,15.0,12.0,0,0,0,0,2019-03-31,1,1,10.0,15.0,1.0,1.0,12.2,14.6,0.4,0.8
2019,Bahrain Grand Prix,20,MAG,Haas F1 Team,6.0,6.0,13.0,0,0,0,0,2019-03-31,21,0,13.0,11.0,0.6,0.6,10.4,8.25,0.8,0.6
2019,Bahrain Grand Prix,18,STR,Racing Point,18.0,18.0,14.0,0,0,0,0,2019-03-31,21,0,14.2,17.0,0.2,1.0,11.4,12.6,0.6,0.6
2019,Bahrain Grand Prix,63,RUS,Williams,19.0,19.0,15.0,0,0,0,0,2019-03-31,1,1,16.0,19.0,0.0,1.0,15.8,19.5,0.0,1.0
2019,Bahrain Grand Prix,88,KUB,Williams,20.0,20.0,16.0,0,0,0,0,2019-03-31,1,1,17.0,20.0,0.0,1.0,15.2,19.4,0.0,1.0
2019,Bahrain Grand Prix,27,HUL,Renault,17.0,17.0,17.0,0,0,0,0,2019-03-31,21,0,14.2,11.0,0.4,0.8,14.2,11.0,0.4,0.8
2019,Bahrain Grand Prix,3,RIC,Renault,10.0,11.0,18.0,0,0,0,0,2019-03-31,21,0,9.4,9.25,0.6,0.4,13.8,12.2,0.4,0.8
2019,Bahrain Grand Prix,55,SAI,McLaren,7.0,7.0,19.0,0,0,0,0,2019-03-31,21,0,11.0,13.25,0.6,0.6,12.6,13.8,0.2,0.8
2019,Bahrain Grand Prix,8,GRO,Haas F1 Team,11.0,8.0,20.0,0,0,0,0,2019-03-31,21,0,12.0,6.5,0.6,0.6,11.2,7.8,0.6,0.8
2019,Chinese Grand Prix,44,HAM,Mercedes,2.0,2.0,1.0,1,1,1,1,2019-04-14,22,0,1.6,1.5,1.0,0.0,2.2,2.4,1.0,0.0
2019,Chinese Grand Prix,77,BOT,Mercedes,1.0,1.0,2.0,1,1,1,1,2019-04-14,22,0,3.6,3.0,1.0,0.0,1.4,2.4,1.0,0.0
2019,Chinese Grand Prix,5,VET,Ferrari,3.0,3.0,3.0,1,1,1,1,2019-04-14,22,0,4.2,2.5,1.0,0.0,7.2,3.0,0.8,0.19999999999999996
2019,Chinese Grand Prix,33,VER,Red Bull Racing,5.0,5.0,4.0,1,0,1,1,2019-04-14,22,0,2.8,7.5,1.0,0.0,6.0,8.8,0.8,0.19999999999999996
2019,Chinese Grand Prix,16,LEC,Ferrari,4.0,4.0,5.0,1,0,1,1,2019-04-14,22,0,7.4,5.75,0.8,0.19999999999999996,4.0,2.8,1.0,0.0
2019,Chinese Grand Prix,10,GAS,Red Bull Racing,6.0,6.0,6.0,1,0,0,1,2019-04-14,22,0,12.0,15.0,0.2,0.8,6.0,8.8,0.8,0.19999999999999996
2019,Chinese Grand Prix,3,RIC,Renault,7.0,7.0,7.0,0,0,0,1,2019-04-14,22,0,12.2,8.25,0.4,0.6,16.2,12.2,0.2,1.0
2019,Chinese Grand Prix,11,PER,Racing Point,12.0,12.0,8.0,0,0,0,1,2019-04-14,22,0,9.8,12.0,0.8,0.4,12.6,13.4,0.4,0.8
2019,Chinese Grand Prix,7,RAI,Alfa Romeo Racing,13.0,13.0,9.0,0,0,0,1,2019-04-14,22,0,7.6,6.25,0.8,0.4,10.25,12.0,0.5,0.5
2019,Chinese Grand Prix,23,ALB,Toro Rosso,0.0,0.0,10.0,0,0,0,1,2019-04-14,2,1,11.5,12.5,0.5,0.5,12.2,14.4,0.4,0.8
2019,Chinese Grand Prix,8,GRO,Haas F1 Team,10.0,10.0,11.0,0,0,0,0,2019-04-14,22,0,14.4,7.25,0.4,0.8,13.4,8.0,0.4,0.8
2019,Chinese Grand Prix,18,STR,Racing Point,16.0,16.0,12.0,0,0,0,0,2019-04-14,22,0,13.6,18.0,0.2,1.0,10.8,14.0,0.6,0.8
2019,Chinese Grand Prix,20,MAG,Haas F1 Team,9.0,9.0,13.0,0,0,0,0,2019-04-14,22,0,11.6,9.5,0.6,0.6,13.6,7.4,0.2,0.8
2019,Chinese Grand Prix,55,SAI,McLaren,14.0,14.0,14.0,0,0,0,0,2019-04-14,22,0,12.8,11.75,0.4,0.6,14.2,12.2,0.2,0.8
2019,Chinese Grand Prix,99,GIO,Alfa Romeo Racing,19.0,19.0,15.0,0,0,0,0,2019-04-14,2,1,13.0,15.0,0.0,0.5,10.0,12.2,0.6,0.6
2019,Chinese Grand Prix,63,RUS,Williams,17.0,17.0,16.0,0,0,0,0,2019-04-14,2,1,15.5,19.0,0.0,1.0,15.8,19.4,0.0,1.0
2019,Chinese Grand Prix,88,KUB,Williams,18.0,18.0,17.0,0,0,0,0,2019-04-14,2,1,16.5,20.0,0.0,1.0,16.0,19.0,0.0,1.0
2019,Chinese Grand Prix,4,NOR,McLaren,15.0,15.0,18.0,0,0,0,0,2019-04-14,2,1,9.0,9.0,0.5,0.5,14.2,11.4,0.2,0.8
2019,Chinese Grand Prix,26,KVY,Toro Rosso,11.0,11.0,19.0,0,0,0,0,2019-04-14,2,1,11.0,15.0,0.5,1.0,11.0,13.75,0.6,0.8
2019,Chinese Grand Prix,27,HUL,Renault,8.0,8.0,20.0,0,0,0,0,2019-04-14,22,0,13.8,11.25,0.4,0.8,13.6,11.6,0.4,1.0
2019,Azerbaijan Grand Prix,77,BOT,Mercedes,1.0,1.0,1.0,1,1,1,1,2019-04-28,23,0,3.0,2.25,1.0,0.0,1.6,2.2,1.0,0.0
2019,Azerbaijan Grand Prix,44,HAM,Mercedes,2.0,2.0,2.0,1,1,1,1,2019-04-28,23,0,1.2,1.75,1.0,0.0,1.4,2.2,1.0,0.0
2019,Azerbaijan Grand Prix,5,VET,Ferrari,3.0,3.0,3.0,1,1,1,1,2019-04-28,23,0,4.0,2.75,1.0,0.0,4.2,3.0,1.0,0.0
2019,Azerbaijan Grand Prix,33,VER,Red Bull Racing,4.0,4.0,4.0,1,0,1,1,2019-04-28,23,0,3.2,5.0,1.0,0.0,6.6,9.2,0.8,0.19999999999999996
2019,Azerbaijan Grand Prix,16,LEC,Ferrari,8.0,9.0,5.0,1,0,1,1,2019-04-28,23,0,5.4,4.5,1.0,0.0,3.8,2.6,1.0,0.0
2019,Azerbaijan Grand Prix,11,PER,Racing Point,5.0,5.0,6.0,1,0,0,1,2019-04-28,23,0,9.8,12.5,0.8,0.6,11.4,14.0,0.4,0.8
2019,Azerbaijan Grand Prix,55,SAI,McLaren,9.0,10.0,7.0,1,0,0,1,2019-04-28,23,0,14.2,12.5,0.2,0.8,15.4,12.8,0.2,0.8
2019,Azerbaijan Grand Prix,4,NOR,McLaren,7.0,7.0,8.0,1,0,0,1,2019-04-28,3,1,12.0,11.0,0.3333333333333333,0.6666666666666667,12.8,11.2,0.4,0.6
2019,Azerbaijan Grand Prix,18,STR,Racing Point,13.0,14.0,9.0,1,0,0,1,2019-04-28,23,0,13.2,17.5,0.2,1.0,10.0,13.0,0.6,0.6
2019,Azerbaijan Grand Prix,7,RAI,Alfa Romeo Racing,0.0,19.0,10.0,0,0,0,1,2019-04-28,23,0,9.2,8.75,0.8,0.6,11.4,13.0,0.4,0.6
2019,Azerbaijan Grand Prix,23,ALB,Toro Rosso,11.0,12.0,11.0,0,0,0,0,2019-04-28,3,1,11.0,12.5,0.6666666666666666,0.6666666666666667,12.8,12.75,0.4,0.8
2019,Azerbaijan Grand Prix,99,GIO,Alfa Romeo Racing,17.0,8.0,12.0,0,0,0,0,2019-04-28,3,1,13.666666666666666,15.0,0.0,0.6666666666666667,10.4,14.25,0.6,0.6
2019,Azerbaijan Grand Prix,20,MAG,Haas F1 Team,12.0,13.0,13.0,0,0,0,0,2019-04-28,23,0,10.2,8.75,0.6,0.6,15.0,7.8,0.0,1.0
2019,Azerbaijan Grand Prix,27,HUL,Renault,15.0,16.0,14.0,0,0,0,0,2019-04-28,23,0,16.6,11.5,0.2,1.0,16.2,11.0,0.2,1.0
2019,Azerbaijan Grand Prix,63,RUS,Williams,16.0,17.0,15.0,0,0,0,0,2019-04-28,3,1,15.666666666666666,18.333333333333332,0.0,1.0,16.2,18.8,0.0,1.0
2019,Azerbaijan Grand Prix,88,KUB,Williams,0.0,18.0,16.0,0,0,0,0,2019-04-28,3,1,16.666666666666668,19.333333333333332,0.0,1.0,15.8,18.2,0.0,1.0
2019,Azerbaijan Grand Prix,10,GAS,Red Bull Racing,0.0,20.0,17.0,0,0,0,0,2019-04-28,23,0,10.8,13.25,0.4,0.6,5.2,6.6,1.0,0.0
2019,Azerbaijan Grand Prix,8,GRO,Haas F1 Team,14.0,15.0,18.0,0,0,0,0,2019-04-28,23,0,13.2,7.75,0.4,0.8,14.0,9.2,0.0,1.0
2019,Azerbaijan Grand Prix,26,KVY,Toro Rosso,6.0,6.0,19.0,0,0,0,0,2019-04-28,3,1,13.666666666666666,13.666666666666666,0.3333333333333333,1.0,12.2,12.5,0.4,0.8
2019,Azerbaijan Grand Prix,3,RIC,Renault,10.0,11.0,20.0,0,0,0,0,2019-04-28,23,0,10.4,8.75,0.6,0.6,15.2,11.8,0.2,1.0
2019,Spanish Grand Prix,44,HAM,Mercedes,2.0,2.0,1.0,1,1,1,1,2019-05-12,24,0,1.4,1.8,1.0,0.0,1.6,2.0,1.0,0.0
2019,Spanish Grand Prix,77,BOT,Mercedes,1.0,1.0,2.0,1,1,1,1,2019-05-12,24,0,2.2,2.0,1.0,0.0,1.4,1.6,1.0,0.0
2019,Spanish Grand Prix,33,VER,Red Bull Racing,4.0,4.0,3.0,1,1,1,1,2019-05-12,24,0,3.6,4.8,1.0,0.0,7.8,9.6,0.8,0.19999999999999996
2019,Spanish Grand Prix,5,VET,Ferrari,3.0,3.0,4.0,1,0,1,1,2019-05-12,24,0,3.4,2.8,1.0,0.0,4.2,4.2,1.0,0.0
2019,Spanish Grand Prix,16,LEC,Ferrari,5.0,5.0,5.0,1,0,1,1,2019-05-12,24,0,5.0,5.4,1.0,0.0,4.0,4.4,1.0,0.0
2019,Spanish Grand Prix,10,GAS,Red Bull Racing,6.0,6.0,6.0,1,0,0,1,2019-05-12,24,0,11.6,14.6,0.4,0.6,6.8,7.8,0.8,0.19999999999999996
2019,Spanish Grand Prix,20,MAG,Haas F1 Team,8.0,8.0,7.0,1,0,0,1,2019-05-12,24,0,11.0,9.6,0.4,0.8,15.0,11.0,0.0,1.0
2019,Spanish Grand Prix,55,SAI,McLaren,12.0,13.0,8.0,1,0,0,1,2019-05-12,24,0,13.2,12.0,0.4,0.6,13.2,10.6,0.4,0.6
2019,Spanish Grand Prix,26,KVY,Toro Rosso,9.0,9.0,9.0,1,0,0,1,2019-05-12,4,1,15.0,11.75,0.25,1.0,14.2,11.0,0.2,1.0
2019,Spanish Grand Prix,8,GRO,Haas F1 Team,7.0,7.0,10.0,1,0,0,1,2019-05-12,24,0,15.2,9.2,0.2,1.0,12.4,11.0,0.2,0.8
2019,Spanish Grand Prix,23,ALB,Toro Rosso,11.0,12.0,11.0,1,0,0,0,2019-05-12,4,1,11.0,12.333333333333334,0.5,0.75,13.6,9.5,0.4,0.8
2019,Spanish Grand Prix,3,RIC,Renault,13.0,10.0,12.0,1,0,0,0,2019-05-12,24,0,13.6,9.2,0.4,0.8,15.8,10.6,0.2,1.0
2019,Spanish Grand Prix,27,HUL,Renault,0.0,16.0,13.0,1,0,0,0,2019-05-12,24,0,15.6,12.4,0.2,1.0,14.6,10.4,0.2,0.8
2019,Spanish Grand Prix,7,RAI,Alfa Romeo Racing,14.0,14.0,14.0,1,0,0,0,2019-05-12,24,0,10.6,10.8,0.8,0.8,11.4,14.0,0.4,0.8
2019,Spanish Grand Prix,11,PER,Racing Point,15.0,15.0,15.0,1,0,0,0,2019-05-12,24,0,9.0,11.0,0.8,0.4,9.8,13.0,0.6,0.6
2019,Spanish Grand Prix,99,GIO,Alfa Romeo Racing,18.0,18.0,16.0,1,0,0,0,2019-05-12,4,1,13.25,12.666666666666666,0.0,0.75,12.0,13.5,0.4,0.8
2019,Spanish Grand Prix,63,RUS,Williams,19.0,19.0,17.0,0,0,0,0,2019-05-12,4,1,15.5,18.0,0.0,1.0,16.0,18.0,0.0,1.0
2019,Spanish Grand Prix,88,KUB,Williams,17.0,20.0,18.0,0,0,0,0,2019-05-12,4,1,16.5,19.0,0.0,1.0,16.2,17.8,0.0,1.0
2019,Spanish Grand Prix,18,STR,Racing Point,16.0,17.0,19.0,0,0,0,0,2019-05-12,24,0,11.4,16.8,0.4,0.8,10.0,12.4,0.6,0.4
2019,Spanish Grand Prix,4,NOR,McLaren,10.0,11.0,20.0,0,0,0,0,2019-05-12,4,1,11.0,10.0,0.5,0.5,11.0,11.8,0.6,0.4
2019,Monaco Grand Prix,44,HAM,Mercedes,1.0,1.0,1.0,1,1,1,1,2019-05-26,25,0,1.4,2.0,1.0,0.0,1.6,1.4,1.0,0.0
2019,Monaco Grand Prix,5,VET,Ferrari,4.0,4.0,2.0,1,1,1,1,2019-05-26,25,0,3.8,2.8,1.0,0.0,4.4,4.8,1.0,0.0
2019,Monaco Grand Prix,77,BOT,Mercedes,2.0,2.0,3.0,1,1,1,1,2019-05-26,25,0,1.6,1.8,1.0,0.0,1.4,1.4,1.0,0.0
2019,Monaco Grand Prix,33,VER,Red Bull Racing,3.0,3.0,4.0,1,0,1,1,2019-05-26,25,0,3.6,4.4,1.0,0.0,7.2,8.0,0.8,0.19999999999999996
2019,Monaco Grand Prix,10,GAS,Red Bull Racing,8.0,5.0,5.0,1,0,1,1,2019-05-26,25,0,9.6,12.4,0.6,0.4,6.8,7.4,0.8,0.19999999999999996
2019,Monaco Grand Prix,55,SAI,McLaren,9.0,9.0,6.0,1,0,0,1,2019-05-26,25,0,13.6,12.4,0.4,0.6,12.2,11.2,0.6,0.4
2019,Monaco Grand Prix,26,KVY,Toro Rosso,7.0,8.0,7.0,1,0,0,1,2019-05-26,5,1,13.8,11.2,0.4,0.8,13.8,10.0,0.2,0.6
2019,Monaco Grand Prix,23,ALB,Toro Rosso,10.0,10.0,8.0,1,0,0,1,2019-05-26,5,1,11.0,12.25,0.4,0.6,11.4,9.4,0.4,0.4
2019,Monaco Grand Prix,3,RIC,Renault,6.0,7.0,9.0,1,0,0,1,2019-05-26,25,0,15.2,10.2,0.2,0.8,15.8,12.2,0.0,0.6
2019,Monaco Grand Prix,8,GRO,Haas F1 Team,13.0,13.0,10.0,1,0,0,1,2019-05-26,25,0,15.4,9.2,0.2,0.8,12.2,10.4,0.4,0.6
2019,Monaco Grand Prix,4,NOR,McLaren,12.0,12.0,11.0,1,0,0,0,2019-05-26,5,1,12.8,10.2,0.4,0.6,9.8,10.0,0.8,0.19999999999999996
2019,Monaco Grand Prix,11,PER,Racing Point,16.0,17.0,12.0,0,0,0,0,2019-05-26,25,0,10.4,11.2,0.6,0.4,12.2,13.4,0.4,0.4
2019,Monaco Grand Prix,27,HUL,Renault,11.0,11.0,13.0,0,0,0,0,2019-05-26,25,0,14.2,13.6,0.2,0.8,13.6,12.0,0.2,0.4
2019,Monaco Grand Prix,20,MAG,Haas F1 Team,5.0,6.0,14.0,0,0,0,0,2019-05-26,25,0,10.4,8.6,0.4,0.6,11.6,11.2,0.6,0.4
2019,Monaco Grand Prix,63,RUS,Williams,19.0,19.0,15.0,0,0,0,0,2019-05-26,5,1,15.8,18.2,0.0,1.0,16.6,18.4,0.0,1.0
2019,Monaco Grand Prix,18,STR,Racing Point,17.0,18.0,16.0,0,0,0,0,2019-05-26,25,0,12.6,16.2,0.4,0.8,12.2,13.6,0.4,0.4
2019,Monaco Grand Prix,7,RAI,Alfa Romeo Racing,14.0,14.0,17.0,0,0,0,0,2019-05-26,25,0,9.6,12.8,0.8,0.6,13.4,14.75,0.2,0.6
2019,Monaco Grand Prix,88,KUB,Williams,20.0,20.0,18.0,0,0,0,0,2019-05-26,5,1,16.8,19.2,0.0,1.0,16.2,18.6,0.0,1.0
2019,Monaco Grand Prix,99,GIO,Alfa Romeo Racing,18.0,15.0,19.0,0,0,0,0,2019-05-26,5,1,13.8,14.0,0.0,0.6,13.8,14.6,0.2,0.6
2019,Monaco Grand Prix,16,LEC,Ferrari,15.0,16.0,20.0,0,0,0,0,2019-05-26,25,0,4.6,4.8,1.0,0.0,3.8,4.8,1.0,0.0
2019,Canadian Grand Prix,44,HAM,Mercedes,2.0,2.0,1.0,1,1,1,1,2019-06-09,26,0,1.2,2.0,1.0,0.0,1.8,1.6,1.0,0.0
2019,Canadian Grand Prix,5,VET,Ferrari,1.0,1.0,2.0,1,1,1,1,2019-06-09,26,0,3.4,3.0,1.0,0.0,7.2,7.4,0.8,0.19999999999999996
2019,Canadian Grand Prix,16,LEC,Ferrari,3.0,3.0,3.0,1,1,1,1,2019-06-09,26,0,7.6,7.0,0.8,0.19999999999999996,6.6,5.8,0.8,0.19999999999999996
2019,Canadian Grand Prix,77,BOT,Mercedes,6.0,6.0,4.0,1,0,1,1,2019-06-09,26,0,2.0,1.8,1.0,0.0,1.6,1.6,1.0,0.0
2019,Canadian Grand Prix,33,VER,Red Bull Racing,9.0,11.0,5.0,1,0,1,1,2019-06-09,26,0,3.8,4.2,1.0,0.0,7.0,7.6,0.8,0.19999999999999996
2019,Canadian Grand Prix,3,RIC,Renault,4.0,4.0,6.0,0,0,0,1,2019-06-09,26,0,13.2,9.2,0.4,0.6,13.4,11.0,0.2,0.4
2019,Canadian Grand Prix,27,HUL,Renault,7.0,7.0,7.0,0,0,0,1,2019-06-09,26,0,15.4,13.6,0.0,0.8,10.6,9.6,0.4,0.4
2019,Canadian Grand Prix,10,GAS,Red Bull Racing,5.0,5.0,8.0,0,0,0,1,2019-06-09,26,0,8.4,10.0,0.8,0.19999999999999996,4.6,5.8,1.0,0.0
2019,Canadian Grand Prix,18,STR,Racing Point,17.0,18.0,9.0,0,0,0,1,2019-06-09,26,0,14.0,16.6,0.2,0.8,14.2,16.2,0.2,0.6
2019,Canadian Grand Prix,26,KVY,Toro Rosso,10.0,12.0,10.0,0,0,0,1,2019-06-09,6,1,13.2,9.8,0.4,0.6,10.8,9.0,0.6,0.19999999999999996
2019,Canadian Grand Prix,55,SAI,McLaren,11.0,9.0,11.0,0,0,0,0,2019-06-09,26,0,10.8,10.6,0.6,0.4,10.6,10.4,0.6,0.19999999999999996
2019,Canadian Grand Prix,11,PER,Racing Point,15.0,16.0,12.0,0,0,0,0,2019-06-09,26,0,10.2,12.6,0.6,0.4,14.2,17.0,0.2,0.8
2019,Canadian Grand Prix,99,GIO,Alfa Romeo Racing,12.0,13.0,13.0,0,0,0,0,2019-06-09,6,1,14.6,14.25,0.0,0.6,15.6,13.8,0.0,0.6
2019,Canadian Grand Prix,8,GRO,Haas F1 Team,14.0,15.0,14.0,0,0,0,0,2019-06-09,26,0,13.8,10.6,0.4,0.6,11.8,9.8,0.6,0.4
2019,Canadian Grand Prix,7,RAI,Alfa Romeo Racing,16.0,17.0,15.0,0,0,0,0,2019-06-09,26,0,11.4,13.8,0.6,0.6,15.8,14.8,0.0,0.6
2019,Canadian Grand Prix,63,RUS,Williams,18.0,19.0,16.0,0,0,0,0,2019-06-09,6,1,15.6,18.2,0.0,1.0,16.8,19.2,0.0,1.0
2019,Canadian Grand Prix,20,MAG,Haas F1 Team,0.0,10.0,17.0,0,0,0,0,2019-06-09,26,0,12.0,8.4,0.2,0.8,11.0,9.8,0.6,0.4
2019,Canadian Grand Prix,88,KUB,Williams,19.0,20.0,18.0,0,0,0,0,2019-06-09,6,1,17.0,19.2,0.0,1.0,16.8,19.4,0.0,1.0
2019,Canadian Grand Prix,23,ALB,Toro Rosso,13.0,14.0,19.0,0,0,0,0,2019-06-09,6,1,9.8,11.5,0.6,0.4,9.0,10.2,0.8,0.19999999999999996
2019,Canadian Grand Prix,4,NOR,McLaren,8.0,8.0,20.0,0,0,0,0,2019-06-09,6,1,12.6,11.0,0.4,0.4,11.2,10.8,0.4,0.4
2019,French Grand Prix,44,HAM,Mercedes,1.0,1.0,1.0,1,1,1,1,2019-06-23,27,0,1.2,1.8,1.0,0.0,2.2,2.4,1.0,0.0
2019,French Grand Prix,77,BOT,Mercedes,2.0,2.0,2.0,1,1,1,1,2019-06-23,27,0,2.4,2.2,1.0,0.0,2.0,2.4,1.0,0.0
2019,French Grand Prix,16,LEC,Ferrari,3.0,3.0,3.0,1,1,1,1,2019-06-23,27,0,7.6,7.4,0.8,0.19999999999999996,6.4,5.8,0.8,0.19999999999999996
2019,French Grand Prix,33,VER,Red Bull Racing,4.0,4.0,4.0,1,0,1,1,2019-06-23,27,0,4.0,5.4,1.0,0.0,5.6,6.0,1.0,0.19999999999999996
2019,French Grand Prix,5,VET,Ferrari,7.0,7.0,5.0,1,0,1,1,2019-06-23,27,0,2.8,2.8,1.0,0.0,6.0,5.4,0.8,0.19999999999999996
2019,French Grand Prix,55,SAI,McLaren,6.0,6.0,6.0,1,0,0,1,2019-06-23,27,0,9.2,11.0,0.6,0.4,13.6,9.8,0.2,0.6
2019,French Grand Prix,7,RAI,Alfa Romeo Racing,12.0,12.0,7.0,0,0,0,1,2019-06-23,27,0,13.0,15.4,0.4,0.8,16.0,15.4,0.0,0.8
2019,French Grand Prix,27,HUL,Renault,13.0,13.0,8.0,0,0,0,1,2019-06-23,27,0,13.4,11.6,0.2,0.8,9.6,9.0,0.6,0.6
2019,French Grand Prix,4,NOR,McLaren,5.0,5.0,9.0,0,0,0,1,2019-06-23,7,1,15.4,10.6,0.2,0.6,10.8,8.8,0.4,0.4
2019,French Grand Prix,10,GAS,Red Bull Racing,9.0,9.0,10.0,0,0,0,1,2019-06-23,27,0,8.4,8.4,0.8,0.4,5.2,5.6,1.0,0.19999999999999996
2019,French Grand Prix,3,RIC,Renault,8.0,8.0,11.0,0,0,0,0,2019-06-23,27,0,10.8,7.8,0.6,0.6,8.6,8.4,0.8,0.8
2019,French Grand Prix,11,PER,Racing Point,14.0,14.0,12.0,0,0,0,0,2019-06-23,27,0,10.6,13.0,0.4,0.6,13.6,17.2,0.2,1.0
2019,French Grand Prix,18,STR,Racing Point,17.0,18.0,13.0,0,0,0,0,2019-06-23,27,0,13.0,16.6,0.4,0.8,12.2,16.6,0.2,1.0
2019,French Grand Prix,26,KVY,Toro Rosso,19.0,16.0,14.0,0,0,0,0,2019-06-23,7,1,12.8,9.2,0.6,0.6,11.0,11.2,0.6,0.4
2019,French Grand Prix,23,ALB,Toro Rosso,11.0,11.0,15.0,0,0,0,0,2019-06-23,7,1,11.8,12.0,0.4,0.6,11.6,12.0,0.6,0.6
2019,French Grand Prix,99,GIO,Alfa Romeo Racing,10.0,10.0,16.0,0,0,0,0,2019-06-23,7,1,15.0,13.5,0.0,0.8,14.2,14.2,0.2,1.0
2019,French Grand Prix,20,MAG,Haas F1 Team,15.0,15.0,17.0,0,0,0,0,2019-06-23,27,0,12.8,9.2,0.2,0.8,13.0,10.2,0.4,0.6
2019,French Grand Prix,88,KUB,Williams,18.0,20.0,18.0,0,0,0,0,2019-06-23,7,1,17.4,19.2,0.0,1.0,17.0,19.6,0.0,1.0
2019,French Grand Prix,63,RUS,Williams,20.0,19.0,19.0,0,0,0,0,2019-06-23,7,1,15.8,18.2,0.0,1.0,17.0,19.6,0.0,1.0
2019,French Grand Prix,8,GRO,Haas F1 Team,16.0,17.0,20.0,0,0,0,0,2019-06-23,27,0,12.6,12.0,0.4,0.6,14.4,11.8,0.2,0.8
2019,Austrian Grand Prix,33,VER,Red Bull Racing,2.0,3.0,1.0,1,1,1,1,2019-06-30,28,0,4.0,5.2,1.0,0.0,6.4,6.8,1.0,0.4
2019,Austrian Grand Prix,16,LEC,Ferrari,1.0,1.0,2.0,1,1,1,1,2019-06-30,28,0,7.2,7.2,0.8,0.19999999999999996,6.6,6.0,0.8,0.19999999999999996
2019,Austrian Grand Prix,77,BOT,Mercedes,3.0,4.0,3.0,1,1,1,1,2019-06-30,28,0,2.4,2.4,1.0,0.0,2.2,2.6,1.0,0.0
2019,Austrian Grand Prix,5,VET,Ferrari,9.0,10.0,4.0,1,0,1,1,2019-06-30,28,0,3.2,3.6,1.0,0.0,3.0,3.0,1.0,0.0
2019,Austrian Grand Prix,44,HAM,Mercedes,4.0,2.0,5.0,1,0,1,1,2019-06-30,28,0,1.2,1.6,1.0,0.0,2.2,3.0,1.0,0.0
2019,Austrian Grand Prix,4,NOR,McLaren,5.0,6.0,6.0,0,0,0,1,2019-06-30,8,1,13.6,8.6,0.4,0.6,11.4,8.0,0.4,0.6
2019,Austrian Grand Prix,10,GAS,Red Bull Racing,8.0,9.0,7.0,0,0,0,1,2019-06-30,28,0,9.2,9.0,0.8,0.6,5.6,6.4,1.0,0.4
2019,Austrian Grand Prix,55,SAI,McLaren,19.0,15.0,8.0,0,0,0,1,2019-06-30,28,0,7.6,9.4,0.8,0.19999999999999996,10.4,6.8,0.6,0.8
2019,Austrian Grand Prix,7,RAI,Alfa Romeo Racing,6.0,7.0,9.0,0,0,0,1,2019-06-30,28,0,12.6,15.2,0.4,0.8,14.0,13.4,0.2,1.0
2019,Austrian Grand Prix,99,GIO,Alfa Romeo Racing,7.0,8.0,10.0,0,0,0,1,2019-06-30,8,1,15.2,12.8,0.0,0.8,12.0,11.8,0.4,1.0
2019,Austrian Grand Prix,11,PER,Racing Point,13.0,16.0,11.0,0,0,0,0,2019-06-30,28,0,11.4,13.4,0.2,0.6,12.4,16.8,0.2,1.0
2019,Austrian Grand Prix,3,RIC,Renault,12.0,14.0,12.0,0,0,0,0,2019-06-30,28,0,11.6,8.0,0.4,0.6,9.0,8.6,0.6,1.0
2019,Austrian Grand Prix,27,HUL,Renault,15.0,12.0,13.0,0,0,0,0,2019-06-30,28,0,11.0,12.6,0.4,0.8,8.8,9.2,0.6,1.0
2019,Austrian Grand Prix,18,STR,Racing Point,14.0,17.0,14.0,0,0,0,0,2019-06-30,28,0,13.2,17.0,0.4,0.8,11.4,16.4,0.2,1.0
2019,Austrian Grand Prix,23,ALB,Toro Rosso,18.0,13.0,15.0,0,0,0,0,2019-06-30,8,1,12.8,11.8,0.2,0.6,13.2,12.6,0.4,0.8
2019,Austrian Grand Prix,8,GRO,Haas F1 Team,11.0,11.0,16.0,0,0,0,0,2019-06-30,28,0,14.4,13.4,0.4,0.6,16.4,12.6,0.0,1.0
2019,Austrian Grand Prix,26,KVY,Toro Rosso,16.0,18.0,17.0,0,0,0,0,2019-06-30,8,1,11.8,10.2,0.6,0.6,14.6,13.2,0.2,1.0
2019,Austrian Grand Prix,63,RUS,Williams,0.0,19.0,18.0,0,0,0,0,2019-06-30,8,1,16.4,18.6,0.0,1.0,17.8,19.6,0.0,1.0
2019,Austrian Grand Prix,20,MAG,Haas F1 Team,10.0,5.0,19.0,0,0,0,0,2019-06-30,28,0,13.6,10.4,0.2,0.8,16.8,13.6,0.0,1.0
2019,Austrian Grand Prix,88,KUB,Williams,17.0,20.0,20.0,0,0,0,0,2019-06-30,8,1,17.6,19.6,0.0,1.0,17.8,19.4,0.0,1.0
2019,British Grand Prix,44,HAM,Mercedes,2.0,2.0,1.0,1,1,1,1,2019-07-14,29,0,1.8,1.6,1.0,0.0,3.0,3.0,1.0,0.0
2019,British Grand Prix,77,BOT,Mercedes,1.0,1.0,2.0,1,1,1,1,2019-07-14,29,0,2.8,3.0,1.0,0.0,2.4,2.2,1.0,0.0
2019,British Grand Prix,16,LEC,Ferrari,3.0,3.0,3.0,1,1,1,1,2019-07-14,29,0,6.6,5.6,0.8,0.19999999999999996,3.4,4.8,1.0,0.0
2019,British Grand Prix,10,GAS,Red Bull Racing,5.0,5.0,4.0,1,0,1,1,2019-07-14,29,0,7.2,6.8,1.0,0.6,6.0,6.0,1.0,0.6
2019,British Grand Prix,33,VER,Red Bull Racing,4.0,4.0,5.0,1,0,1,1,2019-07-14,29,0,3.4,5.0,1.0,0.0,5.2,6.0,1.0,0.4
2019,British Grand Prix,55,SAI,McLaren,13.0,13.0,6.0,1,0,0,1,2019-07-14,29,0,7.8,10.4,0.8,0.4,9.8,8.0,0.8,0.8
2019,British Grand Prix,3,RIC,Renault,7.0,7.0,7.0,1,0,0,1,2019-07-14,29,0,10.0,8.6,0.4,0.6,10.2,10.8,0.4,1.0
2019,British Grand Prix,7,RAI,Alfa Romeo Racing,12.0,12.0,8.0,1,0,0,1,2019-07-14,29,0,12.4,12.8,0.4,0.8,11.4,10.8,0.6,1.0
2019,British Grand Prix,26,KVY,Toro Rosso,17.0,17.0,9.0,1,0,0,1,2019-07-14,9,1,11.4,12.6,0.6,0.6,16.0,14.4,0.0,1.0
2019,British Grand Prix,27,HUL,Renault,10.0,10.0,10.0,1,0,0,1,2019-07-14,29,0,10.8,11.8,0.4,0.8,10.2,10.8,0.4,0.8
2019,British Grand Prix,4,NOR,McLaren,8.0,8.0,11.0,1,0,0,0,2019-07-14,9,1,13.2,8.4,0.4,0.8,7.0,9.0,1.0,0.6
2019,British Grand Prix,23,ALB,Toro Rosso,9.0,9.0,12.0,1,0,0,0,2019-07-14,9,1,13.6,12.0,0.2,0.6,14.0,15.0,0.2,0.8
2019,British Grand Prix,18,STR,Racing Point,18.0,18.0,13.0,1,0,0,0,2019-07-14,29,0,14.2,17.6,0.2,1.0,12.4,16.2,0.0,1.0
2019,British Grand Prix,63,RUS,Williams,19.0,19.0,14.0,0,0,0,0,2019-07-14,9,1,17.0,19.0,0.0,1.0,18.6,19.6,0.0,1.0
2019,British Grand Prix,88,KUB,Williams,20.0,20.0,15.0,0,0,0,0,2019-07-14,9,1,18.4,20.0,0.0,1.0,17.8,19.4,0.0,1.0
2019,British Grand Prix,5,VET,Ferrari,6.0,6.0,16.0,0,0,0,0,2019-07-14,29,0,3.4,5.0,1.0,0.0,3.4,4.8,1.0,0.0
2019,British Grand Prix,11,PER,Racing Point,15.0,15.0,17.0,0,0,0,0,2019-07-14,29,0,12.4,15.6,0.0,0.8,12.6,16.6,0.0,0.8
2019,British Grand Prix,99,GIO,Alfa Romeo Racing,11.0,11.0,18.0,0,0,0,0,2019-07-14,9,1,14.8,12.8,0.2,0.8,10.0,9.8,0.8,0.8
2019,British Grand Prix,8,GRO,Haas F1 Team,14.0,14.0,19.0,0,0,0,0,2019-07-14,29,0,14.0,12.6,0.4,0.6,17.8,11.6,0.0,1.0
2019,British Grand Prix,20,MAG,Haas F1 Team,16.0,16.0,20.0,0,0,0,0,2019-07-14,29,0,14.8,8.8,0.2,0.8,18.2,12.4,0.0,1.0
2019,German Grand Prix,33,VER,Red Bull Racing,2.0,2.0,1.0,1,1,1,1,2019-07-28,30,0,3.8,5.0,1.0,0.0,5.4,6.0,1.0,0.4
2019,German Grand Prix,5,VET,Ferrari,20.0,20.0,2.0,1,1,1,1,2019-07-28,30,0,5.8,5.6,0.8,0.19999999999999996,6.0,5.4,0.8,0.19999999999999996
2019,German Grand Prix,26,KVY,Toro Rosso,14.0,14.0,3.0,1,1,1,1,2019-07-28,10,1,11.4,14.2,0.6,0.6,13.6,13.6,0.2,0.6
2019,German Grand Prix,18,STR,Racing Point,15.0,15.0,4.0,1,0,1,1,2019-07-28,30,0,13.0,17.8,0.2,0.8,13.6,16.8,0.0,0.8
2019,German Grand Prix,55,SAI,McLaren,7.0,7.0,5.0,1,0,1,1,2019-07-28,30,0,7.4,10.4,0.8,0.4,8.0,9.4,0.8,0.6
2019,German Grand Prix,23,ALB,Toro Rosso,16.0,17.0,6.0,1,0,0,1,2019-07-28,10,1,13.8,11.4,0.2,0.6,11.2,14.2,0.4,0.4
2019,German Grand Prix,8,GRO,Haas F1 Team,6.0,6.0,7.0,1,0,0,1,2019-07-28,30,0,15.8,14.0,0.2,0.8,18.8,12.6,0.0,1.0
2019,German Grand Prix,20,MAG,Haas F1 Team,12.0,12.0,8.0,1,0,0,1,2019-07-28,30,0,17.4,10.4,0.0,1.0,16.2,10.4,0.2,0.8
2019,German Grand Prix,44,HAM,Mercedes,1.0,1.0,9.0,1,0,0,1,2019-07-28,30,0,1.8,1.6,1.0,0.0,2.6,2.2,1.0,0.0
2019,German Grand Prix,88,KUB,Williams,18.0,19.0,10.0,1,0,0,1,2019-07-28,10,1,17.8,20.0,0.0,1.0,17.2,19.4,0.0,1.0
2019,German Grand Prix,63,RUS,Williams,17.0,18.0,11.0,1,0,0,0,2019-07-28,10,1,16.4,19.0,0.0,1.0,15.4,19.4,0.2,0.8
2019,German Grand Prix,7,RAI,Alfa Romeo Racing,5.0,5.0,12.0,1,0,0,0,2019-07-28,30,0,11.2,12.4,0.6,0.8,12.2,9.6,0.6,0.8
2019,German Grand Prix,99,GIO,Alfa Romeo Racing,11.0,11.0,13.0,1,0,0,0,2019-07-28,10,1,15.2,11.4,0.2,1.0,11.4,8.6,0.6,0.6
2019,German Grand Prix,10,GAS,Red Bull Racing,4.0,4.0,14.0,0,0,0,0,2019-07-28,30,0,6.8,6.6,1.0,0.6,3.6,4.6,1.0,0.19999999999999996
2019,German Grand Prix,77,BOT,Mercedes,3.0,3.0,15.0,0,0,0,0,2019-07-28,30,0,2.8,3.0,1.0,0.0,4.0,2.0,1.0,0.0
2019,German Grand Prix,27,HUL,Renault,9.0,9.0,16.0,0,0,0,0,2019-07-28,30,0,10.2,10.6,0.6,0.8,10.6,10.2,0.4,0.6
2019,German Grand Prix,16,LEC,Ferrari,10.0,10.0,17.0,0,0,0,0,2019-07-28,30,0,6.2,5.2,0.8,0.19999999999999996,5.4,8.0,0.8,0.19999999999999996
2019,German Grand Prix,4,NOR,McLaren,19.0,16.0,18.0,0,0,0,0,2019-07-28,10,1,11.4,7.8,0.4,0.6,7.2,9.8,0.8,0.4
2019,German Grand Prix,3,RIC,Renault,13.0,13.0,19.0,0,0,0,0,2019-07-28,30,0,9.0,8.0,0.6,0.6,11.6,10.4,0.4,0.6
2019,German Grand Prix,11,PER,Racing Point,8.0,8.0,20.0,0,0,0,0,2019-07-28,30,0,12.8,15.6,0.0,1.0,11.8,16.2,0.2,0.6
2019,Hungarian Grand Prix,44,HAM,Mercedes,3.0,3.0,1.0,1,1,1,1,2019-08-04,31,0,3.4,1.6,1.0,0.0,6.4,1.8,0.8,0.19999999999999996
2019,Hungarian Grand Prix,33,VER,Red Bull Racing,1.0,1.0,2.0,1,1,1,1,2019-08-04,31,0,3.2,4.8,1.0,0.0,6.2,4.8,0.8,0.4
2019,Hungarian Grand Prix,5,VET,Ferrari,5.0,5.0,3.0,1,1,1,1,2019-08-04,31,0,5.8,8.8,0.8,0.19999999999999996,8.4,9.8,0.6,0.4
2019,Hungarian Grand Prix,16,LEC,Ferrari,4.0,4.0,4.0,1,0,1,1,2019-08-04,31,0,5.6,4.0,0.8,0.19999999999999996,8.2,8.8,0.6,0.4
2019,Hungarian Grand Prix,55,SAI,McLaren,8.0,8.0,5.0,0,0,1,1,2019-08-04,31,0,7.2,10.0,0.8,0.4,9.6,11.8,0.6,0.4
2019,Hungarian Grand Prix,10,GAS,Red Bull Racing,6.0,6.0,6.0,0,0,0,1,2019-08-04,31,0,8.6,6.4,0.8,0.8,5.2,3.2,0.8,0.19999999999999996
2019,Hungarian Grand Prix,7,RAI,Alfa Romeo Racing,10.0,10.0,7.0,0,0,0,1,2019-08-04,31,0,10.2,10.6,0.6,0.6,12.2,9.4,0.4,0.4
2019,Hungarian Grand Prix,77,BOT,Mercedes,2.0,2.0,8.0,0,0,0,1,2019-08-04,31,0,5.2,3.2,0.8,0.19999999999999996,5.6,2.0,0.8,0.19999999999999996
2019,Hungarian Grand Prix,4,NOR,McLaren,7.0,7.0,9.0,0,0,0,1,2019-08-04,11,1,12.8,8.6,0.4,0.8,9.0,10.4,0.6,0.4
2019,Hungarian Grand Prix,23,ALB,Toro Rosso,12.0,12.0,10.0,0,0,0,1,2019-08-04,11,1,13.4,12.8,0.2,0.6,9.4,15.0,0.6,0.19999999999999996
2019,Hungarian Grand Prix,11,PER,Racing Point,16.0,17.0,11.0,0,0,0,0,2019-08-04,31,0,14.4,13.8,0.0,1.0,13.6,14.6,0.2,0.6
2019,Hungarian Grand Prix,27,HUL,Renault,11.0,11.0,12.0,0,0,0,0,2019-08-04,31,0,10.8,10.2,0.6,0.8,13.0,10.2,0.4,0.6
2019,Hungarian Grand Prix,20,MAG,Haas F1 Team,14.0,15.0,13.0,0,0,0,0,2019-08-04,31,0,16.2,11.6,0.2,0.8,14.6,10.6,0.4,0.6
2019,Hungarian Grand Prix,3,RIC,Renault,20.0,18.0,14.0,0,0,0,0,2019-08-04,31,0,11.0,9.2,0.4,0.8,12.8,10.0,0.4,0.6
2019,Hungarian Grand Prix,26,KVY,Toro Rosso,13.0,13.0,15.0,0,0,0,0,2019-08-04,11,1,10.6,15.4,0.6,0.6,8.0,13.8,0.8,0.19999999999999996
2019,Hungarian Grand Prix,63,RUS,Williams,15.0,16.0,16.0,0,0,0,0,2019-08-04,11,1,15.6,18.8,0.0,0.8,14.0,19.2,0.2,0.6
2019,Hungarian Grand Prix,18,STR,Racing Point,18.0,19.0,17.0,0,0,0,0,2019-08-04,31,0,10.6,17.2,0.4,0.6,13.0,14.6,0.2,0.6
2019,Hungarian Grand Prix,99,GIO,Alfa Romeo Racing,17.0,14.0,18.0,0,0,0,0,2019-08-04,11,1,14.0,10.6,0.2,0.8,11.6,9.8,0.4,0.4
2019,Hungarian Grand Prix,88,KUB,Williams,19.0,20.0,19.0,0,0,0,0,2019-08-04,11,1,16.2,19.8,0.2,0.8,13.2,18.4,0.2,0.6
2019,Hungarian Grand Prix,8,GRO,Haas F1 Team,9.0,9.0,20.0,0,0,0,0,2019-08-04,31,0,15.2,12.6,0.2,0.8,13.4,12.6,0.4,0.6
2019,Belgian Grand Prix,16,LEC,Ferrari,1.0,1.0,1.0,1,1,1,1,2019-09-01,32,0,5.8,4.2,0.8,0.19999999999999996,8.4,9.0,0.6,0.4
2019,Belgian Grand Prix,44,HAM,Mercedes,3.0,3.0,2.0,1,1,1,1,2019-09-01,32,0,3.4,1.8,1.0,0.0,7.0,2.0,0.8,0.4
2019,Belgian Grand Prix,77,BOT,Mercedes,4.0,4.0,3.0,1,1,1,1,2019-09-01,32,0,6.0,2.4,0.8,0.4,7.0,2.4,0.8,0.4
2019,Belgian Grand Prix,5,VET,Ferrari,2.0,2.0,4.0,1,0,1,1,2019-09-01,32,0,6.0,9.6,0.8,0.19999999999999996,5.4,8.0,0.8,0.19999999999999996
2019,Belgian Grand Prix,23,ALB,Red Bull Racing,17.0,14.0,5.0,1,0,1,1,2019-09-01,12,1,11.6,12.4,0.4,0.6,5.6,3.4,0.8,0.4
2019,Belgian Grand Prix,11,PER,Racing Point,7.0,9.0,6.0,1,0,0,1,2019-09-01,32,0,14.2,14.0,0.0,1.0,13.8,14.8,0.2,0.8
2019,Belgian Grand Prix,26,KVY,Toro Rosso,19.0,18.0,7.0,1,0,0,1,2019-09-01,12,1,11.6,15.6,0.4,0.6,9.2,13.0,0.6,0.4
2019,Belgian Grand Prix,27,HUL,Renault,12.0,7.0,8.0,1,0,0,1,2019-09-01,32,0,11.8,11.0,0.4,0.8,14.2,12.2,0.2,0.8
2019,Belgian Grand Prix,10,GAS,Toro Rosso,13.0,16.0,9.0,1,0,0,1,2019-09-01,32,0,8.2,6.6,0.8,0.8,8.2,14.8,0.8,0.4
2019,Belgian Grand Prix,18,STR,Racing Point,16.0,13.0,10.0,1,0,0,1,2019-09-01,32,0,12.2,17.4,0.2,0.6,11.6,13.6,0.4,0.6
2019,Belgian Grand Prix,4,NOR,McLaren,11.0,12.0,11.0,0,0,0,0,2019-09-01,12,1,10.6,8.4,0.6,0.8,9.6,9.2,0.6,0.6
2019,Belgian Grand Prix,20,MAG,Haas F1 Team,8.0,10.0,12.0,0,0,0,0,2019-09-01,32,0,15.4,12.6,0.2,0.8,13.6,11.6,0.4,0.6
2019,Belgian Grand Prix,8,GRO,Haas F1 Team,9.0,11.0,13.0,0,0,0,0,2019-09-01,32,0,16.4,11.4,0.2,0.8,12.0,10.4,0.4,0.6
2019,Belgian Grand Prix,3,RIC,Renault,10.0,6.0,14.0,0,0,0,0,2019-09-01,32,0,12.6,12.0,0.2,0.8,13.8,11.6,0.2,0.8
2019,Belgian Grand Prix,63,RUS,Williams,14.0,19.0,15.0,0,0,0,0,2019-09-01,12,1,15.6,18.2,0.0,0.8,14.2,18.6,0.2,0.6
2019,Belgian Grand Prix,7,RAI,Alfa Romeo Racing,6.0,8.0,16.0,0,0,0,0,2019-09-01,32,0,8.6,9.2,0.8,0.6,13.6,10.2,0.2,0.6
2019,Belgian Grand Prix,88,KUB,Williams,0.0,20.0,17.0,0,0,0,0,2019-09-01,12,1,16.4,19.8,0.2,0.8,14.2,18.4,0.2,0.6
2019,Belgian Grand Prix,99,GIO,Alfa Romeo Racing,18.0,15.0,18.0,0,0,0,0,2019-09-01,12,1,15.0,10.8,0.2,0.8,13.2,9.6,0.2,0.6
2019,Belgian Grand Prix,55,SAI,McLaren,15.0,17.0,19.0,0,0,0,0,2019-09-01,32,0,6.0,9.8,1.0,0.4,9.6,10.0,0.6,0.8
2019,Belgian Grand Prix,33,VER,Red Bull Racing,5.0,5.0,20.0,0,0,0,0,2019-09-01,32,0,2.6,2.8,1.0,0.0,5.6,5.4,0.8,0.4
2019,Italian Grand Prix,16,LEC,Ferrari,1.0,1.0,1.0,1,1,1,1,2019-09-08,33,0,5.4,3.8,0.8,0.19999999999999996,5.8,4.4,0.8,0.19999999999999996
2019,Italian Grand Prix,77,BOT,Mercedes,3.0,3.0,2.0,1,1,1,1,2019-09-08,33,0,6.2,2.8,0.8,0.4,5.8,3.0,0.8,0.4
2019,Italian Grand Prix,44,HAM,Mercedes,2.0,2.0,3.0,1,1,1,1,2019-09-08,33,0,3.6,2.2,1.0,0.0,3.2,3.0,1.0,0.19999999999999996
2019,Italian Grand Prix,3,RIC,Renault,5.0,5.0,4.0,1,0,1,1,2019-09-08,33,0,13.2,11.6,0.2,0.8,13.4,11.0,0.2,0.8
2019,Italian Grand Prix,27,HUL,Renault,6.0,6.0,5.0,1,0,1,1,2019-09-08,33,0,11.8,9.8,0.4,0.6,10.4,9.4,0.4,0.6
2019,Italian Grand Prix,23,ALB,Red Bull Racing,8.0,8.0,6.0,1,0,0,1,2019-09-08,13,1,9.6,13.0,0.6,0.4,9.4,6.0,0.6,0.6
2019,Italian Grand Prix,11,PER,Racing Point,18.0,17.0,7.0,1,0,0,1,2019-09-08,33,0,13.0,13.0,0.2,0.8,12.8,13.2,0.4,0.6
2019,Italian Grand Prix,33,VER,Red Bull Racing,19.0,20.0,8.0,1,0,0,1,2019-09-08,33,0,5.8,3.0,0.8,0.19999999999999996,7.8,6.8,0.8,0.4
2019,Italian Grand Prix,99,GIO,Alfa Romeo Racing,10.0,11.0,9.0,0,0,0,1,2019-09-08,13,1,15.4,11.8,0.2,0.8,14.4,11.6,0.2,0.8
2019,Italian Grand Prix,4,NOR,McLaren,16.0,14.0,10.0,0,0,0,1,2019-09-08,13,1,11.0,9.8,0.4,0.8,12.4,12.0,0.4,1.0
2019,Italian Grand Prix,10,GAS,Toro Rosso,17.0,15.0,11.0,0,0,0,0,2019-09-08,33,0,8.0,8.0,0.8,0.6,9.4,15.2,0.8,0.4
2019,Italian Grand Prix,18,STR,Racing Point,9.0,9.0,12.0,0,0,0,0,2019-09-08,33,0,11.6,16.4,0.4,0.4,10.2,15.0,0.6,0.4
2019,Italian Grand Prix,5,VET,Ferrari,4.0,4.0,13.0,0,0,0,0,2019-09-08,33,0,5.8,8.6,0.8,0.19999999999999996,2.6,2.6,1.0,0.0
2019,Italian Grand Prix,63,RUS,Williams,14.0,18.0,14.0,0,0,0,0,2019-09-08,13,1,14.8,18.2,0.0,0.8,15.6,18.6,0.0,0.8
2019,Italian Grand Prix,7,RAI,Alfa Romeo Racing,0.0,10.0,15.0,0,0,0,0,2019-09-08,33,0,10.4,8.4,0.6,0.6,13.6,11.6,0.4,1.0
2019,Italian Grand Prix,8,GRO,Haas F1 Team,13.0,16.0,16.0,0,0,0,0,2019-09-08,33,0,15.0,10.2,0.2,0.8,13.2,11.4,0.2,0.8
2019,Italian Grand Prix,88,KUB,Williams,15.0,19.0,17.0,0,0,0,0,2019-09-08,13,1,16.2,19.8,0.2,0.8,16.2,18.6,0.0,1.0
2019,Italian Grand Prix,20,MAG,Haas F1 Team,11.0,12.0,18.0,0,0,0,0,2019-09-08,33,0,14.4,11.6,0.2,0.8,14.8,12.2,0.0,1.0
2019,Italian Grand Prix,26,KVY,Toro Rosso,12.0,13.0,19.0,0,0,0,0,2019-09-08,13,1,10.2,16.0,0.6,0.4,10.4,14.8,0.6,0.6
2019,Italian Grand Prix,55,SAI,McLaren,7.0,7.0,20.0,0,0,0,0,2019-09-08,33,0,8.6,12.0,0.8,0.6,10.8,11.6,0.6,1.0
2019,Singapore Grand Prix,5,VET,Ferrari,3.0,3.0,1.0,1,1,1,1,2019-09-22,34,0,7.6,7.4,0.6,0.4,4.6,2.4,0.8,0.19999999999999996
2019,Singapore Grand Prix,16,LEC,Ferrari,1.0,1.0,2.0,1,1,1,1,2019-09-22,34,0,5.2,3.8,0.8,0.19999999999999996,4.0,2.2,0.8,0.19999999999999996
2019,Singapore Grand Prix,33,VER,Red Bull Racing,4.0,4.0,3.0,1,1,1,1,2019-09-22,34,0,7.2,6.4,0.8,0.19999999999999996,9.0,10.6,0.8,0.4
2019,Singapore Grand Prix,44,HAM,Mercedes,2.0,2.0,4.0,1,0,1,1,2019-09-22,34,0,3.2,2.2,1.0,0.0,3.6,2.8,1.0,0.19999999999999996
2019,Singapore Grand Prix,77,BOT,Mercedes,5.0,5.0,5.0,1,0,1,1,2019-09-22,34,0,6.0,2.6,0.8,0.4,2.8,2.8,1.0,0.0
2019,Singapore Grand Prix,23,ALB,Red Bull Racing,6.0,6.0,6.0,1,0,0,1,2019-09-22,14,1,7.8,12.0,0.8,0.19999999999999996,8.4,10.2,0.8,0.19999999999999996
2019,Singapore Grand Prix,4,NOR,McLaren,9.0,9.0,7.0,1,0,0,1,2019-09-22,14,1,11.8,11.4,0.4,0.8,13.8,11.4,0.4,1.0
2019,Singapore Grand Prix,10,GAS,Toro Rosso,11.0,12.0,8.0,1,0,0,1,2019-09-22,34,0,8.8,9.2,0.6,0.6,12.2,15.0,0.4,0.6
2019,Singapore Grand Prix,27,HUL,Renault,8.0,8.0,9.0,1,0,0,1,2019-09-22,34,0,10.2,8.6,0.6,0.4,9.0,8.4,0.6,0.4
2019,Singapore Grand Prix,99,GIO,Alfa Romeo Racing,10.0,11.0,10.0,1,0,0,1,2019-09-22,14,1,15.2,12.4,0.2,0.8,15.2,11.6,0.2,1.0
2019,Singapore Grand Prix,8,GRO,Haas F1 Team,17.0,17.0,11.0,1,0,0,0,2019-09-22,34,0,15.0,11.2,0.2,0.8,15.8,11.6,0.0,1.0
2019,Singapore Grand Prix,55,SAI,McLaren,7.0,7.0,12.0,1,0,0,0,2019-09-22,34,0,11.0,10.4,0.6,0.6,13.4,11.8,0.4,0.8
2019,Singapore Grand Prix,18,STR,Racing Point,16.0,16.0,13.0,1,0,0,0,2019-09-22,34,0,11.2,14.8,0.4,0.4,10.4,13.4,0.6,0.4
2019,Singapore Grand Prix,3,RIC,Renault,20.0,20.0,14.0,1,0,0,0,2019-09-22,34,0,11.6,9.8,0.4,0.6,8.0,6.4,0.8,0.19999999999999996
2019,Singapore Grand Prix,26,KVY,Toro Rosso,14.0,15.0,15.0,1,0,0,0,2019-09-22,14,1,10.6,15.0,0.6,0.4,10.8,14.8,0.6,0.4
2019,Singapore Grand Prix,88,KUB,Williams,19.0,19.0,16.0,1,0,0,0,2019-09-22,14,1,15.6,19.6,0.2,0.8,16.4,19.2,0.0,1.0
2019,Singapore Grand Prix,20,MAG,Haas F1 Team,13.0,14.0,17.0,1,0,0,0,2019-09-22,34,0,14.2,13.0,0.2,0.8,14.0,13.2,0.0,0.8
2019,Singapore Grand Prix,7,RAI,Alfa Romeo Racing,12.0,13.0,18.0,0,0,0,0,2019-09-22,34,0,11.6,9.0,0.4,0.6,13.6,11.0,0.4,0.8
2019,Singapore Grand Prix,11,PER,Racing Point,15.0,10.0,19.0,0,0,0,0,2019-09-22,34,0,12.2,13.2,0.4,0.6,9.6,12.8,0.6,0.19999999999999996
2019,Singapore Grand Prix,63,RUS,Williams,18.0,18.0,20.0,0,0,0,0,2019-09-22,14,1,14.0,18.0,0.0,0.8,15.8,19.0,0.0,0.8
2019,Russian Grand Prix,44,HAM,Mercedes,2.0,2.0,1.0,1,1,1,1,2019-09-29,35,0,3.8,2.2,1.0,0.0,3.4,3.2,1.0,0.0
2019,Russian Grand Prix,77,BOT,Mercedes,4.0,5.0,2.0,1,1,1,1,2019-09-29,35,0,6.6,3.4,0.8,0.4,3.0,2.8,1.0,0.0
2019,Russian Grand Prix,16,LEC,Ferrari,1.0,1.0,3.0,1,1,1,1,2019-09-29,35,0,5.0,3.4,0.8,0.19999999999999996,4.2,2.2,0.8,0.19999999999999996
2019,Russian Grand Prix,33,VER,Red Bull Racing,9.0,4.0,4.0,1,0,1,1,2019-09-29,35,0,6.8,6.4,0.8,0.19999999999999996,8.6,8.6,0.8,0.19999999999999996
2019,Russian Grand Prix,23,ALB,Red Bull Racing,0.0,19.0,5.0,1,0,1,1,2019-09-29,15,1,6.6,11.4,1.0,0.19999999999999996,5.4,8.4,1.0,0.0
2019,Russian Grand Prix,55,SAI,McLaren,5.0,6.0,6.0,1,0,0,1,2019-09-29,35,0,12.2,9.2,0.4,0.6,13.6,10.8,0.4,0.6
2019,Russian Grand Prix,11,PER,Racing Point,11.0,12.0,7.0,1,0,0,1,2019-09-29,35,0,12.6,12.2,0.4,0.6,12.2,13.0,0.4,0.4
2019,Russian Grand Prix,4,NOR,McLaren,7.0,8.0,8.0,1,0,0,1,2019-09-29,15,1,11.0,11.6,0.6,0.8,11.0,8.6,0.6,0.4
2019,Russian Grand Prix,20,MAG,Haas F1 Team,13.0,14.0,9.0,1,0,0,1,2019-09-29,35,0,13.6,12.6,0.2,0.6,15.0,14.0,0.0,0.6
2019,Russian Grand Prix,27,HUL,Renault,6.0,7.0,10.0,1,0,0,1,2019-09-29,35,0,10.0,8.2,0.6,0.4,9.2,9.0,0.6,0.19999999999999996
2019,Russian Grand Prix,18,STR,Racing Point,14.0,15.0,11.0,1,0,0,0,2019-09-29,35,0,11.2,14.4,0.4,0.4,11.6,12.8,0.4,0.4
2019,Russian Grand Prix,26,KVY,Toro Rosso,19.0,20.0,12.0,1,0,0,0,2019-09-29,15,1,11.8,14.6,0.4,0.4,12.4,14.2,0.4,0.4
2019,Russian Grand Prix,7,RAI,Alfa Romeo Racing,15.0,16.0,13.0,1,0,0,0,2019-09-29,35,0,13.6,9.2,0.2,0.8,14.0,12.0,0.4,0.8
2019,Russian Grand Prix,10,GAS,Toro Rosso,16.0,11.0,14.0,1,0,0,0,2019-09-29,35,0,9.6,10.6,0.6,0.6,13.0,15.0,0.2,0.4
2019,Russian Grand Prix,99,GIO,Alfa Romeo Racing,12.0,13.0,15.0,1,0,0,0,2019-09-29,15,1,13.6,12.4,0.4,0.6,13.0,12.2,0.4,0.6
2019,Russian Grand Prix,88,KUB,Williams,18.0,18.0,16.0,0,0,0,0,2019-09-29,15,1,15.8,19.4,0.2,0.6,16.8,18.8,0.0,0.8
2019,Russian Grand Prix,63,RUS,Williams,17.0,17.0,17.0,0,0,0,0,2019-09-29,15,1,15.2,17.8,0.0,0.8,16.6,18.4,0.0,0.8
2019,Russian Grand Prix,5,VET,Ferrari,3.0,3.0,18.0,0,0,0,0,2019-09-29,35,0,4.6,6.8,0.8,0.19999999999999996,4.0,2.0,0.8,0.19999999999999996
2019,Russian Grand Prix,3,RIC,Renault,10.0,10.0,19.0,0,0,0,0,2019-09-29,35,0,13.0,12.4,0.2,0.6,8.4,9.2,0.8,0.0
2019,Russian Grand Prix,8,GRO,Haas F1 Team,8.0,9.0,20.0,0,0,0,0,2019-09-29,35,0,13.4,11.8,0.2,0.6,14.2,14.6,0.2,0.4
2019,Japanese Grand Prix,77,BOT,Mercedes,3.0,3.0,1.0,1,1,1,1,2019-10-13,36,0,4.0,3.8,1.0,0.19999999999999996,3.0,3.2,1.0,0.0
2019,Japanese Grand Prix,5,VET,Ferrari,1.0,1.0,2.0,1,1,1,1,2019-10-13,36,0,7.8,3.4,0.6,0.4,7.4,2.4,0.6,0.4
2019,Japanese Grand Prix,44,HAM,Mercedes,4.0,4.0,3.0,1,1,1,1,2019-10-13,36,0,2.2,2.4,1.0,0.0,2.6,3.4,1.0,0.0
2019,Japanese Grand Prix,23,ALB,Red Bull Racing,6.0,6.0,4.0,1,0,1,1,2019-10-13,16,1,6.4,11.8,1.0,0.19999999999999996,5.2,10.6,1.0,0.0
2019,Japanese Grand Prix,55,SAI,McLaren,7.0,7.0,5.0,1,0,1,1,2019-10-13,36,0,12.4,9.0,0.4,0.6,10.6,7.4,0.6,0.19999999999999996
2019,Japanese Grand Prix,16,LEC,Ferrari,2.0,2.0,6.0,0,0,0,1,2019-10-13,36,0,2.2,1.6,1.0,0.0,5.2,1.8,0.8,0.19999999999999996
2019,Japanese Grand Prix,10,GAS,Toro Rosso,9.0,9.0,7.0,0,0,0,1,2019-10-13,36,0,9.6,12.0,0.6,0.4,13.6,14.2,0.2,0.19999999999999996
2019,Japanese Grand Prix,11,PER,Racing Point,17.0,17.0,8.0,0,0,0,1,2019-10-13,36,0,10.0,13.0,0.6,0.4,12.4,12.4,0.2,0.4
2019,Japanese Grand Prix,18,STR,Racing Point,12.0,12.0,9.0,0,0,0,1,2019-10-13,36,0,12.6,14.4,0.2,0.4,11.6,14.0,0.4,0.4
2019,Japanese Grand Prix,26,KVY,Toro Rosso,14.0,14.0,10.0,0,0,0,1,2019-10-13,16,1,13.6,15.8,0.2,0.4,11.2,13.4,0.4,0.19999999999999996
2019,Japanese Grand Prix,4,NOR,McLaren,8.0,8.0,11.0,0,0,0,0,2019-10-13,16,1,9.0,10.0,0.8,0.6,7.6,7.4,0.8,0.0
2019,Japanese Grand Prix,7,RAI,Alfa Romeo Racing,13.0,13.0,12.0,0,0,0,0,2019-10-13,36,0,13.8,11.4,0.2,0.8,14.2,12.6,0.2,0.4
2019,Japanese Grand Prix,8,GRO,Haas F1 Team,10.0,10.0,13.0,0,0,0,0,2019-10-13,36,0,16.0,12.4,0.0,0.8,15.0,13.2,0.2,0.4
2019,Japanese Grand Prix,99,GIO,Alfa Romeo Racing,11.0,11.0,14.0,0,0,0,0,2019-10-13,16,1,14.0,12.8,0.4,0.6,13.6,13.2,0.2,0.4
2019,Japanese Grand Prix,20,MAG,Haas F1 Team,19.0,19.0,15.0,0,0,0,0,2019-10-13,36,0,13.8,13.0,0.2,0.6,14.0,12.8,0.2,0.4
2019,Japanese Grand Prix,63,RUS,Williams,18.0,18.0,16.0,0,0,0,0,2019-10-13,16,1,16.4,17.6,0.0,1.0,17.2,18.2,0.0,0.8
2019,Japanese Grand Prix,88,KUB,Williams,0.0,20.0,17.0,0,0,0,0,2019-10-13,16,1,17.0,19.2,0.0,0.8,17.0,18.0,0.0,0.8
2019,Japanese Grand Prix,33,VER,Red Bull Racing,5.0,5.0,18.0,0,0,0,0,2019-10-13,36,0,7.4,6.8,0.8,0.19999999999999996,4.4,7.8,1.0,0.0
2019,Japanese Grand Prix,3,RIC,Renault,16.0,16.0,19.0,0,0,0,0,2019-10-13,36,0,13.0,11.8,0.2,0.6,11.4,10.2,0.6,0.19999999999999996
2019,Japanese Grand Prix,27,HUL,Renault,15.0,15.0,20.0,0,0,0,0,2019-10-13,36,0,8.8,7.8,0.8,0.19999999999999996,14.2,12.2,0.4,0.4
2019,Mexican Grand Prix,44,HAM,Mercedes,3.0,4.0,1.0,1,1,1,1,2019-10-27,37,0,2.6,2.6,1.0,0.0,2.4,3.8,1.0,0.0
2019,Mexican Grand Prix,5,VET,Ferrari,2.0,3.0,2.0,1,1,1,1,2019-10-27,37,0,7.6,2.6,0.6,0.4,6.2,1.6,0.8,0.4
2019,Mexican Grand Prix,77,BOT,Mercedes,6.0,6.0,3.0,1,1,1,1,2019-10-27,37,0,2.6,4.0,1.0,0.0,1.6,3.6,1.0,0.0
2019,Mexican Grand Prix,16,LEC,Ferrari,1.0,2.0,4.0,1,0,1,1,2019-10-27,37,0,2.6,1.2,1.0,0.19999999999999996,6.2,2.0,0.8,0.4
2019,Mexican Grand Prix,23,ALB,Red Bull Racing,5.0,5.0,5.0,1,0,1,1,2019-10-27,17,1,5.2,10.6,1.0,0.0,7.4,8.0,0.8,0.19999999999999996
2019,Mexican Grand Prix,33,VER,Red Bull Racing,4.0,1.0,6.0,1,0,0,1,2019-10-27,37,0,10.6,7.6,0.6,0.4,7.2,7.8,0.8,0.19999999999999996
2019,Mexican Grand Prix,11,PER,Racing Point,11.0,11.0,7.0,1,0,0,1,2019-10-27,37,0,9.4,13.0,0.8,0.4,10.8,13.2,0.6,0.6
2019,Mexican Grand Prix,3,RIC,Renault,13.0,13.0,8.0,1,0,0,1,2019-10-27,37,0,14.0,11.4,0.2,0.6,16.4,13.6,0.2,0.6
2019,Mexican Grand Prix,10,GAS,Toro Rosso,10.0,10.0,9.0,0,0,0,1,2019-10-27,37,0,9.8,12.6,0.6,0.4,11.6,13.8,0.4,0.4
2019,Mexican Grand Prix,27,HUL,Renault,12.0,12.0,10.0,0,0,0,1,2019-10-27,37,0,10.4,8.6,0.8,0.19999999999999996,15.2,12.2,0.4,0.6
2019,Mexican Grand Prix,26,KVY,Toro Rosso,9.0,9.0,11.0,0,0,0,0,2019-10-27,17,1,12.6,16.0,0.4,0.4,10.4,12.8,0.6,0.6
2019,Mexican Grand Prix,18,STR,Racing Point,16.0,16.0,12.0,0,0,0,0,2019-10-27,37,0,11.0,13.0,0.4,0.4,8.4,13.4,0.8,0.4
2019,Mexican Grand Prix,55,SAI,McLaren,7.0,7.0,13.0,0,0,0,0,2019-10-27,37,0,12.4,8.8,0.4,0.4,8.4,7.2,0.6,0.19999999999999996
2019,Mexican Grand Prix,99,GIO,Alfa Romeo Racing,15.0,15.0,14.0,0,0,0,0,2019-10-27,17,1,13.2,12.2,0.4,0.6,14.4,13.2,0.0,0.6
2019,Mexican Grand Prix,20,MAG,Haas F1 Team,17.0,17.0,15.0,0,0,0,0,2019-10-27,37,0,14.2,13.8,0.2,0.6,14.8,13.2,0.2,0.6
2019,Mexican Grand Prix,63,RUS,Williams,19.0,19.0,16.0,0,0,0,0,2019-10-27,17,1,16.4,18.0,0.0,1.0,17.2,18.2,0.0,1.0
2019,Mexican Grand Prix,8,GRO,Haas F1 Team,18.0,18.0,17.0,0,0,0,0,2019-10-27,37,0,14.6,12.6,0.0,0.8,14.4,13.8,0.2,0.8
2019,Mexican Grand Prix,88,KUB,Williams,20.0,20.0,18.0,0,0,0,0,2019-10-27,17,1,16.6,19.2,0.0,0.8,16.4,18.4,0.0,1.0
2019,Mexican Grand Prix,7,RAI,Alfa Romeo Racing,14.0,14.0,19.0,0,0,0,0,2019-10-27,37,0,14.8,12.0,0.0,0.8,13.6,13.6,0.0,0.6
2019,Mexican Grand Prix,4,NOR,McLaren,8.0,8.0,20.0,0,0,0,0,2019-10-27,17,1,9.4,10.2,0.6,0.6,8.6,7.2,0.6,0.4
2019,United States Grand Prix,77,BOT,Mercedes,1.0,1.0,1.0,1,1,1,1,2019-11-03,38,0,2.6,4.4,1.0,0.0,2.0,4.4,1.0,0.0
2019,United States Grand Prix,44,HAM,Mercedes,5.0,5.0,2.0,1,1,1,1,2019-11-03,38,0,2.4,2.8,1.0,0.0,1.8,3.6,1.0,0.0
2019,United States Grand Prix,33,VER,Red Bull Racing,3.0,3.0,3.0,1,1,1,1,2019-11-03,38,0,7.8,6.8,0.8,0.19999999999999996,7.6,7.2,0.8,0.19999999999999996
2019,United States Grand Prix,16,LEC,Ferrari,4.0,4.0,4.0,1,0,1,1,2019-11-03,38,0,3.2,1.4,1.0,0.19999999999999996,6.4,2.2,0.8,0.4
2019,United States Grand Prix,23,ALB,Red Bull Racing,6.0,6.0,5.0,1,0,1,1,2019-11-03,18,1,5.2,8.8,1.0,0.0,7.2,4.0,0.8,0.19999999999999996
2019,United States Grand Prix,3,RIC,Renault,9.0,9.0,6.0,1,0,0,1,2019-11-03,38,0,12.8,12.8,0.4,0.4,15.2,13.2,0.4,0.8
2019,United States Grand Prix,4,NOR,McLaren,8.0,8.0,7.0,1,0,0,1,2019-11-03,18,1,11.2,9.4,0.6,0.6,11.4,7.6,0.4,0.6
2019,United States Grand Prix,55,SAI,McLaren,7.0,7.0,8.0,0,0,0,1,2019-11-03,38,0,11.2,6.8,0.4,0.4,11.2,7.6,0.4,0.6
2019,United States Grand Prix,27,HUL,Renault,11.0,11.0,9.0,0,0,0,1,2019-11-03,38,0,10.8,9.6,0.8,0.4,12.6,13.0,0.6,0.6
2019,United States Grand Prix,11,PER,Racing Point,0.0,19.0,10.0,0,0,0,1,2019-11-03,38,0,9.6,13.4,0.8,0.4,9.4,14.2,0.6,0.6
2019,United States Grand Prix,7,RAI,Alfa Romeo Racing,17.0,17.0,11.0,0,0,0,0,2019-11-03,38,0,15.4,13.2,0.0,0.8,14.8,13.2,0.0,0.8
2019,United States Grand Prix,26,KVY,Toro Rosso,13.0,13.0,12.0,0,0,0,0,2019-11-03,18,1,13.4,14.2,0.2,0.6,10.2,10.6,0.6,0.8
2019,United States Grand Prix,18,STR,Racing Point,14.0,14.0,13.0,0,0,0,0,2019-11-03,38,0,11.4,13.6,0.2,0.6,9.2,15.0,0.8,0.8
2019,United States Grand Prix,99,GIO,Alfa Romeo Racing,16.0,16.0,14.0,0,0,0,0,2019-11-03,18,1,12.4,12.2,0.4,0.6,14.0,14.0,0.0,1.0
2019,United States Grand Prix,8,GRO,Haas F1 Team,15.0,15.0,15.0,0,0,0,0,2019-11-03,38,0,15.4,14.0,0.0,0.8,16.0,14.6,0.0,1.0
2019,United States Grand Prix,10,GAS,Toro Rosso,10.0,10.0,16.0,0,0,0,0,2019-11-03,38,0,9.8,11.4,0.6,0.6,9.8,11.0,0.6,1.0
2019,United States Grand Prix,63,RUS,Williams,18.0,18.0,17.0,0,0,0,0,2019-11-03,18,1,16.6,18.0,0.0,1.0,16.8,18.8,0.0,1.0
2019,United States Grand Prix,20,MAG,Haas F1 Team,12.0,12.0,18.0,0,0,0,0,2019-11-03,38,0,14.8,15.2,0.2,0.6,15.0,15.8,0.0,1.0
2019,United States Grand Prix,88,KUB,Williams,19.0,20.0,19.0,0,0,0,0,2019-11-03,18,1,16.8,19.2,0.0,0.8,16.8,19.0,0.0,1.0
2019,United States Grand Prix,5,VET,Ferrari,2.0,2.0,20.0,0,0,0,0,2019-11-03,38,0,7.2,2.8,0.6,0.4,3.6,2.4,1.0,0.19999999999999996
2019,Brazilian Grand Prix,33,VER,Red Bull Racing,1.0,1.0,1.0,1,1,1,1,2019-11-17,39,0,6.8,3.4,0.8,0.19999999999999996,7.4,4.0,0.8,0.19999999999999996
2019,Brazilian Grand Prix,10,GAS,Toro Rosso,6.0,7.0,2.0,1,1,1,1,2019-11-17,39,0,10.8,10.4,0.6,0.6,11.6,11.2,0.4,1.0
2019,Brazilian Grand Prix,55,SAI,McLaren,20.0,20.0,3.0,1,1,1,1,2019-11-17,39,0,8.8,6.8,0.6,0.4,11.8,7.6,0.4,0.8
2019,Brazilian Grand Prix,7,RAI,Alfa Romeo Racing,8.0,9.0,4.0,1,0,1,1,2019-11-17,39,0,14.6,14.6,0.0,0.8,14.4,14.6,0.0,1.0
2019,Brazilian Grand Prix,99,GIO,Alfa Romeo Racing,12.0,13.0,5.0,1,0,1,1,2019-11-17,19,1,13.4,13.2,0.2,0.6,12.4,14.2,0.2,0.8
2019,Brazilian Grand Prix,3,RIC,Renault,11.0,12.0,6.0,1,0,0,1,2019-11-17,39,0,13.2,13.6,0.4,0.4,10.6,12.0,0.8,0.6
2019,Brazilian Grand Prix,44,HAM,Mercedes,3.0,3.0,7.0,1,0,0,1,2019-11-17,39,0,2.2,3.4,1.0,0.0,2.0,4.0,1.0,0.0
2019,Brazilian Grand Prix,4,NOR,McLaren,10.0,11.0,8.0,1,0,0,1,2019-11-17,19,1,10.6,8.2,0.6,0.4,10.2,10.0,0.6,0.6
2019,Brazilian Grand Prix,11,PER,Racing Point,15.0,15.0,9.0,1,0,0,1,2019-11-17,39,0,10.2,13.8,0.8,0.6,10.2,14.4,0.6,0.8
2019,Brazilian Grand Prix,26,KVY,Toro Rosso,16.0,16.0,10.0,1,0,0,1,2019-11-17,19,1,12.0,14.2,0.2,0.6,10.0,9.8,0.4,0.8
2019,Brazilian Grand Prix,20,MAG,Haas F1 Team,9.0,10.0,11.0,1,0,0,0,2019-11-17,39,0,14.8,15.2,0.2,0.6,16.0,16.2,0.0,1.0
2019,Brazilian Grand Prix,63,RUS,Williams,18.0,18.0,12.0,1,0,0,0,2019-11-17,19,1,17.2,18.0,0.0,1.0,17.4,19.4,0.0,1.0
2019,Brazilian Grand Prix,8,GRO,Haas F1 Team,7.0,8.0,13.0,1,0,0,0,2019-11-17,39,0,15.2,13.8,0.0,0.8,15.2,14.4,0.0,0.8
2019,Brazilian Grand Prix,23,ALB,Red Bull Racing,5.0,6.0,14.0,1,0,0,0,2019-11-17,19,1,5.0,8.4,1.0,0.0,4.0,3.2,1.0,0.0
2019,Brazilian Grand Prix,27,HUL,Renault,13.0,14.0,15.0,1,0,0,0,2019-11-17,39,0,11.6,10.6,0.8,0.6,7.8,11.4,1.0,0.4
2019,Brazilian Grand Prix,88,KUB,Williams,19.0,19.0,16.0,0,0,0,0,2019-11-17,19,1,17.2,19.4,0.0,0.8,16.4,19.0,0.0,0.8
2019,Brazilian Grand Prix,5,VET,Ferrari,2.0,2.0,17.0,0,0,0,0,2019-11-17,39,0,8.6,2.4,0.6,0.4,7.2,2.6,0.8,0.4
2019,Brazilian Grand Prix,16,LEC,Ferrari,14.0,4.0,18.0,0,0,0,0,2019-11-17,39,0,3.8,2.0,1.0,0.19999999999999996,9.4,2.6,0.6,0.4
2019,Brazilian Grand Prix,18,STR,Racing Point,17.0,17.0,19.0,0,0,0,0,2019-11-17,39,0,11.6,14.6,0.2,0.6,10.2,15.0,0.6,0.6
2019,Brazilian Grand Prix,77,BOT,Mercedes,4.0,5.0,20.0,0,0,0,0,2019-11-17,39,0,2.4,4.0,1.0,0.0,2.8,3.8,1.0,0.0
2019,Abu Dhabi Grand Prix,44,HAM,Mercedes,1.0,1.0,1.0,1,1,1,1,2019-12-01,40,0,2.8,3.6,1.0,0.0,6.6,4.0,0.8,0.19999999999999996
2019,Abu Dhabi Grand Prix,33,VER,Red Bull Racing,2.0,3.0,2.0,1,1,1,1,2019-12-01,40,0,6.4,2.8,0.8,0.19999999999999996,5.8,3.4,0.8,0.0
2019,Abu Dhabi Grand Prix,16,LEC,Ferrari,3.0,4.0,3.0,1,1,1,1,2019-12-01,40,0,7.0,2.6,0.8,0.4,12.6,2.8,0.4,0.6
2019,Abu Dhabi Grand Prix,77,BOT,Mercedes,20.0,2.0,4.0,1,0,1,1,2019-12-01,40,0,5.4,4.0,0.8,0.19999999999999996,6.2,3.0,0.8,0.19999999999999996
2019,Abu Dhabi Grand Prix,5,VET,Ferrari,4.0,5.0,5.0,1,0,1,1,2019-12-01,40,0,11.8,2.2,0.4,0.6,12.4,3.2,0.4,0.6
2019,Abu Dhabi Grand Prix,23,ALB,Red Bull Racing,5.0,6.0,6.0,1,0,0,1,2019-12-01,20,1,6.6,8.4,0.8,0.0,5.0,3.8,0.8,0.0
2019,Abu Dhabi Grand Prix,11,PER,Racing Point,10.0,11.0,7.0,0,0,0,1,2019-12-01,40,0,8.2,14.8,1.0,0.4,12.6,16.2,0.4,0.8
2019,Abu Dhabi Grand Prix,4,NOR,McLaren,6.0,7.0,8.0,0,0,0,1,2019-12-01,20,1,10.8,8.6,0.6,0.4,9.2,10.8,0.8,0.4
2019,Abu Dhabi Grand Prix,26,KVY,Toro Rosso,13.0,14.0,9.0,0,0,0,1,2019-12-01,20,1,11.0,14.4,0.4,0.6,10.2,11.0,0.4,0.6
2019,Abu Dhabi Grand Prix,55,SAI,McLaren,8.0,9.0,10.0,0,0,0,1,2019-12-01,40,0,7.0,9.4,0.8,0.4,6.8,10.6,1.0,0.4
2019,Abu Dhabi Grand Prix,3,RIC,Renault,7.0,8.0,11.0,0,0,0,0,2019-12-01,40,0,11.6,12.0,0.6,0.4,9.2,11.6,0.8,0.4
2019,Abu Dhabi Grand Prix,27,HUL,Renault,9.0,10.0,12.0,0,0,0,0,2019-12-01,40,0,12.8,11.8,0.6,0.6,9.4,10.8,0.6,0.4
2019,Abu Dhabi Grand Prix,7,RAI,Alfa Romeo Racing,17.0,18.0,13.0,0,0,0,0,2019-12-01,40,0,11.8,13.8,0.2,0.6,10.6,13.8,0.4,0.6
2019,Abu Dhabi Grand Prix,20,MAG,Haas F1 Team,14.0,15.0,14.0,0,0,0,0,2019-12-01,40,0,13.6,14.4,0.2,0.6,14.8,12.6,0.0,0.6
2019,Abu Dhabi Grand Prix,8,GRO,Haas F1 Team,15.0,16.0,15.0,0,0,0,0,2019-12-01,40,0,15.6,12.0,0.0,0.8,14.2,12.0,0.0,0.6
2019,Abu Dhabi Grand Prix,99,GIO,Alfa Romeo Racing,16.0,17.0,16.0,0,0,0,0,2019-12-01,20,1,12.4,13.6,0.2,0.6,9.4,14.6,0.4,0.6
2019,Abu Dhabi Grand Prix,63,RUS,Williams,18.0,19.0,17.0,0,0,0,0,2019-12-01,20,1,15.6,18.0,0.0,0.8,16.4,19.0,0.0,0.8
2019,Abu Dhabi Grand Prix,10,GAS,Toro Rosso,11.0,12.0,18.0,0,0,0,0,2019-12-01,40,0,9.6,9.4,0.6,0.6,9.8,12.0,0.6,0.6
2019,Abu Dhabi Grand Prix,88,KUB,Williams,19.0,20.0,19.0,0,0,0,0,2019-12-01,20,1,17.2,19.4,0.0,1.0,16.2,18.8,0.0,0.8
2019,Abu Dhabi Grand Prix,18,STR,Racing Point,12.0,13.0,20.0,0,0,0,0,2019-12-01,40,0,12.8,14.8,0.2,0.8,11.6,15.2,0.6,0.8
2020,Pre-Season Test 1,77,BOT,Mercedes,1.0,1.0,1.0,1,1,1,1,2020-02-21,41,0,5.8,3.4,0.8,0.19999999999999996,6.8,3.2,0.8,0.19999999999999996
2020,Pre-Season Test 1,16,LEC,Ferrari,7.0,7.0,2.0,1,1,1,1,2020-02-21,41,0,7.0,3.2,0.8,0.4,12.6,3.4,0.4,0.6
2020,Pre-Season Test 1,4,NOR,McLaren,3.0,4.0,3.0,1,1,1,1,2020-02-21,21,0,10.8,8.4,0.6,0.6,7.4,10.8,1.0,0.6
2020,Pre-Season Test 1,44,HAM,Mercedes,5.0,2.0,4.0,1,0,1,1,2020-02-21,41,0,2.8,3.4,1.0,0.0,6.6,2.4,0.8,0.19999999999999996
2020,Pre-Season Test 1,55,SAI,McLaren,8.0,8.0,5.0,1,0,1,1,2020-02-21,41,0,7.8,10.0,0.8,0.6,6.4,10.2,1.0,0.4
2020,Pre-Season Test 1,11,PER,Racing Point,6.0,6.0,6.0,1,0,0,1,2020-02-21,41,0,8.2,14.6,1.0,0.6,13.6,14.0,0.4,0.8
2020,Pre-Season Test 1,10,GAS,AlphaTauri,12.0,12.0,7.0,1,0,0,1,2020-02-21,41,0,10.4,9.6,0.6,0.8,10.46767559177338,10.466084656084657,0.5013969732246799,0.4282353511835468
2020,Pre-Season Test 1,31,OCO,Renault,14.0,14.0,8.0,1,0,0,1,2020-02-21,20,0,13.8,7.25,0.4,0.8,10.6,11.0,0.4,0.6
2020,Pre-Season Test 1,99,GIO,Alfa Romeo Racing,18.0,18.0,9.0,1,0,0,1,2020-02-21,21,0,12.6,14.4,0.2,0.8,10.4,14.6,0.4,0.6
2020,Pre-Season Test 1,5,VET,Ferrari,11.0,11.0,10.0,1,0,0,1,2020-02-21,41,0,9.2,2.6,0.6,0.4,9.0,4.4,0.6,0.4
2020,Pre-Season Test 1,6,LAT,Williams,20.0,20.0,11.0,1,0,0,0,2020-02-21,0,1,16.6,19.2,0.0,0.8,16.6,19.2,0.0,0.8
2020,Pre-Season Test 1,26,KVY,AlphaTauri,13.0,13.0,12.0,0,0,0,0,2020-02-21,21,0,10.4,13.2,0.6,0.8,7.0,12.0,1.0,0.0
2020,Pre-Season Test 1,23,ALB,Red Bull Racing,4.0,5.0,13.0,0,0,0,0,2020-02-21,21,0,6.8,5.8,0.8,0.0,5.6,4.4,0.8,0.0
2020,Pre-Season Test 1,7,RAI,Alfa Romeo Racing,19.0,19.0,14.0,0,0,0,0,2020-02-21,41,0,11.8,14.2,0.2,0.8,9.4,15.0,0.6,0.4
2020,Pre-Season Test 1,63,RUS,Williams,17.0,17.0,15.0,0,0,0,0,2020-02-21,21,0,15.6,18.4,0.0,0.8,15.0,19.2,0.0,0.6
2020,Pre-Season Test 1,8,GRO,Haas F1 Team,15.0,15.0,16.0,0,0,0,0,2020-02-21,41,0,14.6,13.4,0.0,0.8,14.2,12.2,0.0,0.6
2020,Pre-Season Test 1,20,MAG,Haas F1 Team,16.0,16.0,17.0,0,0,0,0,2020-02-21,41,0,14.6,14.6,0.0,0.8,13.8,12.8,0.0,0.6
2020,Pre-Season Test 1,18,STR,Racing Point,9.0,9.0,18.0,0,0,0,0,2020-02-21,41,0,14.6,14.4,0.2,1.0,12.2,12.4,0.6,0.6
2020,Pre-Season Test 1,3,RIC,Renault,10.0,10.0,19.0,0,0,0,0,2020-02-21,41,0,10.0,11.6,0.6,0.4,10.4,11.6,0.4,0.4
2020,Pre-Season Test 1,33,VER,Red Bull Racing,2.0,3.0,20.0,0,0,0,0,2020-02-21,41,0,6.0,2.6,0.8,0.19999999999999996,7.2,4.2,0.6,0.19999999999999996
2020,Pre-Season Test 2,77,BOT,Mercedes,1.0,1.0,1.0,1,1,1,1,2020-02-28,42,0,5.8,3.0,0.8,0.19999999999999996,6.0,2.2,0.8,0.19999999999999996
2020,Pre-Season Test 2,16,LEC,Ferrari,7.0,7.0,2.0,1,1,1,1,2020-02-28,42,0,6.2,4.2,0.8,0.19999999999999996,7.6,6.2,0.8,0.19999999999999996
2020,Pre-Season Test 2,4,NOR,McLaren,3.0,4.0,3.0,1,1,1,1,2020-02-28,22,0,9.2,7.6,0.8,0.4,6.8,7.8,1.0,0.4
2020,Pre-Season Test 2,44,HAM,Mercedes,5.0,2.0,4.0,1,0,1,1,2020-02-28,42,0,3.0,3.0,1.0,0.0,2.2,1.4,1.0,0.0
2020,Pre-Season Test 2,55,SAI,McLaren,8.0,8.0,5.0,1,0,1,1,2020-02-28,42,0,7.8,10.2,0.8,0.6,5.8,6.4,1.0,0.4
2020,Pre-Season Test 2,11,PER,Racing Point,6.0,6.0,6.0,1,0,0,1,2020-02-28,42,0,7.8,12.4,1.0,0.4,14.0,11.2,0.4,0.8
2020,Pre-Season Test 2,10,GAS,AlphaTauri,12.0,12.0,7.0,1,0,0,1,2020-02-28,42,0,10.4,10.2,0.6,0.6,9.5,12.5,0.5,0.5
2020,Pre-Season Test 2,31,OCO,Renault,14.0,14.0,8.0,1,0,0,1,2020-02-28,21,0,13.6,9.25,0.4,0.6,13.0,11.2,0.2,0.6
2020,Pre-Season Test 2,99,GIO,Alfa Romeo Racing,18.0,18.0,9.0,1,0,0,1,2020-02-28,22,0,11.6,15.8,0.4,0.6,11.4,17.0,0.4,0.6
2020,Pre-Season Test 2,5,VET,Ferrari,11.0,11.0,10.0,1,0,0,1,2020-02-28,42,0,10.8,4.6,0.6,0.4,4.4,6.8,1.0,0.0
2020,Pre-Season Test 2,6,LAT,Williams,20.0,20.0,11.0,1,0,0,0,2020-02-28,1,1,11.0,20.0,0.0,0.0,15.6,19.0,0.0,0.8
2020,Pre-Season Test 2,26,KVY,AlphaTauri,13.0,13.0,12.0,0,0,0,0,2020-02-28,22,0,10.8,13.0,0.4,0.8,8.666666666666666,12.333333333333334,0.6666666666666666,0.33333333333333337
2020,Pre-Season Test 2,23,ALB,Red Bull Racing,4.0,5.0,13.0,0,0,0,0,2020-02-28,22,0,8.6,5.6,0.6,0.19999999999999996,11.0,4.6,0.4,0.4
2020,Pre-Season Test 2,7,RAI,Alfa Romeo Racing,19.0,19.0,14.0,0,0,0,0,2020-02-28,42,0,12.2,15.4,0.2,0.8,12.2,18.0,0.4,0.6
2020,Pre-Season Test 2,63,RUS,Williams,17.0,17.0,15.0,0,0,0,0,2020-02-28,22,0,15.4,18.2,0.0,0.8,14.6,19.2,0.0,0.6
2020,Pre-Season Test 2,8,GRO,Haas F1 Team,15.0,15.0,16.0,0,0,0,0,2020-02-28,42,0,15.2,14.4,0.0,0.8,15.0,14.0,0.0,0.8
2020,Pre-Season Test 2,20,MAG,Haas F1 Team,16.0,16.0,17.0,0,0,0,0,2020-02-28,42,0,15.0,14.0,0.0,0.8,15.6,15.4,0.0,1.0
2020,Pre-Season Test 2,18,STR,Racing Point,9.0,9.0,18.0,0,0,0,0,2020-02-28,42,0,16.4,13.8,0.0,1.0,11.4,9.0,0.6,0.6
2020,Pre-Season Test 2,3,RIC,Renault,10.0,10.0,19.0,0,0,0,0,2020-02-28,42,0,10.0,10.4,0.6,0.4,11.6,11.2,0.4,0.6
2020,Pre-Season Test 2,33,VER,Red Bull Racing,2.0,3.0,20.0,0,0,0,0,2020-02-28,42,0,6.4,2.2,0.8,0.19999999999999996,10.8,4.4,0.4,0.6
2020,Austrian Grand Prix,77,BOT,Mercedes,1.0,1.0,1.0,1,1,1,1,2020-07-05,43,0,5.4,2.0,0.8,0.19999999999999996,2.8,1.6,1.0,0.0
2020,Austrian Grand Prix,16,LEC,Ferrari,7.0,7.0,2.0,1,1,1,1,2020-07-05,43,0,5.8,5.2,0.8,0.19999999999999996,5.8,8.2,1.0,0.0
2020,Austrian Grand Prix,4,NOR,McLaren,3.0,4.0,3.0,1,1,1,1,2020-07-05,23,0,5.8,6.8,1.0,0.19999999999999996,5.2,6.6,1.0,0.19999999999999996
2020,Austrian Grand Prix,44,HAM,Mercedes,5.0,2.0,4.0,1,0,1,1,2020-07-05,43,0,3.6,2.6,1.0,0.0,2.2,1.4,1.0,0.0
2020,Austrian Grand Prix,55,SAI,McLaren,8.0,8.0,5.0,1,0,1,1,2020-07-05,43,0,6.2,10.4,1.0,0.4,3.8,5.6,1.0,0.0
2020,Austrian Grand Prix,11,PER,Racing Point,6.0,6.0,6.0,1,0,0,1,2020-07-05,43,0,7.6,11.4,1.0,0.4,13.6,8.6,0.4,0.6
2020,Austrian Grand Prix,10,GAS,AlphaTauri,12.0,12.0,7.0,1,0,0,1,2020-07-05,43,0,10.0,10.6,0.6,0.4,9.5,12.5,0.5,0.5
2020,Austrian Grand Prix,31,OCO,Renault,14.0,14.0,8.0,1,0,0,1,2020-07-05,22,0,13.4,10.75,0.4,0.6,13.2,11.6,0.4,0.6
2020,Austrian Grand Prix,99,GIO,Alfa Romeo Racing,18.0,18.0,9.0,1,0,0,1,2020-07-05,23,0,10.6,16.4,0.6,0.4,12.4,18.2,0.4,0.6
2020,Austrian Grand Prix,5,VET,Ferrari,11.0,11.0,10.0,1,0,0,1,2020-07-05,43,0,12.4,6.2,0.6,0.4,5.2,8.6,1.0,0.0
2020,Austrian Grand Prix,6,LAT,Williams,20.0,20.0,11.0,1,0,0,0,2020-07-05,2,1,11.0,20.0,0.0,0.0,14.2,18.8,0.0,0.6
2020,Austrian Grand Prix,26,KVY,AlphaTauri,13.0,13.0,12.0,0,0,0,0,2020-07-05,23,0,11.0,13.8,0.4,0.8,9.0,12.4,0.6,0.4
2020,Austrian Grand Prix,23,ALB,Red Bull Racing,4.0,5.0,13.0,0,0,0,0,2020-07-05,23,0,10.2,5.6,0.4,0.4,14.4,4.4,0.2,0.8
2020,Austrian Grand Prix,7,RAI,Alfa Romeo Racing,19.0,19.0,14.0,0,0,0,0,2020-07-05,43,0,11.2,16.4,0.2,0.8,11.0,18.4,0.6,0.4
2020,Austrian Grand Prix,63,RUS,Williams,17.0,17.0,15.0,0,0,0,0,2020-07-05,23,0,15.2,17.8,0.0,0.8,12.6,18.8,0.0,0.4
2020,Austrian Grand Prix,8,GRO,Haas F1 Team,15.0,15.0,16.0,0,0,0,0,2020-07-05,43,0,15.0,13.8,0.0,0.8,16.2,15.6,0.0,1.0
2020,Austrian Grand Prix,20,MAG,Haas F1 Team,16.0,16.0,17.0,0,0,0,0,2020-07-05,43,0,15.4,13.8,0.0,0.8,16.4,15.4,0.0,1.0
2020,Austrian Grand Prix,18,STR,Racing Point,9.0,9.0,18.0,0,0,0,0,2020-07-05,43,0,17.6,12.4,0.0,1.0,10.8,7.2,0.6,0.4
2020,Austrian Grand Prix,3,RIC,Renault,10.0,10.0,19.0,0,0,0,0,2020-07-05,43,0,12.2,9.8,0.4,0.6,12.4,12.4,0.6,0.4
2020,Austrian Grand Prix,33,VER,Red Bull Racing,2.0,3.0,20.0,0,0,0,0,2020-07-05,43,0,9.2,2.6,0.6,0.4,15.8,4.2,0.0,1.0
2020,Styrian Grand Prix,44,HAM,Mercedes,1.0,1.0,1.0,1,1,1,1,2020-07-12,44,0,4.0,2.0,1.0,0.0,2.8,1.6,1.0,0.0
2020,Styrian Grand Prix,77,BOT,Mercedes,4.0,4.0,2.0,1,1,1,1,2020-07-12,44,0,5.4,2.0,0.8,0.19999999999999996,2.2,1.4,1.0,0.0
2020,Styrian Grand Prix,33,VER,Red Bull Racing,2.0,2.0,3.0,1,1,1,1,2020-07-12,44,0,12.6,2.6,0.4,0.6,17.2,3.8,0.0,1.0
2020,Styrian Grand Prix,23,ALB,Red Bull Racing,6.0,7.0,4.0,1,0,1,1,2020-07-12,24,0,11.8,5.4,0.2,0.6,13.8,3.6,0.2,0.8
2020,Styrian Grand Prix,4,NOR,McLaren,9.0,6.0,5.0,1,0,1,1,2020-07-12,24,0,5.0,6.0,1.0,0.19999999999999996,4.2,6.4,1.0,0.0
2020,Styrian Grand Prix,11,PER,Racing Point,17.0,17.0,6.0,1,0,0,1,2020-07-12,44,0,6.8,8.8,1.0,0.19999999999999996,13.2,7.8,0.4,0.6
2020,Styrian Grand Prix,18,STR,Racing Point,12.0,13.0,7.0,1,0,0,1,2020-07-12,44,0,18.6,11.4,0.0,1.0,10.8,9.4,0.6,0.4
2020,Styrian Grand Prix,3,RIC,Renault,8.0,9.0,8.0,1,0,0,1,2020-07-12,44,0,14.8,10.0,0.2,0.8,14.6,11.6,0.4,0.6
2020,Styrian Grand Prix,55,SAI,McLaren,3.0,3.0,9.0,0,0,0,1,2020-07-12,44,0,5.6,10.6,1.0,0.19999999999999996,4.2,6.0,1.0,0.0
2020,Styrian Grand Prix,26,KVY,AlphaTauri,13.0,14.0,10.0,0,0,0,1,2020-07-12,24,0,11.0,13.8,0.4,0.8,10.0,12.6,0.4,0.6
2020,Styrian Grand Prix,7,RAI,Alfa Romeo Racing,16.0,16.0,11.0,0,0,0,0,2020-07-12,44,0,11.8,16.8,0.2,0.8,12.0,18.6,0.4,0.6
2020,Styrian Grand Prix,20,MAG,Haas F1 Team,15.0,15.0,12.0,0,0,0,0,2020-07-12,44,0,15.2,14.6,0.0,0.8,16.6,15.6,0.0,1.0
2020,Styrian Grand Prix,8,GRO,Haas F1 Team,0.0,20.0,13.0,0,0,0,0,2020-07-12,44,0,15.2,13.8,0.0,0.8,15.6,15.4,0.0,1.0
2020,Styrian Grand Prix,99,GIO,Alfa Romeo Racing,19.0,19.0,14.0,0,0,0,0,2020-07-12,24,0,9.6,16.8,0.8,0.19999999999999996,11.4,18.0,0.4,0.6
2020,Styrian Grand Prix,10,GAS,AlphaTauri,7.0,8.0,15.0,0,0,0,0,2020-07-12,44,0,8.2,11.0,0.8,0.19999999999999996,9.6,12.8,0.6,0.6
2020,Styrian Grand Prix,63,RUS,Williams,11.0,12.0,16.0,0,0,0,0,2020-07-12,24,0,14.8,17.6,0.0,0.8,13.4,18.2,0.0,0.6
2020,Styrian Grand Prix,6,LAT,Williams,18.0,18.0,17.0,0,0,0,0,2020-07-12,3,1,11.0,20.0,0.0,0.0,13.6,17.2,0.0,0.6
2020,Styrian Grand Prix,31,OCO,Renault,5.0,5.0,18.0,0,0,0,0,2020-07-12,23,0,11.2,12.75,0.6,0.4,12.4,11.4,0.6,0.4
2020,Styrian Grand Prix,16,LEC,Ferrari,14.0,11.0,19.0,0,0,0,0,2020-07-12,44,0,5.4,5.8,0.8,0.19999999999999996,6.8,9.4,1.0,0.0
2020,Styrian Grand Prix,5,VET,Ferrari,10.0,10.0,20.0,0,0,0,0,2020-07-12,44,0,10.4,8.0,0.8,0.19999999999999996,8.6,9.4,0.8,0.19999999999999996
2020,Hungarian Grand Prix,44,HAM,Mercedes,1.0,1.0,1.0,1,1,1,1,2020-07-19,45,0,2.8,1.6,1.0,0.0,2.4,2.0,1.0,0.0
2020,Hungarian Grand Prix,33,VER,Red Bull Racing,7.0,7.0,2.0,1,1,1,1,2020-07-19,45,0,13.0,2.8,0.4,0.6,12.0,4.0,0.4,0.6
2020,Hungarian Grand Prix,77,BOT,Mercedes,2.0,2.0,3.0,1,1,1,1,2020-07-19,45,0,1.8,1.8,1.0,0.0,1.8,1.8,1.0,0.0
2020,Hungarian Grand Prix,18,STR,Racing Point,3.0,3.0,4.0,1,0,1,1,2020-07-19,45,0,16.2,10.6,0.2,0.8,11.0,10.8,0.6,0.4
2020,Hungarian Grand Prix,23,ALB,Red Bull Racing,13.0,13.0,5.0,1,0,1,1,2020-07-19,25,0,9.8,5.6,0.4,0.6,8.4,4.8,0.6,0.4
2020,Hungarian Grand Prix,5,VET,Ferrari,5.0,5.0,6.0,0,0,0,1,2020-07-19,45,0,11.0,9.6,0.8,0.19999999999999996,12.2,10.0,0.6,0.4
2020,Hungarian Grand Prix,11,PER,Racing Point,4.0,4.0,7.0,0,0,0,1,2020-07-19,45,0,6.2,9.2,1.0,0.19999999999999996,8.2,9.6,0.8,0.19999999999999996
2020,Hungarian Grand Prix,3,RIC,Renault,11.0,11.0,8.0,0,0,0,1,2020-07-19,45,0,15.2,9.4,0.2,0.8,14.4,9.6,0.4,0.6
2020,Hungarian Grand Prix,55,SAI,McLaren,9.0,9.0,9.0,0,0,0,1,2020-07-19,45,0,6.8,7.2,1.0,0.4,5.4,5.8,1.0,0.19999999999999996
2020,Hungarian Grand Prix,20,MAG,Haas F1 Team,0.0,16.0,10.0,0,0,0,1,2020-07-19,45,0,15.4,15.6,0.0,1.0,15.0,16.4,0.0,1.0
2020,Hungarian Grand Prix,16,LEC,Ferrari,6.0,6.0,11.0,0,0,0,0,2020-07-19,45,0,5.6,7.2,0.8,0.19999999999999996,11.4,8.8,0.6,0.6
2020,Hungarian Grand Prix,26,KVY,AlphaTauri,17.0,17.0,12.0,0,0,0,0,2020-07-19,25,0,11.0,13.4,0.4,1.0,11.2,12.0,0.4,0.8
2020,Hungarian Grand Prix,4,NOR,McLaren,8.0,8.0,13.0,0,0,0,0,2020-07-19,25,0,4.4,5.0,1.0,0.19999999999999996,6.2,6.0,1.0,0.4
2020,Hungarian Grand Prix,31,OCO,Renault,14.0,14.0,14.0,0,0,0,0,2020-07-19,24,0,11.8,11.2,0.6,0.4,12.2,9.8,0.6,0.6
2020,Hungarian Grand Prix,7,RAI,Alfa Romeo Racing,20.0,20.0,15.0,0,0,0,0,2020-07-19,45,0,13.2,18.2,0.0,1.0,12.4,18.2,0.2,0.8
2020,Hungarian Grand Prix,8,GRO,Haas F1 Team,0.0,18.0,16.0,0,0,0,0,2020-07-19,45,0,15.2,16.2,0.0,1.0,13.6,16.4,0.2,1.0
2020,Hungarian Grand Prix,99,GIO,Alfa Romeo Racing,19.0,19.0,17.0,0,0,0,0,2020-07-19,25,0,11.4,18.0,0.6,0.4,12.6,18.4,0.2,0.8
2020,Hungarian Grand Prix,63,RUS,Williams,12.0,12.0,18.0,0,0,0,0,2020-07-19,25,0,15.6,16.4,0.0,1.0,14.8,16.8,0.0,0.8
2020,Hungarian Grand Prix,6,LAT,Williams,15.0,15.0,19.0,0,0,0,0,2020-07-19,4,1,12.5,19.5,0.0,0.25,15.4,15.8,0.0,0.8
2020,Hungarian Grand Prix,10,GAS,AlphaTauri,10.0,10.0,20.0,0,0,0,0,2020-07-19,45,0,10.8,11.2,0.6,0.4,11.2,12.8,0.4,0.8
2020,British Grand Prix,44,HAM,Mercedes,1.0,1.0,1.0,1,1,1,1,2020-08-02,46,0,2.8,1.6,1.0,0.0,2.2,2.0,1.0,0.0
2020,British Grand Prix,33,VER,Red Bull Racing,3.0,3.0,2.0,1,1,1,1,2020-08-02,46,0,13.0,3.6,0.4,0.6,6.8,6.4,0.8,0.19999999999999996
2020,British Grand Prix,16,LEC,Ferrari,4.0,4.0,3.0,1,1,1,1,2020-08-02,46,0,7.2,7.6,0.6,0.4,13.2,8.6,0.4,0.8
2020,British Grand Prix,3,RIC,Renault,8.0,8.0,4.0,1,0,1,1,2020-08-02,46,0,14.6,10.0,0.4,0.8,13.4,9.8,0.4,0.8
2020,British Grand Prix,4,NOR,McLaren,5.0,5.0,5.0,1,0,1,1,2020-08-02,26,0,5.4,5.2,0.8,0.19999999999999996,8.2,6.8,0.8,0.6
2020,British Grand Prix,31,OCO,Renault,9.0,9.0,6.0,1,0,0,1,2020-08-02,25,0,11.2,12.2,0.6,0.4,10.4,9.4,0.6,0.6
2020,British Grand Prix,10,GAS,AlphaTauri,11.0,11.0,7.0,1,0,0,1,2020-08-02,46,0,11.2,10.8,0.6,0.4,13.8,12.4,0.2,1.0
2020,British Grand Prix,23,ALB,Red Bull Racing,12.0,12.0,8.0,1,0,0,1,2020-08-02,26,0,9.6,7.0,0.4,0.6,3.2,6.4,1.0,0.0
2020,British Grand Prix,18,STR,Racing Point,6.0,6.0,9.0,1,0,0,1,2020-08-02,46,0,13.0,8.6,0.4,0.6,8.4,9.2,0.8,0.4
2020,British Grand Prix,5,VET,Ferrari,10.0,10.0,10.0,1,0,0,1,2020-08-02,46,0,11.2,9.6,0.8,0.4,11.8,7.2,0.4,0.8
2020,British Grand Prix,77,BOT,Mercedes,2.0,2.0,11.0,1,0,0,0,2020-08-02,46,0,1.6,1.8,1.0,0.0,1.6,1.8,1.0,0.0
2020,British Grand Prix,63,RUS,Williams,20.0,15.0,12.0,1,0,0,0,2020-08-02,26,0,15.8,15.0,0.0,1.0,17.0,14.8,0.0,1.0
2020,British Grand Prix,55,SAI,McLaren,7.0,7.0,13.0,1,0,0,0,2020-08-02,46,0,6.6,7.2,1.0,0.4,8.2,6.2,0.8,0.6
2020,British Grand Prix,99,GIO,Alfa Romeo Racing,15.0,17.0,14.0,1,0,0,0,2020-08-02,26,0,11.6,18.4,0.6,0.4,14.2,18.6,0.0,1.0
2020,British Grand Prix,6,LAT,Williams,18.0,20.0,15.0,1,0,0,0,2020-08-02,5,1,13.8,18.6,0.0,0.4,16.4,14.4,0.0,0.8
2020,British Grand Prix,8,GRO,Haas F1 Team,17.0,19.0,16.0,1,0,0,0,2020-08-02,46,0,15.4,16.6,0.0,1.0,13.6,17.0,0.2,1.0
2020,British Grand Prix,7,RAI,Alfa Romeo Racing,16.0,18.0,17.0,0,0,0,0,2020-08-02,46,0,13.6,18.6,0.0,1.0,14.2,18.2,0.0,0.8
2020,British Grand Prix,26,KVY,AlphaTauri,19.0,14.0,18.0,0,0,0,0,2020-08-02,26,0,11.6,14.0,0.2,1.0,12.8,12.0,0.4,0.8
2020,British Grand Prix,20,MAG,Haas F1 Team,14.0,16.0,19.0,0,0,0,0,2020-08-02,46,0,14.6,15.8,0.2,1.0,13.4,17.6,0.2,0.8
2020,British Grand Prix,27,HUL,Racing Point,13.0,13.0,20.0,0,0,0,0,2020-08-02,41,0,13.2,12.4,0.4,0.8,6.6,8.6,1.0,0.19999999999999996
2020,70th Anniversary Grand Prix,33,VER,Red Bull Racing,4.0,4.0,1.0,1,1,1,1,2020-08-09,47,0,9.4,3.6,0.6,0.4,4.2,8.4,1.0,0.0
2020,70th Anniversary Grand Prix,44,HAM,Mercedes,2.0,2.0,2.0,1,1,1,1,2020-08-09,47,0,2.2,1.4,1.0,0.0,3.6,2.0,0.8,0.0
2020,70th Anniversary Grand Prix,77,BOT,Mercedes,1.0,1.0,3.0,1,1,1,1,2020-08-09,47,0,3.6,2.0,0.8,0.0,3.6,1.6,0.8,0.0
2020,70th Anniversary Grand Prix,16,LEC,Ferrari,8.0,8.0,4.0,1,0,1,1,2020-08-09,47,0,7.4,7.0,0.6,0.4,10.0,7.0,0.6,0.6
2020,70th Anniversary Grand Prix,23,ALB,Red Bull Racing,9.0,9.0,5.0,1,0,1,1,2020-08-09,27,0,8.6,8.4,0.6,0.4,3.6,7.8,1.0,0.0
2020,70th Anniversary Grand Prix,18,STR,Racing Point,6.0,6.0,6.0,1,0,0,1,2020-08-09,47,0,11.2,8.0,0.6,0.4,9.4,7.8,0.8,0.4
2020,70th Anniversary Grand Prix,27,HUL,Racing Point,3.0,3.0,7.0,1,0,0,1,2020-08-09,42,0,13.2,12.0,0.4,0.8,9.2,6.4,0.8,0.4
2020,70th Anniversary Grand Prix,31,OCO,Renault,14.0,11.0,8.0,1,0,0,1,2020-08-09,26,0,10.8,11.2,0.6,0.4,10.0,9.4,0.6,0.6
2020,70th Anniversary Grand Prix,4,NOR,McLaren,10.0,10.0,9.0,1,0,0,1,2020-08-09,27,0,5.8,5.4,0.8,0.19999999999999996,9.8,6.4,0.6,0.6
2020,70th Anniversary Grand Prix,26,KVY,AlphaTauri,16.0,16.0,10.0,1,0,0,1,2020-08-09,27,0,12.8,14.2,0.2,1.0,14.4,12.0,0.2,0.8
2020,70th Anniversary Grand Prix,10,GAS,AlphaTauri,7.0,7.0,11.0,1,0,0,0,2020-08-09,47,0,11.2,10.6,0.6,0.4,13.4,13.6,0.4,0.6
2020,70th Anniversary Grand Prix,5,VET,Ferrari,11.0,12.0,12.0,1,0,0,0,2020-08-09,47,0,11.2,9.4,0.8,0.4,6.8,6.6,0.8,0.4
2020,70th Anniversary Grand Prix,55,SAI,McLaren,12.0,13.0,13.0,1,0,0,0,2020-08-09,47,0,8.2,7.0,0.8,0.4,9.8,7.8,0.6,0.4
2020,70th Anniversary Grand Prix,3,RIC,Renault,5.0,5.0,14.0,0,0,0,0,2020-08-09,47,0,11.6,9.6,0.6,0.6,8.0,10.6,0.8,0.4
2020,70th Anniversary Grand Prix,7,RAI,Alfa Romeo Racing,20.0,20.0,15.0,0,0,0,0,2020-08-09,47,0,14.2,18.4,0.0,1.0,15.4,18.6,0.0,0.8
2020,70th Anniversary Grand Prix,8,GRO,Haas F1 Team,13.0,14.0,16.0,0,0,0,0,2020-08-09,47,0,15.4,17.4,0.0,0.8,14.8,17.8,0.2,0.8
2020,70th Anniversary Grand Prix,99,GIO,Alfa Romeo Racing,19.0,19.0,17.0,0,0,0,0,2020-08-09,27,0,12.6,18.2,0.4,0.4,15.6,18.8,0.0,0.8
2020,70th Anniversary Grand Prix,63,RUS,Williams,15.0,15.0,18.0,0,0,0,0,2020-08-09,27,0,15.2,14.6,0.0,0.8,16.2,16.0,0.0,0.6
2020,70th Anniversary Grand Prix,6,LAT,Williams,18.0,18.0,19.0,0,0,0,0,2020-08-09,6,1,14.6,18.6,0.0,0.4,16.4,15.4,0.0,0.6
2020,70th Anniversary Grand Prix,20,MAG,Haas F1 Team,17.0,17.0,20.0,0,0,0,0,2020-08-09,47,0,15.0,15.8,0.2,1.0,15.4,16.6,0.2,0.8
2020,Spanish Grand Prix,44,HAM,Mercedes,1.0,1.0,1.0,1,1,1,1,2020-08-16,48,0,1.8,1.4,1.0,0.0,4.0,1.6,0.8,0.0
2020,Spanish Grand Prix,33,VER,Red Bull Racing,3.0,3.0,2.0,1,1,1,1,2020-08-16,48,0,5.6,3.8,0.8,0.19999999999999996,4.2,8.2,1.0,0.0
2020,Spanish Grand Prix,77,BOT,Mercedes,2.0,2.0,3.0,1,1,1,1,2020-08-16,48,0,4.0,2.0,0.8,0.0,3.6,1.4,0.8,0.0
2020,Spanish Grand Prix,18,STR,Racing Point,5.0,5.0,4.0,0,0,1,1,2020-08-16,48,0,8.8,7.4,0.8,0.19999999999999996,9.8,6.4,0.8,0.4
2020,Spanish Grand Prix,11,PER,Racing Point,4.0,4.0,5.0,0,0,1,1,2020-08-16,46,0,6.2,7.8,1.0,0.19999999999999996,9.2,6.6,0.8,0.4
2020,Spanish Grand Prix,55,SAI,McLaren,7.0,7.0,6.0,0,0,0,1,2020-08-16,48,0,9.8,8.0,0.6,0.4,10.6,8.6,0.4,0.19999999999999996
2020,Spanish Grand Prix,5,VET,Ferrari,11.0,11.0,7.0,0,0,0,1,2020-08-16,48,0,11.6,9.6,0.6,0.4,8.0,8.0,0.6,0.19999999999999996
2020,Spanish Grand Prix,23,ALB,Red Bull Racing,6.0,6.0,8.0,0,0,0,1,2020-08-16,28,0,7.0,9.2,0.8,0.19999999999999996,3.6,6.2,1.0,0.0
2020,Spanish Grand Prix,10,GAS,AlphaTauri,10.0,10.0,9.0,0,0,0,1,2020-08-16,48,0,12.0,9.6,0.4,0.4,13.2,11.6,0.4,0.4
2020,Spanish Grand Prix,4,NOR,McLaren,8.0,8.0,10.0,0,0,0,1,2020-08-16,28,0,7.0,6.6,0.8,0.19999999999999996,9.2,8.4,0.6,0.19999999999999996
2020,Spanish Grand Prix,3,RIC,Renault,13.0,13.0,11.0,0,0,0,0,2020-08-16,48,0,10.6,8.6,0.6,0.6,9.2,9.4,0.6,0.4
2020,Spanish Grand Prix,26,KVY,AlphaTauri,12.0,12.0,12.0,0,0,0,0,2020-08-16,28,0,12.4,14.8,0.4,0.8,11.0,11.6,0.6,0.4
2020,Spanish Grand Prix,31,OCO,Renault,15.0,15.0,13.0,0,0,0,0,2020-08-16,27,0,10.8,10.6,0.6,0.4,8.6,9.2,0.6,0.4
2020,Spanish Grand Prix,7,RAI,Alfa Romeo Racing,14.0,14.0,14.0,0,0,0,0,2020-08-16,48,0,14.4,18.6,0.0,1.0,16.0,18.6,0.0,0.8
2020,Spanish Grand Prix,20,MAG,Haas F1 Team,16.0,16.0,15.0,0,0,0,0,2020-08-16,48,0,15.6,16.0,0.2,1.0,17.4,16.8,0.0,0.8
2020,Spanish Grand Prix,99,GIO,Alfa Romeo Racing,20.0,20.0,16.0,0,0,0,0,2020-08-16,28,0,14.2,18.4,0.2,0.6,15.4,17.6,0.0,0.8
2020,Spanish Grand Prix,63,RUS,Williams,18.0,18.0,17.0,0,0,0,0,2020-08-16,28,0,15.8,14.2,0.0,0.8,16.6,16.6,0.0,0.6
2020,Spanish Grand Prix,6,LAT,Williams,19.0,19.0,18.0,0,0,0,0,2020-08-16,7,1,16.2,18.2,0.0,0.6,16.2,17.2,0.0,0.6
2020,Spanish Grand Prix,8,GRO,Haas F1 Team,17.0,17.0,19.0,0,0,0,0,2020-08-16,48,0,15.4,17.2,0.0,0.8,17.2,16.4,0.0,0.8
2020,Spanish Grand Prix,16,LEC,Ferrari,9.0,9.0,20.0,0,0,0,0,2020-08-16,48,0,7.8,7.2,0.6,0.4,7.2,9.0,0.8,0.19999999999999996
2020,Belgian Grand Prix,44,HAM,Mercedes,1.0,1.0,1.0,1,1,1,1,2020-08-30,49,0,1.2,1.2,1.0,0.0,4.0,1.6,0.8,0.0
2020,Belgian Grand Prix,77,BOT,Mercedes,2.0,2.0,2.0,1,1,1,1,2020-08-30,49,0,4.4,2.2,0.8,0.0,2.0,1.4,1.0,0.0
2020,Belgian Grand Prix,33,VER,Red Bull Racing,3.0,3.0,3.0,1,1,1,1,2020-08-30,49,0,2.0,3.8,1.0,0.0,4.8,6.8,1.0,0.19999999999999996
2020,Belgian Grand Prix,3,RIC,Renault,4.0,4.0,4.0,1,0,1,1,2020-08-30,49,0,9.0,9.2,0.6,0.6,10.4,10.6,0.4,0.6
2020,Belgian Grand Prix,31,OCO,Renault,6.0,6.0,5.0,1,0,1,1,2020-08-30,28,0,11.8,10.8,0.4,0.6,10.0,9.6,0.4,0.6
2020,Belgian Grand Prix,23,ALB,Red Bull Racing,5.0,5.0,6.0,1,0,0,1,2020-08-30,29,0,6.0,9.4,1.0,0.19999999999999996,3.8,5.0,1.0,0.19999999999999996
2020,Belgian Grand Prix,4,NOR,McLaren,10.0,10.0,7.0,1,0,0,1,2020-08-30,29,0,8.4,7.4,0.8,0.4,10.2,9.0,0.6,0.4
2020,Belgian Grand Prix,10,GAS,AlphaTauri,12.0,12.0,8.0,1,0,0,1,2020-08-30,49,0,12.4,9.2,0.4,0.6,12.0,11.8,0.4,0.6
2020,Belgian Grand Prix,18,STR,Racing Point,9.0,9.0,9.0,1,0,0,1,2020-08-30,49,0,6.0,6.6,1.0,0.19999999999999996,8.4,6.2,0.8,0.6
2020,Belgian Grand Prix,11,PER,Racing Point,8.0,8.0,10.0,1,0,0,1,2020-08-30,47,0,6.0,7.4,1.0,0.4,6.2,5.4,1.0,0.4
2020,Belgian Grand Prix,26,KVY,AlphaTauri,11.0,11.0,11.0,1,0,0,0,2020-08-30,29,0,12.4,14.6,0.4,0.8,10.0,11.4,0.6,0.4
2020,Belgian Grand Prix,7,RAI,Alfa Romeo Racing,16.0,16.0,12.0,1,0,0,0,2020-08-30,49,0,14.4,17.6,0.0,1.0,15.8,18.2,0.0,1.0
2020,Belgian Grand Prix,5,VET,Ferrari,14.0,14.0,13.0,1,0,0,0,2020-08-30,49,0,11.0,9.6,0.6,0.6,10.6,10.0,0.6,0.4
2020,Belgian Grand Prix,16,LEC,Ferrari,13.0,13.0,14.0,1,0,0,0,2020-08-30,49,0,11.4,7.6,0.4,0.6,11.2,10.8,0.4,0.4
2020,Belgian Grand Prix,8,GRO,Haas F1 Team,17.0,17.0,15.0,1,0,0,0,2020-08-30,49,0,16.0,17.6,0.0,0.8,17.8,16.0,0.0,1.0
2020,Belgian Grand Prix,6,LAT,Williams,19.0,19.0,16.0,1,0,0,0,2020-08-30,8,1,17.6,18.0,0.0,0.8,17.4,18.0,0.0,0.8
2020,Belgian Grand Prix,20,MAG,Haas F1 Team,20.0,20.0,17.0,1,0,0,0,2020-08-30,49,0,15.2,16.0,0.2,1.0,17.0,16.2,0.0,0.8
2020,Belgian Grand Prix,99,GIO,Alfa Romeo Racing,18.0,18.0,18.0,0,0,0,0,2020-08-30,29,0,15.6,18.8,0.0,0.8,14.8,17.8,0.0,0.8
2020,Belgian Grand Prix,63,RUS,Williams,15.0,15.0,19.0,0,0,0,0,2020-08-30,29,0,16.2,14.4,0.0,0.8,17.6,17.8,0.0,0.8
2020,Belgian Grand Prix,55,SAI,McLaren,7.0,7.0,20.0,0,0,0,0,2020-08-30,49,0,10.0,7.8,0.6,0.6,9.0,9.6,0.8,0.4
2020,Italian Grand Prix,10,GAS,AlphaTauri,10.0,10.0,1.0,1,1,1,1,2020-09-06,50,0,11.0,10.0,0.6,0.4,10.2,10.4,0.4,0.4
2020,Italian Grand Prix,55,SAI,McLaren,3.0,3.0,2.0,1,1,1,1,2020-09-06,50,0,12.2,8.6,0.4,0.6,11.2,9.0,0.6,0.6
2020,Italian Grand Prix,18,STR,Racing Point,8.0,8.0,3.0,1,1,1,1,2020-09-06,50,0,6.4,5.8,1.0,0.19999999999999996,7.0,5.8,1.0,0.4
2020,Italian Grand Prix,4,NOR,McLaren,6.0,6.0,4.0,1,0,1,1,2020-09-06,30,0,8.8,8.2,0.8,0.4,9.0,7.0,0.8,0.6
2020,Italian Grand Prix,77,BOT,Mercedes,2.0,2.0,5.0,1,0,1,1,2020-09-06,50,0,4.4,1.8,0.8,0.0,2.0,1.4,1.0,0.0
2020,Italian Grand Prix,3,RIC,Renault,7.0,7.0,6.0,1,0,0,1,2020-09-06,50,0,8.2,8.2,0.6,0.6,9.4,8.6,0.4,0.6
2020,Italian Grand Prix,44,HAM,Mercedes,1.0,1.0,7.0,1,0,0,1,2020-09-06,50,0,1.2,1.2,1.0,0.0,2.4,1.6,1.0,0.0
2020,Italian Grand Prix,31,OCO,Renault,12.0,12.0,8.0,1,0,0,1,2020-09-06,29,0,9.2,11.0,0.6,0.4,7.8,9.0,0.6,0.4
2020,Italian Grand Prix,26,KVY,AlphaTauri,11.0,11.0,9.0,1,0,0,1,2020-09-06,30,0,12.6,14.0,0.2,0.6,8.2,11.0,0.6,0.4
2020,Italian Grand Prix,11,PER,Racing Point,4.0,4.0,10.0,1,0,0,1,2020-09-06,48,0,6.8,7.8,1.0,0.4,6.2,6.8,1.0,0.4
2020,Italian Grand Prix,6,LAT,Williams,20.0,20.0,11.0,1,0,0,0,2020-09-06,9,1,17.4,18.2,0.0,0.6,17.8,17.8,0.0,0.8
2020,Italian Grand Prix,8,GRO,Haas F1 Team,16.0,16.0,12.0,1,0,0,0,2020-09-06,50,0,16.4,17.0,0.0,0.6,17.2,17.4,0.0,0.6
2020,Italian Grand Prix,7,RAI,Alfa Romeo Racing,14.0,14.0,13.0,1,0,0,0,2020-09-06,50,0,14.6,17.6,0.0,0.8,15.4,17.4,0.0,0.8
2020,Italian Grand Prix,63,RUS,Williams,19.0,19.0,14.0,1,0,0,0,2020-09-06,30,0,16.8,15.0,0.0,0.8,16.2,18.2,0.0,0.6
2020,Italian Grand Prix,23,ALB,Red Bull Racing,9.0,9.0,15.0,1,0,0,0,2020-09-06,30,0,6.4,9.0,1.0,0.19999999999999996,4.8,5.2,1.0,0.19999999999999996
2020,Italian Grand Prix,99,GIO,Alfa Romeo Racing,18.0,18.0,16.0,1,0,0,0,2020-09-06,30,0,16.4,18.6,0.0,0.8,14.6,16.4,0.0,0.6
2020,Italian Grand Prix,33,VER,Red Bull Racing,5.0,5.0,17.0,0,0,0,0,2020-09-06,50,0,2.0,4.0,1.0,0.0,6.8,5.2,0.8,0.19999999999999996
2020,Italian Grand Prix,16,LEC,Ferrari,13.0,13.0,18.0,0,0,0,0,2020-09-06,50,0,10.4,8.0,0.4,0.4,13.2,11.8,0.2,0.4
2020,Italian Grand Prix,20,MAG,Haas F1 Team,15.0,15.0,19.0,0,0,0,0,2020-09-06,50,0,16.2,17.0,0.2,0.8,15.6,17.2,0.0,0.4
2020,Italian Grand Prix,5,VET,Ferrari,17.0,17.0,20.0,0,0,0,0,2020-09-06,50,0,9.6,10.4,0.6,0.4,14.4,12.0,0.2,0.6
2020,Tuscan Grand Prix,44,HAM,Mercedes,1.0,1.0,1.0,1,1,1,1,2020-09-13,51,0,2.4,1.2,1.0,0.0,3.6,1.6,1.0,0.0
2020,Tuscan Grand Prix,77,BOT,Mercedes,2.0,2.0,2.0,1,1,1,1,2020-09-13,51,0,4.8,1.8,0.8,0.0,3.2,1.4,1.0,0.0
2020,Tuscan Grand Prix,23,ALB,Red Bull Racing,4.0,4.0,3.0,1,1,1,1,2020-09-13,31,0,8.4,8.2,0.8,0.19999999999999996,9.8,5.6,0.6,0.4
2020,Tuscan Grand Prix,3,RIC,Renault,8.0,8.0,4.0,1,0,1,1,2020-09-13,51,0,7.8,7.4,0.6,0.4,7.2,8.8,0.8,0.19999999999999996
2020,Tuscan Grand Prix,11,PER,Racing Point,7.0,6.0,5.0,1,0,1,1,2020-09-13,49,0,7.6,7.4,1.0,0.4,7.4,6.6,1.0,0.19999999999999996
2020,Tuscan Grand Prix,4,NOR,McLaren,11.0,11.0,6.0,1,0,0,1,2020-09-13,31,0,7.0,7.8,1.0,0.19999999999999996,8.6,6.8,0.8,0.4
2020,Tuscan Grand Prix,26,KVY,AlphaTauri,12.0,12.0,7.0,1,0,0,1,2020-09-13,31,0,12.0,12.8,0.4,0.4,8.2,11.2,0.6,0.19999999999999996
2020,Tuscan Grand Prix,16,LEC,Ferrari,5.0,5.0,8.0,1,0,0,1,2020-09-13,51,0,11.8,9.4,0.4,0.4,17.0,13.2,0.0,0.6
2020,Tuscan Grand Prix,7,RAI,Alfa Romeo Racing,13.0,13.0,9.0,1,0,0,1,2020-09-13,51,0,14.2,16.4,0.0,0.6,15.0,17.2,0.0,0.4
2020,Tuscan Grand Prix,5,VET,Ferrari,14.0,14.0,10.0,1,0,0,1,2020-09-13,51,0,12.4,12.8,0.4,0.4,14.6,12.4,0.2,0.4
2020,Tuscan Grand Prix,63,RUS,Williams,18.0,18.0,11.0,1,0,0,0,2020-09-13,31,0,16.0,16.4,0.0,0.6,15.6,18.4,0.0,0.4
2020,Tuscan Grand Prix,8,GRO,Haas F1 Team,15.0,15.0,12.0,1,0,0,0,2020-09-13,51,0,15.6,16.6,0.0,0.4,16.4,17.0,0.0,0.4
2020,Tuscan Grand Prix,18,STR,Racing Point,6.0,7.0,13.0,0,0,0,0,2020-09-13,51,0,6.2,6.8,1.0,0.19999999999999996,7.4,7.0,1.0,0.0
2020,Tuscan Grand Prix,31,OCO,Renault,10.0,10.0,14.0,0,0,0,0,2020-09-13,30,0,8.0,10.6,0.8,0.19999999999999996,5.4,7.4,1.0,0.0
2020,Tuscan Grand Prix,6,LAT,Williams,19.0,19.0,15.0,0,0,0,0,2020-09-13,10,1,15.8,19.2,0.0,0.4,14.2,18.2,0.0,0.19999999999999996
2020,Tuscan Grand Prix,20,MAG,Haas F1 Team,20.0,20.0,16.0,0,0,0,0,2020-09-13,51,0,18.0,16.8,0.0,0.8,15.0,16.6,0.0,0.19999999999999996
2020,Tuscan Grand Prix,99,GIO,Alfa Romeo Racing,17.0,17.0,17.0,0,0,0,0,2020-09-13,31,0,16.2,18.4,0.0,0.6,13.6,15.8,0.2,0.19999999999999996
2020,Tuscan Grand Prix,55,SAI,McLaren,9.0,9.0,18.0,0,0,0,0,2020-09-13,51,0,10.8,7.4,0.4,0.4,7.8,7.4,0.8,0.19999999999999996
2020,Tuscan Grand Prix,33,VER,Red Bull Racing,3.0,3.0,19.0,0,0,0,0,2020-09-13,51,0,5.0,3.6,0.8,0.19999999999999996,8.8,5.2,0.6,0.19999999999999996
2020,Tuscan Grand Prix,10,GAS,AlphaTauri,16.0,16.0,20.0,0,0,0,0,2020-09-13,51,0,7.2,10.0,0.8,0.19999999999999996,7.2,11.2,0.8,0.0
2020,Russian Grand Prix,77,BOT,Mercedes,3.0,3.0,1.0,1,1,1,1,2020-09-27,52,0,3.0,1.8,1.0,0.0,3.4,1.6,1.0,0.0
2020,Russian Grand Prix,33,VER,Red Bull Racing,2.0,2.0,2.0,1,1,1,1,2020-09-27,52,0,8.4,3.6,0.6,0.4,12.0,5.2,0.4,0.4
2020,Russian Grand Prix,44,HAM,Mercedes,1.0,1.0,3.0,1,1,1,1,2020-09-27,52,0,2.4,1.2,1.0,0.0,3.2,1.8,1.0,0.0
2020,Russian Grand Prix,11,PER,Racing Point,4.0,4.0,4.0,1,0,1,1,2020-09-27,50,0,7.4,5.2,1.0,0.4,8.2,6.6,0.8,0.19999999999999996
2020,Russian Grand Prix,3,RIC,Renault,5.0,5.0,5.0,1,0,1,1,2020-09-27,52,0,7.8,7.4,0.6,0.4,7.4,8.6,0.8,0.19999999999999996
2020,Russian Grand Prix,16,LEC,Ferrari,10.0,11.0,6.0,1,0,0,1,2020-09-27,52,0,12.8,9.6,0.4,0.4,14.0,12.4,0.4,0.4
2020,Russian Grand Prix,31,OCO,Renault,7.0,7.0,7.0,1,0,0,1,2020-09-27,31,0,9.6,10.8,0.6,0.4,7.4,8.4,0.8,0.19999999999999996
2020,Russian Grand Prix,26,KVY,AlphaTauri,11.0,12.0,8.0,1,0,0,1,2020-09-27,32,0,9.8,12.4,0.6,0.19999999999999996,9.6,12.0,0.6,0.19999999999999996
2020,Russian Grand Prix,10,GAS,AlphaTauri,9.0,9.0,9.0,1,0,0,1,2020-09-27,52,0,9.8,11.0,0.6,0.4,9.0,12.2,0.8,0.19999999999999996
2020,Russian Grand Prix,23,ALB,Red Bull Racing,15.0,10.0,10.0,1,0,0,1,2020-09-27,32,0,7.4,6.6,0.8,0.19999999999999996,11.2,4.6,0.4,0.4
2020,Russian Grand Prix,99,GIO,Alfa Romeo Racing,17.0,17.0,11.0,0,0,0,0,2020-09-27,32,0,16.8,18.4,0.0,0.8,14.6,16.0,0.2,0.4
2020,Russian Grand Prix,20,MAG,Haas F1 Team,18.0,18.0,12.0,0,0,0,0,2020-09-27,52,0,17.4,17.6,0.0,0.8,15.2,17.2,0.0,0.4
2020,Russian Grand Prix,5,VET,Ferrari,14.0,15.0,13.0,0,0,0,0,2020-09-27,52,0,12.4,13.6,0.4,0.4,12.4,12.0,0.6,0.4
2020,Russian Grand Prix,7,RAI,Alfa Romeo Racing,19.0,20.0,14.0,0,0,0,0,2020-09-27,52,0,12.6,15.4,0.2,0.4,13.2,15.8,0.2,0.4
2020,Russian Grand Prix,4,NOR,McLaren,8.0,8.0,15.0,0,0,0,0,2020-09-27,32,0,7.2,9.0,1.0,0.19999999999999996,10.0,7.2,0.6,0.4
2020,Russian Grand Prix,6,LAT,Williams,20.0,19.0,16.0,0,0,0,0,2020-09-27,11,1,15.8,19.0,0.0,0.6,14.0,18.2,0.0,0.4
2020,Russian Grand Prix,8,GRO,Haas F1 Team,16.0,16.0,17.0,0,0,0,0,2020-09-27,52,0,14.8,15.8,0.0,0.4,14.2,16.8,0.0,0.6
2020,Russian Grand Prix,63,RUS,Williams,13.0,14.0,18.0,0,0,0,0,2020-09-27,32,0,15.8,17.0,0.0,0.6,13.4,19.0,0.0,0.4
2020,Russian Grand Prix,55,SAI,McLaren,6.0,6.0,19.0,0,0,0,0,2020-09-27,52,0,11.8,7.8,0.4,0.6,9.0,7.4,0.6,0.4
2020,Russian Grand Prix,18,STR,Racing Point,12.0,13.0,20.0,0,0,0,0,2020-09-27,52,0,7.0,7.0,0.8,0.4,7.0,5.8,0.8,0.19999999999999996
2020,Eifel Grand Prix,44,HAM,Mercedes,2.0,2.0,1.0,1,1,1,1,2020-10-11,53,0,2.6,1.0,1.0,0.0,2.8,1.6,1.0,0.0
2020,Eifel Grand Prix,33,VER,Red Bull Racing,3.0,3.0,2.0,1,1,1,1,2020-10-11,53,0,8.6,3.2,0.6,0.4,10.2,4.8,0.6,0.4
2020,Eifel Grand Prix,3,RIC,Renault,6.0,6.0,3.0,1,1,1,1,2020-10-11,53,0,6.0,7.4,0.8,0.19999999999999996,7.6,8.4,0.8,0.19999999999999996
2020,Eifel Grand Prix,11,PER,Racing Point,9.0,9.0,4.0,1,0,1,1,2020-10-11,51,0,6.8,5.2,1.0,0.19999999999999996,10.4,6.8,0.6,0.4
2020,Eifel Grand Prix,55,SAI,McLaren,10.0,10.0,5.0,1,0,1,1,2020-10-11,53,0,13.0,6.4,0.4,0.8,12.4,8.0,0.4,0.6
2020,Eifel Grand Prix,10,GAS,AlphaTauri,12.0,12.0,6.0,1,0,0,1,2020-10-11,53,0,9.4,11.4,0.8,0.4,10.6,12.0,0.8,0.19999999999999996
2020,Eifel Grand Prix,16,LEC,Ferrari,4.0,4.0,7.0,1,0,0,1,2020-10-11,53,0,13.2,10.2,0.4,0.4,11.4,12.4,0.6,0.4
2020,Eifel Grand Prix,27,HUL,Racing Point,20.0,20.0,8.0,1,0,0,1,2020-10-11,43,0,12.6,10.2,0.4,0.6,9.2,7.8,0.6,0.4
2020,Eifel Grand Prix,8,GRO,Haas F1 Team,16.0,16.0,9.0,1,0,0,1,2020-10-11,53,0,15.0,16.2,0.0,0.4,15.2,16.8,0.0,0.8
2020,Eifel Grand Prix,99,GIO,Alfa Romeo Racing,14.0,14.0,10.0,1,0,0,1,2020-10-11,33,0,15.6,18.0,0.0,0.8,13.4,17.0,0.2,0.6
2020,Eifel Grand Prix,5,VET,Ferrari,11.0,11.0,11.0,1,0,0,0,2020-10-11,53,0,12.6,14.2,0.4,0.6,8.8,9.8,0.8,0.19999999999999996
2020,Eifel Grand Prix,7,RAI,Alfa Romeo Racing,19.0,19.0,12.0,1,0,0,0,2020-10-11,53,0,12.4,15.4,0.2,0.4,12.2,16.2,0.4,0.6
2020,Eifel Grand Prix,20,MAG,Haas F1 Team,15.0,15.0,13.0,1,0,0,0,2020-10-11,53,0,15.8,17.8,0.0,0.8,13.2,17.0,0.2,0.6
2020,Eifel Grand Prix,6,LAT,Williams,18.0,18.0,14.0,1,0,0,0,2020-10-11,12,1,15.2,19.2,0.0,0.6,14.8,17.8,0.0,0.6
2020,Eifel Grand Prix,26,KVY,AlphaTauri,13.0,13.0,15.0,1,0,0,0,2020-10-11,33,0,9.4,11.6,0.6,0.19999999999999996,10.0,12.2,0.8,0.19999999999999996
2020,Eifel Grand Prix,4,NOR,McLaren,8.0,8.0,16.0,0,0,0,0,2020-10-11,33,0,8.4,8.6,0.8,0.4,12.6,8.8,0.4,0.6
2020,Eifel Grand Prix,23,ALB,Red Bull Racing,5.0,5.0,17.0,0,0,0,0,2020-10-11,33,0,8.4,6.8,0.8,0.19999999999999996,7.2,4.4,0.8,0.19999999999999996
2020,Eifel Grand Prix,31,OCO,Renault,7.0,7.0,18.0,0,0,0,0,2020-10-11,32,0,9.4,10.0,0.6,0.4,6.6,7.2,0.8,0.19999999999999996
2020,Eifel Grand Prix,77,BOT,Mercedes,1.0,1.0,19.0,0,0,0,0,2020-10-11,53,0,2.6,2.2,1.0,0.0,1.6,1.8,1.0,0.0
2020,Eifel Grand Prix,63,RUS,Williams,17.0,17.0,20.0,0,0,0,0,2020-10-11,33,0,15.8,16.8,0.0,0.6,14.8,17.6,0.0,0.6
2020,Portuguese Grand Prix,44,HAM,Mercedes,1.0,1.0,1.0,1,1,1,1,2020-10-25,54,0,2.6,1.2,1.0,0.0,5.2,1.8,0.8,0.19999999999999996
2020,Portuguese Grand Prix,77,BOT,Mercedes,2.0,2.0,2.0,1,1,1,1,2020-10-25,54,0,5.8,2.0,0.8,0.19999999999999996,5.0,1.6,0.8,0.19999999999999996
2020,Portuguese Grand Prix,33,VER,Red Bull Racing,3.0,3.0,3.0,1,1,1,1,2020-10-25,54,0,8.6,3.2,0.6,0.4,10.0,4.6,0.6,0.4
2020,Portuguese Grand Prix,16,LEC,Ferrari,4.0,4.0,4.0,1,0,1,1,2020-10-25,54,0,10.6,9.2,0.6,0.19999999999999996,9.4,11.0,0.6,0.19999999999999996
2020,Portuguese Grand Prix,10,GAS,AlphaTauri,9.0,9.0,5.0,0,0,1,1,2020-10-25,54,0,8.8,11.8,0.8,0.19999999999999996,11.6,12.4,0.6,0.19999999999999996
2020,Portuguese Grand Prix,55,SAI,McLaren,7.0,7.0,6.0,0,0,0,1,2020-10-25,54,0,12.8,7.0,0.4,0.6,14.6,8.2,0.2,0.8
2020,Portuguese Grand Prix,11,PER,Racing Point,5.0,5.0,7.0,0,0,0,1,2020-10-25,52,0,6.6,6.2,1.0,0.0,9.8,10.6,0.6,0.4
2020,Portuguese Grand Prix,31,OCO,Renault,11.0,11.0,8.0,0,0,0,1,2020-10-25,33,0,10.4,8.4,0.6,0.4,9.4,7.0,0.6,0.4
2020,Portuguese Grand Prix,3,RIC,Renault,10.0,10.0,9.0,0,0,0,1,2020-10-25,54,0,4.4,6.0,1.0,0.0,8.2,7.2,0.8,0.4
2020,Portuguese Grand Prix,5,VET,Ferrari,15.0,15.0,10.0,0,0,0,1,2020-10-25,54,0,13.4,14.2,0.2,0.4,8.2,9.0,0.6,0.19999999999999996
2020,Portuguese Grand Prix,7,RAI,Alfa Romeo Racing,16.0,16.0,11.0,0,0,0,0,2020-10-25,54,0,12.0,16.4,0.2,0.19999999999999996,12.8,17.4,0.2,0.6
2020,Portuguese Grand Prix,23,ALB,Red Bull Racing,6.0,6.0,12.0,0,0,0,0,2020-10-25,34,0,10.2,6.6,0.6,0.19999999999999996,6.8,4.6,0.8,0.19999999999999996
2020,Portuguese Grand Prix,4,NOR,McLaren,8.0,8.0,13.0,0,0,0,0,2020-10-25,34,0,9.6,8.6,0.6,0.4,12.2,7.8,0.4,0.8
2020,Portuguese Grand Prix,63,RUS,Williams,14.0,14.0,14.0,0,0,0,0,2020-10-25,34,0,16.4,16.6,0.0,0.6,16.6,17.4,0.0,0.8
2020,Portuguese Grand Prix,99,GIO,Alfa Romeo Racing,17.0,17.0,15.0,0,0,0,0,2020-10-25,34,0,14.4,16.8,0.2,0.6,11.6,17.2,0.2,0.6
2020,Portuguese Grand Prix,20,MAG,Haas F1 Team,19.0,19.0,16.0,0,0,0,0,2020-10-25,54,0,15.4,17.6,0.0,0.6,13.4,17.0,0.2,0.6
2020,Portuguese Grand Prix,8,GRO,Haas F1 Team,18.0,18.0,17.0,0,0,0,0,2020-10-25,54,0,13.0,16.0,0.2,0.19999999999999996,13.4,16.8,0.2,0.6
2020,Portuguese Grand Prix,6,LAT,Williams,20.0,20.0,18.0,0,0,0,0,2020-10-25,13,1,14.4,19.0,0.0,0.4,16.4,16.4,0.0,0.8
2020,Portuguese Grand Prix,26,KVY,AlphaTauri,13.0,13.0,19.0,0,0,0,0,2020-10-25,34,0,10.0,11.8,0.6,0.0,8.6,11.0,0.8,0.19999999999999996
2020,Portuguese Grand Prix,18,STR,Racing Point,12.0,12.0,20.0,0,0,0,0,2020-10-25,53,0,9.8,8.4,0.6,0.6,8.6,10.2,0.8,0.4
2020,Emilia Romagna Grand Prix,44,HAM,Mercedes,2.0,2.0,1.0,1,1,1,1,2020-11-01,55,0,2.6,1.2,1.0,0.0,5.2,1.4,0.8,0.19999999999999996
2020,Emilia Romagna Grand Prix,77,BOT,Mercedes,1.0,1.0,2.0,1,1,1,1,2020-11-01,55,0,5.8,2.0,0.8,0.19999999999999996,4.8,1.6,0.8,0.19999999999999996
2020,Emilia Romagna Grand Prix,3,RIC,Renault,5.0,5.0,3.0,1,1,1,1,2020-11-01,55,0,5.4,7.2,1.0,0.19999999999999996,9.0,8.2,0.8,0.6
2020,Emilia Romagna Grand Prix,26,KVY,AlphaTauri,8.0,8.0,4.0,1,0,1,1,2020-11-01,35,0,11.6,12.2,0.6,0.19999999999999996,10.8,11.2,0.6,0.4
2020,Emilia Romagna Grand Prix,16,LEC,Ferrari,7.0,7.0,5.0,1,0,1,1,2020-11-01,55,0,8.6,7.4,0.8,0.19999999999999996,9.0,9.8,0.6,0.4
2020,Emilia Romagna Grand Prix,11,PER,Racing Point,11.0,11.0,6.0,1,0,0,1,2020-11-01,53,0,6.0,5.6,1.0,0.19999999999999996,11.8,11.8,0.6,0.6
2020,Emilia Romagna Grand Prix,55,SAI,McLaren,10.0,10.0,7.0,1,0,0,1,2020-11-01,55,0,10.0,7.0,0.6,0.6,11.8,7.8,0.4,0.8
2020,Emilia Romagna Grand Prix,4,NOR,McLaren,9.0,9.0,8.0,1,0,0,1,2020-11-01,35,0,10.8,8.2,0.4,0.6,9.4,8.6,0.6,0.6
2020,Emilia Romagna Grand Prix,7,RAI,Alfa Romeo Racing,18.0,18.0,9.0,1,0,0,1,2020-11-01,55,0,11.8,16.4,0.2,0.4,12.4,17.2,0.2,0.6
2020,Emilia Romagna Grand Prix,99,GIO,Alfa Romeo Racing,20.0,20.0,10.0,1,0,0,1,2020-11-01,35,0,13.8,16.6,0.2,0.6,11.4,16.8,0.4,0.4
2020,Emilia Romagna Grand Prix,6,LAT,Williams,19.0,19.0,11.0,1,0,0,0,2020-11-01,14,1,14.8,19.2,0.0,0.6,16.8,16.6,0.0,0.8
2020,Emilia Romagna Grand Prix,5,VET,Ferrari,14.0,14.0,12.0,1,0,0,0,2020-11-01,55,0,12.8,14.4,0.4,0.6,7.4,8.2,0.8,0.19999999999999996
2020,Emilia Romagna Grand Prix,18,STR,Racing Point,15.0,15.0,13.0,1,0,0,0,2020-11-01,54,0,13.0,9.8,0.4,0.6,9.0,11.4,0.8,0.4
2020,Emilia Romagna Grand Prix,8,GRO,Haas F1 Team,16.0,16.0,14.0,1,0,0,0,2020-11-01,55,0,13.4,16.2,0.2,0.4,14.4,16.8,0.2,0.6
2020,Emilia Romagna Grand Prix,23,ALB,Red Bull Racing,6.0,6.0,15.0,1,0,0,0,2020-11-01,35,0,11.4,6.8,0.4,0.4,8.8,5.4,0.6,0.4
2020,Emilia Romagna Grand Prix,63,RUS,Williams,13.0,13.0,16.0,0,0,0,0,2020-11-01,35,0,15.4,16.4,0.0,0.6,15.4,17.6,0.0,0.6
2020,Emilia Romagna Grand Prix,33,VER,Red Bull Racing,3.0,3.0,17.0,0,0,0,0,2020-11-01,55,0,8.6,3.2,0.6,0.4,9.8,4.6,0.4,0.4
2020,Emilia Romagna Grand Prix,20,MAG,Haas F1 Team,17.0,17.0,18.0,0,0,0,0,2020-11-01,55,0,15.2,17.4,0.0,0.8,13.8,16.8,0.2,0.4
2020,Emilia Romagna Grand Prix,31,OCO,Renault,12.0,12.0,19.0,0,0,0,0,2020-11-01,34,0,11.0,9.4,0.6,0.6,8.2,7.8,0.8,0.6
2020,Emilia Romagna Grand Prix,10,GAS,AlphaTauri,4.0,4.0,20.0,0,0,0,0,2020-11-01,55,0,8.2,11.2,0.8,0.4,9.8,11.0,0.6,0.4
2020,Turkish Grand Prix,44,HAM,Mercedes,6.0,6.0,1.0,1,1,1,1,2020-11-15,56,0,1.4,1.4,1.0,0.0,5.0,1.4,0.8,0.19999999999999996
2020,Turkish Grand Prix,11,PER,Racing Point,3.0,3.0,2.0,1,1,1,1,2020-11-15,54,0,5.2,7.0,1.0,0.19999999999999996,10.8,12.6,0.6,0.4
2020,Turkish Grand Prix,5,VET,Ferrari,11.0,12.0,3.0,1,1,1,1,2020-11-15,56,0,11.2,13.8,0.4,0.4,8.4,10.2,0.6,0.19999999999999996
2020,Turkish Grand Prix,16,LEC,Ferrari,12.0,14.0,4.0,1,0,1,1,2020-11-15,56,0,6.0,6.2,1.0,0.0,6.8,10.4,0.8,0.19999999999999996
2020,Turkish Grand Prix,55,SAI,McLaren,15.0,13.0,5.0,1,0,1,1,2020-11-15,56,0,11.0,8.4,0.6,0.6,10.0,8.4,0.6,0.6
2020,Turkish Grand Prix,33,VER,Red Bull Racing,2.0,2.0,6.0,1,0,0,1,2020-11-15,56,0,8.6,2.8,0.6,0.4,12.8,4.6,0.2,0.6
2020,Turkish Grand Prix,23,ALB,Red Bull Racing,4.0,4.0,7.0,1,0,0,1,2020-11-15,36,0,11.4,6.2,0.4,0.4,10.6,4.0,0.4,0.4
2020,Turkish Grand Prix,4,NOR,McLaren,14.0,11.0,8.0,1,0,0,1,2020-11-15,36,0,11.6,8.8,0.4,0.6,7.8,9.4,0.8,0.4
2020,Turkish Grand Prix,18,STR,Racing Point,1.0,1.0,9.0,1,0,0,1,2020-11-15,55,0,13.8,11.0,0.2,0.6,9.6,9.2,0.6,0.4
2020,Turkish Grand Prix,3,RIC,Renault,5.0,5.0,10.0,1,0,0,1,2020-11-15,56,0,4.8,6.8,1.0,0.19999999999999996,11.4,9.0,0.6,0.8
2020,Turkish Grand Prix,31,OCO,Renault,7.0,7.0,11.0,0,0,0,0,2020-11-15,35,0,13.2,9.4,0.4,0.8,9.8,8.6,0.8,0.6
2020,Turkish Grand Prix,26,KVY,AlphaTauri,16.0,17.0,12.0,0,0,0,0,2020-11-15,36,0,10.6,11.6,0.6,0.19999999999999996,12.6,9.4,0.4,0.6
2020,Turkish Grand Prix,10,GAS,AlphaTauri,19.0,15.0,13.0,0,0,0,0,2020-11-15,56,0,12.0,10.0,0.6,0.6,12.0,10.2,0.4,0.8
2020,Turkish Grand Prix,77,BOT,Mercedes,9.0,9.0,14.0,0,0,0,0,2020-11-15,56,0,5.2,1.8,0.8,0.19999999999999996,1.4,2.4,1.0,0.0
2020,Turkish Grand Prix,7,RAI,Alfa Romeo Racing,8.0,8.0,15.0,0,0,0,0,2020-11-15,56,0,11.0,17.2,0.4,0.4,11.4,18.0,0.4,0.4
2020,Turkish Grand Prix,63,RUS,Williams,0.0,18.0,16.0,0,0,0,0,2020-11-15,36,0,15.8,15.2,0.0,0.8,15.8,16.6,0.0,0.8
2020,Turkish Grand Prix,20,MAG,Haas F1 Team,13.0,16.0,17.0,0,0,0,0,2020-11-15,56,0,15.0,17.8,0.0,0.8,15.6,17.0,0.0,0.6
2020,Turkish Grand Prix,8,GRO,Haas F1 Team,17.0,19.0,18.0,0,0,0,0,2020-11-15,56,0,13.8,16.2,0.2,0.4,16.4,17.2,0.0,0.8
2020,Turkish Grand Prix,6,LAT,Williams,0.0,20.0,19.0,0,0,0,0,2020-11-15,15,1,14.8,19.0,0.0,0.6,15.0,16.8,0.0,0.8
2020,Turkish Grand Prix,99,GIO,Alfa Romeo Racing,10.0,10.0,20.0,0,0,0,0,2020-11-15,36,0,12.6,17.0,0.4,0.6,12.0,15.8,0.4,0.6
2020,Bahrain Grand Prix,44,HAM,Mercedes,1.0,1.0,1.0,1,1,1,1,2020-11-29,57,0,1.4,2.4,1.0,0.0,4.0,4.0,0.8,0.19999999999999996
2020,Bahrain Grand Prix,33,VER,Red Bull Racing,3.0,3.0,2.0,1,1,1,1,2020-11-29,57,0,6.0,2.6,0.8,0.19999999999999996,11.4,4.2,0.4,0.4
2020,Bahrain Grand Prix,23,ALB,Red Bull Racing,4.0,4.0,3.0,1,1,1,1,2020-11-29,37,0,12.2,6.2,0.4,0.4,9.4,3.6,0.6,0.19999999999999996
2020,Bahrain Grand Prix,4,NOR,McLaren,9.0,9.0,4.0,1,0,1,1,2020-11-29,37,0,12.0,8.8,0.4,0.6,8.2,10.2,0.8,0.19999999999999996
2020,Bahrain Grand Prix,55,SAI,McLaren,15.0,15.0,5.0,1,0,1,1,2020-11-29,57,0,8.4,9.2,0.8,0.4,6.4,10.4,1.0,0.0
2020,Bahrain Grand Prix,10,GAS,AlphaTauri,8.0,8.0,6.0,1,0,0,1,2020-11-29,57,0,10.6,9.8,0.6,0.6,13.6,11.4,0.2,0.8
2020,Bahrain Grand Prix,3,RIC,Renault,6.0,6.0,7.0,1,0,0,1,2020-11-29,57,0,6.0,6.2,1.0,0.19999999999999996,10.4,7.8,0.6,0.6
2020,Bahrain Grand Prix,77,BOT,Mercedes,2.0,2.0,8.0,1,0,0,1,2020-11-29,57,0,7.6,3.2,0.6,0.4,3.8,3.8,0.8,0.19999999999999996
2020,Bahrain Grand Prix,31,OCO,Renault,7.0,7.0,9.0,1,0,0,1,2020-11-29,36,0,12.6,8.8,0.4,0.8,10.0,7.0,0.6,0.4
2020,Bahrain Grand Prix,16,LEC,Ferrari,12.0,12.0,10.0,0,0,0,1,2020-11-29,57,0,5.2,8.0,1.0,0.0,6.8,12.4,0.8,0.19999999999999996
2020,Bahrain Grand Prix,26,KVY,AlphaTauri,10.0,10.0,11.0,0,0,0,0,2020-11-29,37,0,11.6,12.6,0.4,0.4,11.0,10.4,0.4,0.6
2020,Bahrain Grand Prix,63,RUS,Williams,14.0,14.0,12.0,0,0,0,0,2020-11-29,37,0,16.8,15.2,0.0,1.0,16.0,18.0,0.0,0.8
2020,Bahrain Grand Prix,5,VET,Ferrari,11.0,11.0,13.0,0,0,0,0,2020-11-29,57,0,9.8,13.4,0.4,0.4,6.8,11.8,0.8,0.19999999999999996
2020,Bahrain Grand Prix,6,LAT,Williams,20.0,20.0,14.0,0,0,0,0,2020-11-29,16,1,15.6,19.2,0.0,0.6,14.8,16.8,0.0,0.8
2020,Bahrain Grand Prix,7,RAI,Alfa Romeo Racing,17.0,17.0,15.0,0,0,0,0,2020-11-29,57,0,12.2,16.2,0.2,0.6,13.8,14.6,0.4,0.6
2020,Bahrain Grand Prix,99,GIO,Alfa Romeo Racing,16.0,16.0,16.0,0,0,0,0,2020-11-29,37,0,13.2,15.6,0.4,0.6,13.8,14.6,0.4,0.6
2020,Bahrain Grand Prix,20,MAG,Haas F1 Team,18.0,18.0,17.0,0,0,0,0,2020-11-29,57,0,15.2,17.0,0.0,0.8,16.8,17.2,0.0,0.8
2020,Bahrain Grand Prix,11,PER,Racing Point,5.0,5.0,18.0,0,0,0,0,2020-11-29,55,0,4.6,6.4,1.0,0.19999999999999996,10.0,8.4,0.6,0.19999999999999996
2020,Bahrain Grand Prix,18,STR,Racing Point,13.0,13.0,19.0,0,0,0,0,2020-11-29,56,0,15.0,9.6,0.2,0.6,9.6,7.0,0.6,0.19999999999999996
2020,Bahrain Grand Prix,8,GRO,Haas F1 Team,19.0,19.0,20.0,0,0,0,0,2020-11-29,57,0,15.0,17.0,0.2,0.6,16.8,17.2,0.0,0.8
2020,Sakhir Grand Prix,11,PER,Racing Point,5.0,5.0,1.0,1,1,1,1,2020-12-06,56,0,7.4,6.6,0.8,0.4,12.2,7.4,0.4,0.4
2020,Sakhir Grand Prix,31,OCO,Renault,11.0,11.0,2.0,1,1,1,1,2020-12-06,37,0,13.0,8.8,0.4,0.8,11.2,7.4,0.6,0.4
2020,Sakhir Grand Prix,18,STR,Racing Point,10.0,10.0,3.0,1,1,1,1,2020-12-06,57,0,16.2,10.8,0.2,0.6,9.8,5.4,0.6,0.4
2020,Sakhir Grand Prix,55,SAI,McLaren,8.0,8.0,4.0,1,0,1,1,2020-12-06,58,0,5.6,11.0,1.0,0.19999999999999996,6.0,11.4,1.0,0.0
2020,Sakhir Grand Prix,3,RIC,Renault,7.0,7.0,5.0,1,0,1,1,2020-12-06,58,0,6.4,6.4,1.0,0.19999999999999996,7.8,7.2,0.8,0.19999999999999996
2020,Sakhir Grand Prix,23,ALB,Red Bull Racing,12.0,12.0,6.0,1,0,0,1,2020-12-06,38,0,10.8,5.0,0.4,0.4,7.0,3.2,0.8,0.19999999999999996
2020,Sakhir Grand Prix,26,KVY,AlphaTauri,6.0,6.0,7.0,1,0,0,1,2020-12-06,38,0,12.2,12.2,0.2,0.6,12.4,10.8,0.2,0.8
2020,Sakhir Grand Prix,77,BOT,Mercedes,1.0,1.0,8.0,1,0,0,1,2020-12-06,58,0,9.0,3.0,0.6,0.4,5.2,3.8,0.8,0.19999999999999996
2020,Sakhir Grand Prix,63,RUS,Mercedes,2.0,2.0,9.0,1,0,0,1,2020-12-06,38,0,15.6,15.2,0.0,1.0,6.4,3.8,0.8,0.19999999999999996
2020,Sakhir Grand Prix,4,NOR,McLaren,19.0,15.0,10.0,1,0,0,1,2020-12-06,38,0,9.8,9.0,0.6,0.4,5.2,11.2,1.0,0.0
2020,Sakhir Grand Prix,10,GAS,AlphaTauri,9.0,9.0,11.0,1,0,0,0,2020-12-06,58,0,10.0,9.6,0.6,0.6,9.8,11.2,0.4,0.6
2020,Sakhir Grand Prix,5,VET,Ferrari,13.0,13.0,12.0,1,0,0,0,2020-12-06,58,0,9.8,12.6,0.4,0.4,8.4,12.6,0.6,0.4
2020,Sakhir Grand Prix,99,GIO,Alfa Romeo Racing,14.0,14.0,13.0,1,0,0,0,2020-12-06,38,0,14.2,15.4,0.4,0.6,15.2,14.2,0.2,0.8
2020,Sakhir Grand Prix,7,RAI,Alfa Romeo Racing,18.0,19.0,14.0,1,0,0,0,2020-12-06,58,0,12.4,15.6,0.2,0.6,15.8,13.0,0.0,0.8
2020,Sakhir Grand Prix,20,MAG,Haas F1 Team,15.0,16.0,15.0,1,0,0,0,2020-12-06,58,0,16.2,17.0,0.0,0.8,18.0,17.8,0.0,1.0
2020,Sakhir Grand Prix,89,AIT,Williams,17.0,18.0,16.0,1,0,0,0,2020-12-06,0,1,15.4,17.0,0.0,1.0,15.4,17.0,0.0,1.0
2020,Sakhir Grand Prix,51,FIT,Haas F1 Team,20.0,20.0,17.0,1,0,0,0,2020-12-06,0,1,17.4,17.6,0.0,0.8,17.4,17.6,0.0,0.8
2020,Sakhir Grand Prix,6,LAT,Williams,16.0,17.0,18.0,0,0,0,0,2020-12-06,17,1,15.2,19.4,0.0,0.6,15.4,18.0,0.0,0.8
2020,Sakhir Grand Prix,33,VER,Red Bull Racing,3.0,3.0,19.0,0,0,0,0,2020-12-06,58,0,6.0,2.8,0.8,0.19999999999999996,4.8,5.0,1.0,0.0
2020,Sakhir Grand Prix,16,LEC,Ferrari,4.0,4.0,20.0,0,0,0,0,2020-12-06,58,0,6.0,8.2,1.0,0.19999999999999996,8.4,12.4,0.6,0.4
2020,Abu Dhabi Grand Prix,33,VER,Red Bull Racing,1.0,1.0,1.0,1,1,1,1,2020-12-13,59,0,9.4,2.8,0.6,0.4,7.4,5.2,0.8,0.19999999999999996
2020,Abu Dhabi Grand Prix,77,BOT,Mercedes,2.0,2.0,2.0,1,1,1,1,2020-12-13,59,0,6.8,3.0,0.8,0.19999999999999996,8.0,3.0,0.8,0.19999999999999996
2020,Abu Dhabi Grand Prix,44,HAM,Mercedes,3.0,3.0,3.0,1,1,1,1,2020-12-13,58,0,1.0,2.4,1.0,0.0,5.6,1.6,1.0,0.0
2020,Abu Dhabi Grand Prix,23,ALB,Red Bull Racing,5.0,5.0,4.0,1,0,1,1,2020-12-13,39,0,8.6,6.4,0.6,0.19999999999999996,6.2,4.6,0.8,0.19999999999999996
2020,Abu Dhabi Grand Prix,4,NOR,McLaren,4.0,4.0,5.0,1,0,1,1,2020-12-13,39,0,8.6,10.4,0.8,0.19999999999999996,6.2,11.6,1.0,0.0
2020,Abu Dhabi Grand Prix,55,SAI,McLaren,6.0,6.0,6.0,1,0,0,1,2020-12-13,59,0,5.4,10.6,1.0,0.19999999999999996,5.6,10.2,1.0,0.0
2020,Abu Dhabi Grand Prix,3,RIC,Renault,11.0,12.0,7.0,1,0,0,1,2020-12-13,59,0,6.8,6.6,1.0,0.19999999999999996,6.8,7.6,0.8,0.19999999999999996
2020,Abu Dhabi Grand Prix,10,GAS,AlphaTauri,9.0,10.0,8.0,1,0,0,1,2020-12-13,59,0,11.0,9.0,0.4,0.6,9.6,9.6,0.4,0.4
2020,Abu Dhabi Grand Prix,31,OCO,Renault,10.0,11.0,9.0,1,0,0,1,2020-12-13,38,0,9.8,9.6,0.6,0.6,6.0,8.6,1.0,0.0
2020,Abu Dhabi Grand Prix,18,STR,Racing Point,8.0,8.0,10.0,1,0,0,1,2020-12-13,58,0,12.8,10.2,0.4,0.4,10.0,6.8,0.6,0.4
2020,Abu Dhabi Grand Prix,26,KVY,AlphaTauri,7.0,7.0,11.0,0,0,0,0,2020-12-13,39,0,10.6,10.8,0.4,0.6,8.6,8.6,0.6,0.19999999999999996
2020,Abu Dhabi Grand Prix,7,RAI,Alfa Romeo Racing,15.0,16.0,12.0,0,0,0,0,2020-12-13,59,0,12.8,15.6,0.2,0.6,15.6,15.2,0.0,0.6
2020,Abu Dhabi Grand Prix,16,LEC,Ferrari,12.0,9.0,13.0,0,0,0,0,2020-12-13,59,0,8.6,8.2,0.8,0.4,11.8,10.8,0.4,0.6
2020,Abu Dhabi Grand Prix,5,VET,Ferrari,13.0,13.0,14.0,0,0,0,0,2020-12-13,59,0,10.0,13.0,0.4,0.4,13.6,9.8,0.2,0.8
2020,Abu Dhabi Grand Prix,63,RUS,Williams,16.0,18.0,15.0,0,0,0,0,2020-12-13,39,0,13.4,12.2,0.2,0.8,15.8,17.8,0.0,0.8
2020,Abu Dhabi Grand Prix,99,GIO,Alfa Romeo Racing,14.0,14.0,16.0,0,0,0,0,2020-12-13,39,0,14.8,15.4,0.2,0.6,14.0,16.4,0.0,0.6
2020,Abu Dhabi Grand Prix,6,LAT,Williams,18.0,20.0,17.0,0,0,0,0,2020-12-13,18,1,16.0,19.2,0.0,0.8,15.0,17.4,0.0,0.8
2020,Abu Dhabi Grand Prix,20,MAG,Haas F1 Team,20.0,17.0,18.0,0,0,0,0,2020-12-13,59,0,16.6,17.2,0.0,0.8,17.4,18.4,0.0,0.6
2020,Abu Dhabi Grand Prix,51,FIT,Haas F1 Team,17.0,19.0,19.0,0,0,0,0,2020-12-13,1,1,17.0,20.0,0.0,0.0,17.4,18.0,0.0,0.6
2020,Abu Dhabi Grand Prix,11,PER,Racing Point,19.0,15.0,20.0,0,0,0,0,2020-12-13,57,0,6.8,5.8,0.8,0.4,10.2,8.2,0.6,0.4
2021,Pre-Season Test,33,VER,Red Bull Racing,1.0,1.0,1.0,1,1,1,1,2021-03-14,60,0,9.0,2.4,0.6,0.4,6.6,5.0,0.8,0.19999999999999996
2021,Pre-Season Test,44,HAM,Mercedes,2.0,2.0,2.0,1,1,1,1,2021-03-14,59,0,1.4,2.6,1.0,0.0,6.0,2.0,1.0,0.0
2021,Pre-Season Test,11,PER,Red Bull Racing,3.0,3.0,3.0,1,1,1,1,2021-03-14,58,0,9.4,7.8,0.6,0.4,6.2,4.4,0.8,0.19999999999999996
2021,Pre-Season Test,16,LEC,Ferrari,4.0,5.0,4.0,1,0,1,1,2021-03-14,60,0,10.4,9.2,0.6,0.6,14.4,10.0,0.0,0.8
2021,Pre-Season Test,3,RIC,McLaren,6.0,7.0,5.0,1,0,1,1,2021-03-14,60,0,6.4,7.0,1.0,0.0,6.0,9.6,1.0,0.0
2021,Pre-Season Test,77,BOT,Mercedes,9.0,4.0,6.0,1,0,0,1,2021-03-14,60,0,6.8,3.0,0.8,0.19999999999999996,4.8,2.0,1.0,0.0
2021,Pre-Season Test,55,SAI,Ferrari,5.0,6.0,7.0,1,0,0,1,2021-03-14,60,0,5.4,10.4,1.0,0.0,12.6,8.8,0.2,0.6
2021,Pre-Season Test,4,NOR,McLaren,7.0,8.0,8.0,1,0,0,1,2021-03-14,40,0,7.0,9.6,1.0,0.0,6.0,8.0,1.0,0.0
2021,Pre-Season Test,22,TSU,AlphaTauri,10.0,10.0,9.0,0,0,0,1,2021-03-14,0,1,9.6,8.4,0.4,0.4,9.6,8.4,0.4,0.4
2021,Pre-Season Test,5,VET,Aston Martin,18.0,12.0,10.0,0,0,0,1,2021-03-14,60,0,10.8,12.6,0.2,0.4,10.46767559177338,10.466084656084657,0.5013969732246799,0.4282353511835468
2021,Pre-Season Test,99,GIO,Alfa Romeo Racing,12.0,13.0,11.0,0,0,0,0,2021-03-14,40,0,15.0,14.8,0.2,0.6,14.2,15.8,0.0,0.6
2021,Pre-Season Test,18,STR,Aston Martin,13.0,16.0,12.0,0,0,0,0,2021-03-14,59,0,10.8,9.4,0.6,0.19999999999999996,10.0,12.0,1.0,1.0
2021,Pre-Season Test,7,RAI,Alfa Romeo Racing,15.0,18.0,13.0,0,0,0,0,2021-03-14,60,0,13.0,15.6,0.2,0.6,13.2,15.2,0.0,0.6
2021,Pre-Season Test,63,RUS,Williams,20.0,15.0,14.0,0,0,0,0,2021-03-14,40,0,13.6,13.0,0.2,0.8,16.0,18.6,0.0,0.8
2021,Pre-Season Test,6,LAT,Williams,14.0,17.0,15.0,0,0,0,0,2021-03-14,19,0,15.8,19.2,0.0,0.8,16.0,17.6,0.0,0.8
2021,Pre-Season Test,47,MSC,Haas F1 Team,16.0,19.0,16.0,0,0,0,0,2021-03-14,0,1,17.8,18.2,0.0,0.6,17.8,18.2,0.0,0.6
2021,Pre-Season Test,9,MAZ,Haas F1 Team,17.0,20.0,17.0,0,0,0,0,2021-03-14,20,0,14.6,15.25,0.2,1.0,17.0,18.2,0.0,0.6
2021,Pre-Season Test,14,ALO,Alpine,19.0,14.0,18.0,0,0,0,0,2021-03-14,20,0,14.8,16.5,0.0,1.0,10.46767559177338,10.466084656084657,0.5013969732246799,0.4282353511835468
2021,Pre-Season Test,31,OCO,Alpine,11.0,11.0,19.0,0,0,0,0,2021-03-14,39,0,10.0,9.6,0.6,0.4,18.0,14.0,0.0,1.0
2021,Pre-Season Test,10,GAS,AlphaTauri,8.0,9.0,20.0,0,0,0,0,2021-03-14,60,0,11.6,9.2,0.4,0.4,9.2,8.4,0.6,0.4
2021,Bahrain Grand Prix,44,HAM,Mercedes,2.0,2.0,1.0,1,1,1,1,2021-03-28,60,0,1.6,2.8,1.0,0.0,4.4,2.6,1.0,0.0
2021,Bahrain Grand Prix,33,VER,Red Bull Racing,1.0,1.0,2.0,1,1,1,1,2021-03-28,61,0,5.8,2.0,0.8,0.19999999999999996,5.6,2.6,0.8,0.19999999999999996
2021,Bahrain Grand Prix,77,BOT,Mercedes,3.0,3.0,3.0,1,1,1,1,2021-03-28,61,0,7.6,3.6,0.8,0.19999999999999996,2.8,2.6,1.0,0.0
2021,Bahrain Grand Prix,4,NOR,McLaren,7.0,7.0,4.0,1,0,1,1,2021-03-28,41,0,7.0,9.4,1.0,0.0,6.8,8.0,1.0,0.0
2021,Bahrain Grand Prix,11,PER,Red Bull Racing,0.0,11.0,5.0,1,0,1,1,2021-03-28,59,0,8.8,6.2,0.6,0.4,2.2,2.2,1.0,0.0
2021,Bahrain Grand Prix,16,LEC,Ferrari,4.0,4.0,6.0,1,0,0,1,2021-03-28,61,0,10.2,8.8,0.6,0.6,11.6,7.4,0.4,0.6
2021,Bahrain Grand Prix,3,RIC,McLaren,6.0,6.0,7.0,1,0,0,1,2021-03-28,61,0,6.8,7.4,1.0,0.0,5.6,6.4,1.0,0.0
2021,Bahrain Grand Prix,55,SAI,Ferrari,8.0,8.0,8.0,1,0,0,1,2021-03-28,61,0,5.4,9.6,1.0,0.0,8.8,7.4,0.6,0.4
2021,Bahrain Grand Prix,22,TSU,AlphaTauri,13.0,13.0,9.0,1,0,0,1,2021-03-28,1,1,9.0,10.0,1.0,1.0,11.8,9.0,0.4,0.6
2021,Bahrain Grand Prix,18,STR,Aston Martin,10.0,10.0,10.0,1,0,0,1,2021-03-28,60,0,10.6,9.6,0.6,0.4,11.0,14.0,0.5,1.0
2021,Bahrain Grand Prix,7,RAI,Alfa Romeo Racing,14.0,14.0,11.0,1,0,0,0,2021-03-28,61,0,13.8,15.6,0.0,0.8,13.2,16.0,0.0,0.8
2021,Bahrain Grand Prix,99,GIO,Alfa Romeo Racing,12.0,12.0,12.0,0,0,0,0,2021-03-28,41,0,15.2,13.4,0.0,0.8,12.6,15.0,0.0,0.8
2021,Bahrain Grand Prix,31,OCO,Alpine,16.0,16.0,13.0,0,0,0,0,2021-03-28,40,0,10.0,9.4,0.6,0.4,18.5,12.5,0.0,1.0
2021,Bahrain Grand Prix,63,RUS,Williams,15.0,15.0,14.0,0,0,0,0,2021-03-28,41,0,13.2,13.4,0.2,0.8,15.8,17.4,0.0,1.0
2021,Bahrain Grand Prix,5,VET,Aston Martin,20.0,18.0,15.0,0,0,0,0,2021-03-28,61,0,10.4,12.2,0.4,0.6,10.666666666666666,12.666666666666666,0.6666666666666666,0.6666666666666667
2021,Bahrain Grand Prix,47,MSC,Haas F1 Team,18.0,19.0,16.0,0,0,0,0,2021-03-28,1,1,16.0,19.0,0.0,1.0,17.4,19.0,0.0,0.8
2021,Bahrain Grand Prix,10,GAS,AlphaTauri,5.0,5.0,17.0,0,0,0,0,2021-03-28,61,0,11.6,10.2,0.4,0.4,11.4,9.8,0.6,0.6
2021,Bahrain Grand Prix,6,LAT,Williams,17.0,17.0,18.0,0,0,0,0,2021-03-28,20,0,16.6,18.8,0.0,1.0,15.0,17.0,0.0,1.0
2021,Bahrain Grand Prix,14,ALO,Alpine,9.0,9.0,19.0,0,0,0,0,2021-03-28,21,0,15.6,15.75,0.0,1.0,16.666666666666668,13.666666666666666,0.0,1.0
2021,Bahrain Grand Prix,9,MAZ,Haas F1 Team,19.0,20.0,20.0,0,0,0,0,2021-03-28,21,0,15.4,17.75,0.2,1.0,17.2,18.8,0.0,1.0
2021,Emilia Romagna Grand Prix,33,VER,Red Bull Racing,3.0,3.0,1.0,1,1,1,1,2021-04-18,62,0,5.0,1.8,0.8,0.19999999999999996,3.0,4.2,1.0,0.0
2021,Emilia Romagna Grand Prix,44,HAM,Mercedes,1.0,1.0,2.0,1,1,1,1,2021-04-18,61,0,1.6,2.8,1.0,0.0,3.0,2.8,1.0,0.0
2021,Emilia Romagna Grand Prix,4,NOR,McLaren,7.0,7.0,3.0,1,1,1,1,2021-04-18,42,0,6.2,8.6,1.0,0.0,6.0,6.8,1.0,0.0
2021,Emilia Romagna Grand Prix,16,LEC,Ferrari,4.0,4.0,4.0,1,0,1,1,2021-04-18,62,0,10.6,6.8,0.6,0.6,7.8,7.2,0.8,0.19999999999999996
2021,Emilia Romagna Grand Prix,55,SAI,Ferrari,11.0,11.0,5.0,1,0,1,1,2021-04-18,62,0,6.0,8.6,1.0,0.0,5.8,5.4,1.0,0.0
2021,Emilia Romagna Grand Prix,3,RIC,McLaren,6.0,6.0,6.0,1,0,0,1,2021-04-18,62,0,6.2,7.6,1.0,0.0,5.4,7.0,1.0,0.0
2021,Emilia Romagna Grand Prix,10,GAS,AlphaTauri,5.0,5.0,7.0,1,0,0,1,2021-04-18,62,0,12.4,8.2,0.4,0.4,13.2,8.8,0.4,0.8
2021,Emilia Romagna Grand Prix,18,STR,Aston Martin,10.0,10.0,8.0,1,0,0,1,2021-04-18,61,0,10.8,11.4,0.6,0.4,11.75,14.0,0.5,0.75
2021,Emilia Romagna Grand Prix,31,OCO,Alpine,9.0,9.0,9.0,1,0,0,1,2021-04-18,41,0,10.4,11.2,0.6,0.4,17.25,12.5,0.0,1.0
2021,Emilia Romagna Grand Prix,14,ALO,Alpine,15.0,15.0,10.0,1,0,0,1,2021-04-18,22,0,16.6,13.5,0.0,1.0,15.6,11.8,0.2,0.8
2021,Emilia Romagna Grand Prix,11,PER,Red Bull Racing,2.0,2.0,11.0,1,0,0,0,2021-04-18,60,0,9.4,7.8,0.6,0.4,2.4,3.8,1.0,0.0
2021,Emilia Romagna Grand Prix,22,TSU,AlphaTauri,20.0,20.0,12.0,1,0,0,0,2021-04-18,2,1,9.0,11.5,1.0,0.5,12.4,8.4,0.6,0.6
2021,Emilia Romagna Grand Prix,7,RAI,Alfa Romeo Racing,16.0,16.0,13.0,1,0,0,0,2021-04-18,62,0,13.0,16.8,0.0,0.6,12.6,14.2,0.0,0.8
2021,Emilia Romagna Grand Prix,99,GIO,Alfa Romeo Racing,17.0,17.0,14.0,0,0,0,0,2021-04-18,42,0,13.6,13.8,0.0,0.8,12.0,14.6,0.0,0.6
2021,Emilia Romagna Grand Prix,5,VET,Aston Martin,0.0,13.0,15.0,0,0,0,0,2021-04-18,62,0,12.8,13.4,0.2,0.8,11.0,13.2,0.6,0.6
2021,Emilia Romagna Grand Prix,47,MSC,Haas F1 Team,18.0,18.0,16.0,0,0,0,0,2021-04-18,2,1,16.0,19.0,0.0,1.0,17.6,19.4,0.0,1.0
2021,Emilia Romagna Grand Prix,9,MAZ,Haas F1 Team,19.0,19.0,17.0,0,0,0,0,2021-04-18,22,0,17.0,17.75,0.2,1.0,17.0,19.2,0.0,1.0
2021,Emilia Romagna Grand Prix,77,BOT,Mercedes,8.0,8.0,18.0,0,0,0,0,2021-04-18,62,0,5.4,2.4,1.0,0.0,2.8,2.4,1.0,0.0
2021,Emilia Romagna Grand Prix,63,RUS,Williams,12.0,12.0,19.0,0,0,0,0,2021-04-18,42,0,12.8,12.8,0.2,0.8,15.6,16.8,0.0,1.0
2021,Emilia Romagna Grand Prix,6,LAT,Williams,14.0,14.0,20.0,0,0,0,0,2021-04-18,21,0,16.4,18.2,0.0,1.0,16.0,15.2,0.0,1.0
2021,Portuguese Grand Prix,44,HAM,Mercedes,2.0,2.0,1.0,1,1,1,1,2021-05-02,62,0,1.8,1.8,1.0,0.0,6.0,3.6,0.8,0.19999999999999996
2021,Portuguese Grand Prix,33,VER,Red Bull Racing,3.0,3.0,2.0,1,1,1,1,2021-05-02,63,0,4.8,1.8,0.8,0.19999999999999996,4.4,4.0,0.8,0.0
2021,Portuguese Grand Prix,77,BOT,Mercedes,1.0,1.0,3.0,1,1,1,1,2021-05-02,63,0,7.4,3.6,0.8,0.19999999999999996,5.0,3.2,0.8,0.19999999999999996
2021,Portuguese Grand Prix,11,PER,Red Bull Racing,4.0,4.0,4.0,1,0,1,1,2021-05-02,61,0,8.0,7.2,0.6,0.19999999999999996,4.2,4.0,0.8,0.0
2021,Portuguese Grand Prix,4,NOR,McLaren,7.0,7.0,5.0,1,0,1,1,2021-05-02,43,0,6.0,8.2,1.0,0.0,5.6,6.8,1.0,0.0
2021,Portuguese Grand Prix,16,LEC,Ferrari,8.0,8.0,6.0,1,0,0,1,2021-05-02,63,0,9.4,5.2,0.6,0.4,6.0,6.6,1.0,0.0
2021,Portuguese Grand Prix,31,OCO,Alpine,6.0,6.0,7.0,1,0,0,1,2021-05-02,42,0,10.4,11.6,0.6,0.4,14.0,12.0,0.4,0.6
2021,Portuguese Grand Prix,14,ALO,Alpine,13.0,13.0,8.0,1,0,0,1,2021-05-02,23,0,15.0,13.25,0.2,0.8,11.6,11.0,0.6,0.4
2021,Portuguese Grand Prix,3,RIC,McLaren,16.0,16.0,9.0,1,0,0,1,2021-05-02,63,0,6.0,7.6,1.0,0.0,5.0,6.6,1.0,0.0
2021,Portuguese Grand Prix,10,GAS,AlphaTauri,9.0,9.0,10.0,1,0,0,1,2021-05-02,63,0,12.6,7.6,0.4,0.4,13.0,10.4,0.4,0.4
2021,Portuguese Grand Prix,55,SAI,Ferrari,5.0,5.0,11.0,1,0,0,0,2021-05-02,63,0,6.0,7.8,1.0,0.0,5.8,7.0,1.0,0.0
2021,Portuguese Grand Prix,99,GIO,Alfa Romeo Racing,12.0,12.0,12.0,0,0,0,0,2021-05-02,43,0,13.2,14.0,0.0,0.8,12.6,15.4,0.0,0.6
2021,Portuguese Grand Prix,5,VET,Aston Martin,10.0,10.0,13.0,0,0,0,0,2021-05-02,63,0,13.2,13.8,0.2,0.8,12.0,13.4,0.4,0.6
2021,Portuguese Grand Prix,18,STR,Aston Martin,17.0,17.0,14.0,0,0,0,0,2021-05-02,62,0,8.6,10.8,0.8,0.19999999999999996,12.2,12.2,0.4,0.6
2021,Portuguese Grand Prix,22,TSU,AlphaTauri,14.0,14.0,15.0,0,0,0,0,2021-05-02,3,1,10.0,14.333333333333334,0.6666666666666666,0.33333333333333337,11.0,10.4,0.6,0.19999999999999996
2021,Portuguese Grand Prix,63,RUS,Williams,11.0,11.0,16.0,0,0,0,0,2021-05-02,43,0,14.2,12.4,0.2,0.8,17.2,15.0,0.0,1.0
2021,Portuguese Grand Prix,47,MSC,Haas F1 Team,19.0,19.0,17.0,0,0,0,0,2021-05-02,3,1,16.0,18.666666666666668,0.0,1.0,17.2,19.2,0.0,1.0
2021,Portuguese Grand Prix,6,LAT,Williams,18.0,18.0,18.0,0,0,0,0,2021-05-02,22,0,17.6,17.0,0.0,1.0,17.4,13.8,0.0,1.0
2021,Portuguese Grand Prix,9,MAZ,Haas F1 Team,20.0,20.0,19.0,0,0,0,0,2021-05-02,23,0,18.4,17.75,0.0,1.0,17.2,19.0,0.0,1.0
2021,Portuguese Grand Prix,7,RAI,Alfa Romeo Racing,15.0,15.0,20.0,0,0,0,0,2021-05-02,63,0,12.6,16.6,0.0,0.4,12.4,14.2,0.0,0.6
2021,Spanish Grand Prix,44,HAM,Mercedes,1.0,1.0,1.0,1,1,1,1,2021-05-09,63,0,1.8,2.0,1.0,0.0,5.4,3.0,0.8,0.19999999999999996
2021,Spanish Grand Prix,33,VER,Red Bull Racing,2.0,2.0,2.0,1,1,1,1,2021-05-09,64,0,1.4,1.8,1.0,0.0,4.6,4.6,0.8,0.0
2021,Spanish Grand Prix,77,BOT,Mercedes,3.0,3.0,3.0,1,1,1,1,2021-05-09,64,0,6.4,3.6,0.8,0.19999999999999996,5.0,2.6,0.8,0.19999999999999996
2021,Spanish Grand Prix,16,LEC,Ferrari,4.0,4.0,4.0,1,0,1,1,2021-05-09,64,0,6.6,6.0,0.8,0.19999999999999996,6.8,7.2,0.8,0.0
2021,Spanish Grand Prix,11,PER,Red Bull Racing,8.0,8.0,5.0,1,0,1,1,2021-05-09,62,0,8.6,7.0,0.6,0.19999999999999996,4.0,2.8,0.8,0.0
2021,Spanish Grand Prix,3,RIC,McLaren,7.0,7.0,6.0,1,0,0,1,2021-05-09,64,0,6.8,9.4,1.0,0.0,6.0,8.4,1.0,0.0
2021,Spanish Grand Prix,55,SAI,Ferrari,6.0,6.0,7.0,1,0,0,1,2021-05-09,64,0,7.4,7.2,0.8,0.0,6.0,6.4,0.8,0.0
2021,Spanish Grand Prix,4,NOR,McLaren,9.0,9.0,8.0,0,0,0,1,2021-05-09,44,0,5.0,6.6,1.0,0.0,5.8,8.6,1.0,0.0
2021,Spanish Grand Prix,31,OCO,Alpine,5.0,5.0,9.0,0,0,0,1,2021-05-09,43,0,11.4,10.6,0.6,0.4,10.6,10.4,0.8,0.19999999999999996
2021,Spanish Grand Prix,10,GAS,AlphaTauri,12.0,12.0,10.0,0,0,0,1,2021-05-09,64,0,12.4,7.6,0.6,0.4,12.2,10.6,0.4,0.4
2021,Spanish Grand Prix,18,STR,Aston Martin,11.0,11.0,11.0,0,0,0,0,2021-05-09,63,0,10.8,12.2,0.6,0.4,13.0,13.6,0.2,0.8
2021,Spanish Grand Prix,7,RAI,Alfa Romeo Racing,17.0,17.0,12.0,0,0,0,0,2021-05-09,64,0,13.8,15.8,0.0,0.6,14.2,14.4,0.0,0.8
2021,Spanish Grand Prix,5,VET,Aston Martin,13.0,13.0,13.0,0,0,0,0,2021-05-09,64,0,13.4,13.2,0.2,1.0,12.2,12.2,0.2,0.8
2021,Spanish Grand Prix,63,RUS,Williams,15.0,15.0,14.0,0,0,0,0,2021-05-09,44,0,15.6,14.2,0.0,1.0,18.2,14.4,0.0,1.0
2021,Spanish Grand Prix,99,GIO,Alfa Romeo Racing,14.0,14.0,15.0,0,0,0,0,2021-05-09,44,0,13.0,13.6,0.0,1.0,14.2,15.4,0.0,0.8
2021,Spanish Grand Prix,6,LAT,Williams,19.0,19.0,16.0,0,0,0,0,2021-05-09,23,0,17.6,17.2,0.0,1.0,17.4,14.0,0.0,1.0
2021,Spanish Grand Prix,14,ALO,Alpine,10.0,10.0,17.0,0,0,0,0,2021-05-09,24,0,13.2,13.2,0.4,0.6,8.6,9.6,1.0,0.19999999999999996
2021,Spanish Grand Prix,47,MSC,Haas F1 Team,18.0,18.0,18.0,0,0,0,0,2021-05-09,4,1,16.25,18.75,0.0,1.0,17.8,19.2,0.0,1.0
2021,Spanish Grand Prix,9,MAZ,Haas F1 Team,20.0,20.0,19.0,0,0,0,0,2021-05-09,24,0,18.2,18.2,0.0,1.0,17.4,18.8,0.0,1.0
2021,Spanish Grand Prix,22,TSU,AlphaTauri,16.0,16.0,20.0,0,0,0,0,2021-05-09,4,1,11.25,14.25,0.5,0.5,10.8,12.0,0.6,0.4
2021,Monaco Grand Prix,33,VER,Red Bull Racing,2.0,2.0,1.0,1,1,1,1,2021-05-23,65,0,1.6,2.0,1.0,0.0,4.8,3.8,0.8,0.0
2021,Monaco Grand Prix,55,SAI,Ferrari,4.0,4.0,2.0,1,1,1,1,2021-05-23,65,0,7.6,7.2,0.8,0.0,6.6,6.8,0.8,0.0
2021,Monaco Grand Prix,4,NOR,McLaren,5.0,5.0,3.0,1,1,1,1,2021-05-23,45,0,5.6,7.6,1.0,0.19999999999999996,6.8,9.0,1.0,0.19999999999999996
2021,Monaco Grand Prix,11,PER,Red Bull Racing,9.0,9.0,4.0,1,0,1,1,2021-05-23,63,0,5.6,5.6,0.8,0.0,2.8,3.8,1.0,0.0
2021,Monaco Grand Prix,5,VET,Aston Martin,8.0,8.0,5.0,1,0,1,1,2021-05-23,65,0,13.2,13.2,0.2,1.0,13.2,12.8,0.0,1.0
2021,Monaco Grand Prix,10,GAS,AlphaTauri,6.0,6.0,6.0,1,0,0,1,2021-05-23,65,0,12.8,8.0,0.6,0.6,13.4,14.2,0.4,0.6
2021,Monaco Grand Prix,44,HAM,Mercedes,7.0,7.0,7.0,1,0,0,1,2021-05-23,64,0,1.4,1.6,1.0,0.0,5.2,3.0,0.8,0.19999999999999996
2021,Monaco Grand Prix,18,STR,Aston Martin,13.0,13.0,8.0,0,0,0,1,2021-05-23,64,0,11.0,12.8,0.4,0.6,11.2,11.8,0.2,0.8
2021,Monaco Grand Prix,31,OCO,Alpine,11.0,11.0,9.0,0,0,0,1,2021-05-23,44,0,11.4,9.4,0.6,0.6,10.2,9.8,0.8,0.4
2021,Monaco Grand Prix,99,GIO,Alfa Romeo Racing,10.0,10.0,10.0,0,0,0,1,2021-05-23,45,0,12.8,13.6,0.0,1.0,14.6,15.0,0.0,1.0
2021,Monaco Grand Prix,7,RAI,Alfa Romeo Racing,14.0,14.0,11.0,0,0,0,0,2021-05-23,65,0,13.8,16.0,0.0,0.6,13.8,13.6,0.2,1.0
2021,Monaco Grand Prix,3,RIC,McLaren,12.0,12.0,12.0,0,0,0,0,2021-05-23,65,0,6.6,8.4,1.0,0.0,6.2,8.8,1.0,0.19999999999999996
2021,Monaco Grand Prix,14,ALO,Alpine,17.0,17.0,13.0,0,0,0,0,2021-05-23,25,0,14.4,12.2,0.4,0.6,10.0,9.0,0.8,0.6
2021,Monaco Grand Prix,63,RUS,Williams,15.0,15.0,14.0,0,0,0,0,2021-05-23,45,0,15.4,13.6,0.0,1.0,16.8,15.4,0.0,1.0
2021,Monaco Grand Prix,6,LAT,Williams,18.0,18.0,15.0,0,0,0,0,2021-05-23,24,0,17.4,17.0,0.0,1.0,15.6,15.6,0.0,1.0
2021,Monaco Grand Prix,22,TSU,AlphaTauri,16.0,16.0,16.0,0,0,0,0,2021-05-23,5,1,13.0,14.6,0.4,0.6,12.2,11.4,0.6,0.6
2021,Monaco Grand Prix,9,MAZ,Haas F1 Team,19.0,19.0,17.0,0,0,0,0,2021-05-23,25,0,18.4,19.8,0.0,1.0,18.0,19.2,0.0,1.0
2021,Monaco Grand Prix,47,MSC,Haas F1 Team,20.0,20.0,18.0,0,0,0,0,2021-05-23,5,1,16.6,18.6,0.0,1.0,18.0,19.2,0.0,1.0
2021,Monaco Grand Prix,77,BOT,Mercedes,3.0,3.0,19.0,0,0,0,0,2021-05-23,65,0,6.6,3.8,0.8,0.19999999999999996,3.0,2.8,1.0,0.0
2021,Monaco Grand Prix,16,LEC,Ferrari,1.0,1.0,20.0,0,0,0,0,2021-05-23,65,0,4.8,5.0,1.0,0.0,6.0,5.4,0.8,0.0
2021,Azerbaijan Grand Prix,11,PER,Red Bull Racing,6.0,7.0,1.0,1,1,1,1,2021-06-06,64,0,5.8,6.8,0.8,0.0,3.2,5.0,1.0,0.0
2021,Azerbaijan Grand Prix,5,VET,Aston Martin,11.0,11.0,2.0,1,1,1,1,2021-06-06,66,0,12.2,12.4,0.2,0.8,10.2,12.4,0.4,0.8
2021,Azerbaijan Grand Prix,10,GAS,AlphaTauri,4.0,4.0,3.0,1,1,1,1,2021-06-06,66,0,10.0,7.4,0.8,0.4,13.4,12.8,0.4,0.8
2021,Azerbaijan Grand Prix,16,LEC,Ferrari,1.0,1.0,4.0,1,0,1,1,2021-06-06,66,0,8.0,4.2,0.8,0.19999999999999996,8.8,4.0,0.6,0.19999999999999996
2021,Azerbaijan Grand Prix,4,NOR,McLaren,9.0,6.0,5.0,1,0,1,1,2021-06-06,46,0,4.6,7.0,1.0,0.19999999999999996,7.6,9.8,0.8,0.4
2021,Azerbaijan Grand Prix,14,ALO,Alpine,8.0,9.0,6.0,1,0,0,1,2021-06-06,26,0,13.4,12.8,0.4,0.6,11.2,11.2,0.6,0.8
2021,Azerbaijan Grand Prix,22,TSU,AlphaTauri,7.0,8.0,7.0,1,0,0,1,2021-06-06,6,1,14.4,15.8,0.2,0.6,11.0,10.8,0.6,0.6
2021,Azerbaijan Grand Prix,55,SAI,Ferrari,5.0,5.0,8.0,1,0,0,1,2021-06-06,66,0,6.6,6.8,0.8,0.0,7.4,3.2,0.8,0.19999999999999996
2021,Azerbaijan Grand Prix,3,RIC,McLaren,13.0,13.0,9.0,1,0,0,1,2021-06-06,66,0,8.0,9.4,0.8,0.19999999999999996,6.8,7.8,0.8,0.4
2021,Azerbaijan Grand Prix,7,RAI,Alfa Romeo Racing,14.0,14.0,10.0,1,0,0,1,2021-06-06,66,0,13.4,15.2,0.0,0.6,13.6,14.0,0.2,1.0
2021,Azerbaijan Grand Prix,99,GIO,Alfa Romeo Racing,20.0,20.0,11.0,1,0,0,0,2021-06-06,46,0,12.6,13.0,0.2,1.0,11.6,13.8,0.4,0.8
2021,Azerbaijan Grand Prix,77,BOT,Mercedes,10.0,10.0,12.0,1,0,0,0,2021-06-06,66,0,9.2,3.6,0.6,0.4,6.6,3.0,0.8,0.19999999999999996
2021,Azerbaijan Grand Prix,47,MSC,Haas F1 Team,17.0,17.0,13.0,1,0,0,0,2021-06-06,6,1,17.0,18.5,0.0,1.0,18.2,19.25,0.0,1.0
2021,Azerbaijan Grand Prix,9,MAZ,Haas F1 Team,18.0,18.0,14.0,1,0,0,0,2021-06-06,26,0,18.4,19.6,0.0,1.0,17.0,18.5,0.0,0.8
2021,Azerbaijan Grand Prix,44,HAM,Mercedes,2.0,2.0,15.0,1,0,0,0,2021-06-06,65,0,2.4,2.6,1.0,0.0,8.4,4.8,0.6,0.19999999999999996
2021,Azerbaijan Grand Prix,6,LAT,Williams,16.0,16.0,16.0,1,0,0,0,2021-06-06,25,0,17.4,17.2,0.0,1.0,15.4,17.0,0.0,1.0
2021,Azerbaijan Grand Prix,63,RUS,Williams,15.0,15.0,17.0,0,0,0,0,2021-06-06,46,0,15.4,13.6,0.0,1.0,15.0,16.6,0.0,0.8
2021,Azerbaijan Grand Prix,33,VER,Red Bull Racing,3.0,3.0,18.0,0,0,0,0,2021-06-06,66,0,1.6,2.2,1.0,0.0,2.6,5.6,1.0,0.0
2021,Azerbaijan Grand Prix,18,STR,Aston Martin,19.0,19.0,19.0,0,0,0,0,2021-06-06,65,0,10.2,12.2,0.6,0.6,7.8,11.2,0.6,0.6
2021,Azerbaijan Grand Prix,31,OCO,Alpine,12.0,12.0,20.0,0,0,0,0,2021-06-06,45,0,9.4,9.4,0.8,0.6,10.8,10.4,0.6,0.8
2021,French Grand Prix,33,VER,Red Bull Racing,1.0,1.0,1.0,1,1,1,1,2021-06-20,67,0,4.8,2.6,0.8,0.19999999999999996,5.8,5.8,0.8,0.19999999999999996
2021,French Grand Prix,44,HAM,Mercedes,2.0,2.0,2.0,1,1,1,1,2021-06-20,66,0,5.2,2.6,0.8,0.0,11.2,5.0,0.4,0.19999999999999996
2021,French Grand Prix,11,PER,Red Bull Racing,4.0,4.0,3.0,1,1,1,1,2021-06-20,65,0,5.0,6.0,0.8,0.0,5.0,4.4,0.8,0.19999999999999996
2021,French Grand Prix,77,BOT,Mercedes,3.0,3.0,4.0,1,0,1,1,2021-06-20,67,0,11.0,5.0,0.4,0.4,11.0,4.8,0.4,0.19999999999999996
2021,French Grand Prix,4,NOR,McLaren,8.0,8.0,5.0,1,0,1,1,2021-06-20,47,0,4.8,6.8,1.0,0.19999999999999996,7.4,9.0,0.8,0.4
2021,French Grand Prix,3,RIC,McLaren,10.0,10.0,6.0,1,0,0,1,2021-06-20,67,0,8.4,10.8,0.8,0.19999999999999996,6.8,8.8,0.8,0.19999999999999996
2021,French Grand Prix,10,GAS,AlphaTauri,6.0,6.0,7.0,1,0,0,1,2021-06-20,67,0,7.2,7.2,1.0,0.19999999999999996,10.4,10.0,0.6,0.4
2021,French Grand Prix,14,ALO,Alpine,9.0,9.0,8.0,1,0,0,1,2021-06-20,27,0,10.8,12.8,0.6,0.4,13.0,11.8,0.4,0.8
2021,French Grand Prix,5,VET,Aston Martin,12.0,12.0,9.0,1,0,0,1,2021-06-20,67,0,9.6,11.0,0.4,0.6,9.4,12.8,0.6,0.6
2021,French Grand Prix,18,STR,Aston Martin,19.0,19.0,10.0,1,0,0,1,2021-06-20,66,0,12.0,14.0,0.4,0.8,8.6,12.6,0.8,0.4
2021,French Grand Prix,55,SAI,Ferrari,5.0,5.0,11.0,1,0,0,0,2021-06-20,67,0,6.6,6.2,0.8,0.0,8.2,3.4,0.8,0.19999999999999996
2021,French Grand Prix,63,RUS,Williams,14.0,14.0,12.0,0,0,0,0,2021-06-20,47,0,16.0,13.6,0.0,1.0,15.6,16.6,0.0,0.8
2021,French Grand Prix,22,TSU,AlphaTauri,0.0,20.0,13.0,0,0,0,0,2021-06-20,7,1,14.0,14.8,0.2,0.6,7.8,8.0,0.8,0.19999999999999996
2021,French Grand Prix,31,OCO,Alpine,11.0,11.0,14.0,0,0,0,0,2021-06-20,46,0,10.8,8.6,0.8,0.6,11.2,11.6,0.6,0.6
2021,French Grand Prix,99,GIO,Alfa Romeo Racing,13.0,13.0,15.0,0,0,0,0,2021-06-20,47,0,12.4,14.6,0.2,0.8,11.4,14.4,0.4,0.6
2021,French Grand Prix,16,LEC,Ferrari,7.0,7.0,16.0,0,0,0,0,2021-06-20,67,0,7.6,3.6,0.8,0.19999999999999996,9.0,3.2,0.6,0.19999999999999996
2021,French Grand Prix,7,RAI,Alfa Romeo Racing,17.0,17.0,17.0,0,0,0,0,2021-06-20,67,0,13.2,15.2,0.2,0.6,11.4,14.2,0.4,0.6
2021,French Grand Prix,6,LAT,Williams,16.0,16.0,18.0,0,0,0,0,2021-06-20,26,0,17.0,17.0,0.0,0.8,14.8,15.6,0.0,0.8
2021,French Grand Prix,47,MSC,Haas F1 Team,15.0,15.0,19.0,0,0,0,0,2021-06-20,7,1,16.4,18.0,0.0,0.8,16.2,18.5,0.0,0.6
2021,French Grand Prix,9,MAZ,Haas F1 Team,18.0,18.0,20.0,0,0,0,0,2021-06-20,27,0,17.2,19.2,0.0,0.8,16.2,17.25,0.0,0.6
2021,Styrian Grand Prix,33,VER,Red Bull Racing,1.0,1.0,1.0,1,1,1,1,2021-06-27,68,0,4.8,2.2,0.8,0.19999999999999996,5.4,4.8,0.8,0.19999999999999996
2021,Styrian Grand Prix,44,HAM,Mercedes,2.0,3.0,2.0,1,1,1,1,2021-06-27,67,0,5.2,2.8,0.8,0.0,10.4,4.0,0.4,0.19999999999999996
2021,Styrian Grand Prix,77,BOT,Mercedes,5.0,2.0,3.0,1,1,1,1,2021-06-27,68,0,8.2,4.0,0.6,0.19999999999999996,7.0,4.0,0.6,0.0
2021,Styrian Grand Prix,11,PER,Red Bull Racing,4.0,5.0,4.0,1,0,1,1,2021-06-27,66,0,3.4,6.4,1.0,0.0,4.8,3.2,0.8,0.19999999999999996
2021,Styrian Grand Prix,4,NOR,McLaren,3.0,4.0,5.0,0,0,1,1,2021-06-27,48,0,5.2,7.0,1.0,0.19999999999999996,7.4,9.8,0.8,0.19999999999999996
2021,Styrian Grand Prix,55,SAI,Ferrari,12.0,12.0,6.0,0,0,0,1,2021-06-27,68,0,7.8,5.0,0.6,0.0,11.8,3.8,0.4,0.4
2021,Styrian Grand Prix,16,LEC,Ferrari,7.0,7.0,7.0,0,0,0,1,2021-06-27,68,0,10.0,4.2,0.6,0.4,9.0,6.0,0.6,0.4
2021,Styrian Grand Prix,18,STR,Aston Martin,9.0,10.0,8.0,0,0,0,1,2021-06-27,67,0,12.4,15.8,0.4,0.8,9.6,14.8,0.8,0.4
2021,Styrian Grand Prix,14,ALO,Alpine,8.0,9.0,9.0,0,0,0,1,2021-06-27,28,0,10.4,11.6,0.6,0.4,12.2,11.6,0.4,0.6
2021,Styrian Grand Prix,22,TSU,AlphaTauri,11.0,8.0,10.0,0,0,0,1,2021-06-27,8,1,14.2,14.8,0.2,0.8,9.2,10.8,0.6,0.4
2021,Styrian Grand Prix,7,RAI,Alfa Romeo Racing,18.0,18.0,11.0,0,0,0,0,2021-06-27,68,0,14.0,15.4,0.2,0.8,12.8,15.6,0.2,0.6
2021,Styrian Grand Prix,5,VET,Aston Martin,14.0,14.0,12.0,0,0,0,0,2021-06-27,68,0,8.4,10.8,0.6,0.4,9.6,14.2,0.8,0.4
2021,Styrian Grand Prix,3,RIC,McLaren,13.0,13.0,13.0,0,0,0,0,2021-06-27,68,0,8.4,11.6,0.8,0.19999999999999996,6.0,8.2,1.0,0.19999999999999996
2021,Styrian Grand Prix,31,OCO,Alpine,17.0,17.0,14.0,0,0,0,0,2021-06-27,47,0,11.8,9.0,0.6,0.8,11.4,10.0,0.6,0.6
2021,Styrian Grand Prix,99,GIO,Alfa Romeo Racing,15.0,15.0,15.0,0,0,0,0,2021-06-27,48,0,12.6,13.8,0.2,0.8,12.8,16.4,0.2,0.6
2021,Styrian Grand Prix,47,MSC,Haas F1 Team,19.0,19.0,16.0,0,0,0,0,2021-06-27,8,1,17.0,17.25,0.0,0.8,16.8,17.0,0.0,0.6
2021,Styrian Grand Prix,6,LAT,Williams,16.0,16.0,17.0,0,0,0,0,2021-06-27,27,0,16.6,17.4,0.0,0.8,15.6,15.8,0.0,0.8
2021,Styrian Grand Prix,9,MAZ,Haas F1 Team,20.0,20.0,18.0,0,0,0,0,2021-06-27,28,0,17.8,19.0,0.0,0.8,16.4,17.4,0.0,0.6
2021,Styrian Grand Prix,63,RUS,Williams,10.0,11.0,19.0,0,0,0,0,2021-06-27,48,0,14.6,14.0,0.0,1.0,16.0,15.4,0.0,0.8
2021,Styrian Grand Prix,10,GAS,AlphaTauri,6.0,6.0,20.0,0,0,0,0,2021-06-27,68,0,7.2,7.4,1.0,0.19999999999999996,8.0,9.2,0.8,0.4
2021,Austrian Grand Prix,33,VER,Red Bull Racing,1.0,1.0,1.0,1,1,1,1,2021-07-04,69,0,4.6,1.8,0.8,0.19999999999999996,5.4,2.8,0.8,0.19999999999999996
2021,Austrian Grand Prix,77,BOT,Mercedes,5.0,5.0,2.0,1,1,1,1,2021-07-04,69,0,8.2,4.2,0.6,0.19999999999999996,5.2,2.4,0.8,0.0
2021,Austrian Grand Prix,4,NOR,McLaren,2.0,2.0,3.0,1,1,1,1,2021-07-04,49,0,5.2,6.4,1.0,0.4,7.6,9.6,0.8,0.4
2021,Austrian Grand Prix,44,HAM,Mercedes,4.0,4.0,4.0,1,0,1,1,2021-07-04,68,0,5.4,3.0,0.8,0.0,2.6,3.0,1.0,0.0
2021,Austrian Grand Prix,55,SAI,Ferrari,10.0,11.0,5.0,1,0,1,1,2021-07-04,69,0,6.8,6.4,0.8,0.19999999999999996,9.6,7.2,0.6,0.6
2021,Austrian Grand Prix,11,PER,Red Bull Racing,3.0,3.0,6.0,1,0,0,1,2021-07-04,67,0,3.4,6.6,1.0,0.0,2.0,2.4,1.0,0.0
2021,Austrian Grand Prix,3,RIC,McLaren,13.0,13.0,7.0,1,0,0,1,2021-07-04,69,0,9.2,11.0,0.6,0.4,6.4,7.4,0.8,0.4
2021,Austrian Grand Prix,16,LEC,Ferrari,12.0,12.0,8.0,1,0,0,1,2021-07-04,69,0,10.2,4.0,0.6,0.6,9.0,8.4,0.6,0.6
2021,Austrian Grand Prix,10,GAS,AlphaTauri,6.0,6.0,9.0,1,0,0,1,2021-07-04,69,0,9.2,6.8,0.8,0.4,11.4,9.6,0.6,0.6
2021,Austrian Grand Prix,14,ALO,Alpine,14.0,14.0,10.0,0,0,0,1,2021-07-04,29,0,10.6,10.8,0.6,0.6,13.0,11.6,0.4,0.8
2021,Austrian Grand Prix,63,RUS,Williams,8.0,9.0,11.0,0,0,0,0,2021-07-04,49,0,15.2,14.0,0.0,1.0,16.6,14.4,0.0,1.0
2021,Austrian Grand Prix,22,TSU,AlphaTauri,7.0,7.0,12.0,0,0,0,0,2021-07-04,9,1,13.2,13.6,0.4,0.8,11.8,9.2,0.6,0.6
2021,Austrian Grand Prix,18,STR,Aston Martin,9.0,10.0,13.0,0,0,0,0,2021-07-04,68,0,11.2,14.4,0.6,0.8,11.6,14.8,0.6,0.6
2021,Austrian Grand Prix,99,GIO,Alfa Romeo Racing,15.0,15.0,14.0,0,0,0,0,2021-07-04,49,0,13.2,14.4,0.2,0.8,13.8,16.6,0.0,0.8
2021,Austrian Grand Prix,7,RAI,Alfa Romeo Racing,16.0,16.0,15.0,0,0,0,0,2021-07-04,69,0,12.2,16.0,0.2,0.8,14.4,15.6,0.0,1.0
2021,Austrian Grand Prix,6,LAT,Williams,18.0,18.0,16.0,0,0,0,0,2021-07-04,28,0,16.4,17.0,0.0,0.8,15.4,13.2,0.0,1.0
2021,Austrian Grand Prix,5,VET,Aston Martin,11.0,8.0,17.0,0,0,0,0,2021-07-04,69,0,8.2,11.6,0.6,0.4,10.4,13.0,0.6,0.6
2021,Austrian Grand Prix,47,MSC,Haas F1 Team,19.0,19.0,18.0,0,0,0,0,2021-07-04,9,1,16.8,17.25,0.0,0.8,17.4,18.0,0.0,0.8
2021,Austrian Grand Prix,9,MAZ,Haas F1 Team,20.0,20.0,19.0,0,0,0,0,2021-07-04,29,0,17.6,19.0,0.0,0.8,18.2,18.2,0.0,1.0
2021,Austrian Grand Prix,31,OCO,Alpine,17.0,17.0,20.0,0,0,0,0,2021-07-04,48,0,13.2,11.2,0.4,1.0,11.0,12.0,0.6,0.8
2021,British Grand Prix,44,HAM,Mercedes,2.0,1.0,1.0,1,1,1,1,2021-07-18,69,0,6.0,3.6,0.8,0.0,3.0,3.4,1.0,0.0
2021,British Grand Prix,16,LEC,Ferrari,4.0,4.0,2.0,1,1,1,1,2021-07-18,70,0,11.0,5.6,0.6,0.6,8.4,9.8,0.8,0.6
2021,British Grand Prix,77,BOT,Mercedes,3.0,3.0,3.0,1,1,1,1,2021-07-18,70,0,8.0,4.6,0.6,0.19999999999999996,2.4,3.0,1.0,0.0
2021,British Grand Prix,4,NOR,McLaren,5.0,6.0,4.0,1,0,1,1,2021-07-18,50,0,4.2,5.0,1.0,0.19999999999999996,6.8,8.4,0.8,0.4
2021,British Grand Prix,3,RIC,McLaren,6.0,7.0,5.0,1,0,1,1,2021-07-18,70,0,9.4,12.2,0.6,0.4,6.4,7.6,0.8,0.4
2021,British Grand Prix,55,SAI,Ferrari,10.0,9.0,6.0,1,0,0,1,2021-07-18,70,0,6.4,7.4,0.8,0.19999999999999996,5.6,9.2,1.0,0.4
2021,British Grand Prix,14,ALO,Alpine,7.0,11.0,7.0,1,0,0,1,2021-07-18,30,0,9.2,11.6,0.8,0.6,13.4,13.6,0.4,1.0
2021,British Grand Prix,18,STR,Aston Martin,14.0,15.0,8.0,1,0,0,1,2021-07-18,69,0,11.6,14.2,0.6,0.8,12.0,12.2,0.4,0.8
2021,British Grand Prix,31,OCO,Alpine,9.0,13.0,9.0,1,0,0,1,2021-07-18,49,0,15.4,13.6,0.2,1.0,12.0,13.6,0.6,0.8
2021,British Grand Prix,22,TSU,AlphaTauri,16.0,16.0,10.0,1,0,0,1,2021-07-18,10,1,11.6,11.8,0.4,0.8,12.8,9.4,0.4,0.8
2021,British Grand Prix,10,GAS,AlphaTauri,11.0,12.0,11.0,1,0,0,0,2021-07-18,70,0,9.0,5.6,0.8,0.19999999999999996,12.2,8.6,0.6,0.6
2021,British Grand Prix,63,RUS,Williams,12.0,8.0,12.0,0,0,0,0,2021-07-18,50,0,14.6,12.8,0.0,1.0,16.2,14.0,0.0,1.0
2021,British Grand Prix,99,GIO,Alfa Romeo Racing,15.0,14.0,13.0,0,0,0,0,2021-07-18,50,0,13.0,14.6,0.2,0.8,14.4,16.2,0.0,1.0
2021,British Grand Prix,6,LAT,Williams,17.0,18.0,14.0,0,0,0,0,2021-07-18,29,0,16.4,16.8,0.0,0.8,15.0,12.4,0.0,1.0
2021,British Grand Prix,7,RAI,Alfa Romeo Racing,13.0,17.0,15.0,0,0,0,0,2021-07-18,70,0,12.8,15.8,0.2,0.8,13.6,15.6,0.0,1.0
2021,British Grand Prix,11,PER,Red Bull Racing,0.0,5.0,16.0,0,0,0,0,2021-07-18,68,0,3.6,5.6,1.0,0.0,3.0,2.8,1.0,0.0
2021,British Grand Prix,9,MAZ,Haas F1 Team,19.0,20.0,17.0,0,0,0,0,2021-07-18,30,0,17.6,19.0,0.0,0.8,18.2,19.2,0.0,1.0
2021,British Grand Prix,47,MSC,Haas F1 Team,18.0,19.0,18.0,0,0,0,0,2021-07-18,10,1,16.8,17.5,0.0,0.8,17.6,19.6,0.0,1.0
2021,British Grand Prix,5,VET,Aston Martin,8.0,10.0,19.0,0,0,0,0,2021-07-18,70,0,9.0,10.6,0.6,0.4,11.6,11.4,0.4,0.8
2021,British Grand Prix,33,VER,Red Bull Racing,1.0,2.0,20.0,0,0,0,0,2021-07-18,70,0,4.4,1.6,0.8,0.19999999999999996,5.6,3.0,0.8,0.19999999999999996
2021,Hungarian Grand Prix,31,OCO,Alpine,8.0,8.0,1.0,1,1,1,1,2021-08-01,50,0,15.4,14.0,0.2,0.8,12.0,14.4,0.6,0.6
2021,Hungarian Grand Prix,44,HAM,Mercedes,1.0,1.0,2.0,1,1,1,1,2021-08-01,70,0,4.8,2.4,0.8,0.0,2.6,3.0,1.0,0.0
2021,Hungarian Grand Prix,55,SAI,Ferrari,15.0,15.0,3.0,1,1,1,1,2021-08-01,71,0,7.2,8.4,0.8,0.19999999999999996,5.6,8.6,1.0,0.19999999999999996
2021,Hungarian Grand Prix,14,ALO,Alpine,9.0,9.0,4.0,1,0,1,1,2021-08-01,31,0,8.0,10.4,1.0,0.4,9.4,12.6,0.8,0.4
2021,Hungarian Grand Prix,10,GAS,AlphaTauri,5.0,5.0,5.0,1,0,1,1,2021-08-01,71,0,10.0,6.8,0.6,0.19999999999999996,12.4,9.4,0.4,0.4
2021,Hungarian Grand Prix,22,TSU,AlphaTauri,16.0,16.0,6.0,1,0,0,1,2021-08-01,11,1,10.4,11.8,0.6,0.6,9.4,9.2,0.6,0.19999999999999996
2021,Hungarian Grand Prix,6,LAT,Williams,18.0,18.0,7.0,1,0,0,1,2021-08-01,30,0,16.2,16.8,0.0,0.8,14.4,12.8,0.0,1.0
2021,Hungarian Grand Prix,63,RUS,Williams,17.0,17.0,8.0,1,0,0,1,2021-08-01,51,0,14.2,11.4,0.0,1.0,12.0,14.2,0.2,0.8
2021,Hungarian Grand Prix,33,VER,Red Bull Racing,3.0,3.0,9.0,1,0,0,1,2021-08-01,71,0,8.2,1.6,0.6,0.4,9.4,3.2,0.6,0.4
2021,Hungarian Grand Prix,7,RAI,Alfa Romeo Racing,13.0,13.0,10.0,0,0,0,1,2021-08-01,71,0,13.6,16.4,0.2,0.8,14.4,15.4,0.0,1.0
2021,Hungarian Grand Prix,3,RIC,McLaren,11.0,11.0,11.0,0,0,0,0,2021-08-01,71,0,8.0,11.2,0.8,0.19999999999999996,6.4,8.2,0.8,0.19999999999999996
2021,Hungarian Grand Prix,47,MSC,Haas F1 Team,20.0,20.0,12.0,0,0,0,0,2021-08-01,11,1,16.8,17.8,0.0,0.8,18.0,19.6,0.0,1.0
2021,Hungarian Grand Prix,99,GIO,Alfa Romeo Racing,0.0,14.0,13.0,0,0,0,0,2021-08-01,51,0,13.6,15.4,0.0,0.8,13.4,15.0,0.2,1.0
2021,Hungarian Grand Prix,9,MAZ,Haas F1 Team,19.0,19.0,14.0,0,0,0,0,2021-08-01,31,0,17.6,19.2,0.0,0.8,16.8,19.6,0.0,1.0
2021,Hungarian Grand Prix,4,NOR,McLaren,6.0,6.0,15.0,0,0,0,0,2021-08-01,51,0,4.4,5.2,1.0,0.19999999999999996,6.0,7.8,0.8,0.19999999999999996
2021,Hungarian Grand Prix,77,BOT,Mercedes,2.0,2.0,16.0,0,0,0,0,2021-08-01,71,0,4.8,4.6,0.8,0.0,2.4,2.8,1.0,0.0
2021,Hungarian Grand Prix,11,PER,Red Bull Racing,4.0,4.0,17.0,0,0,0,0,2021-08-01,69,0,6.0,4.8,0.8,0.19999999999999996,10.4,2.8,0.6,0.4
2021,Hungarian Grand Prix,16,LEC,Ferrari,7.0,7.0,18.0,0,0,0,0,2021-08-01,71,0,7.4,6.2,0.8,0.4,4.8,10.2,1.0,0.0
2021,Hungarian Grand Prix,18,STR,Aston Martin,12.0,12.0,19.0,0,0,0,0,2021-08-01,70,0,11.6,14.6,0.6,0.6,13.8,11.4,0.2,0.8
2021,Hungarian Grand Prix,5,VET,Aston Martin,10.0,10.0,20.0,0,0,0,0,2021-08-01,71,0,11.8,11.0,0.4,0.6,15.2,11.0,0.2,0.8
2021,Belgian Grand Prix,33,VER,Red Bull Racing,1.0,1.0,1.0,1,1,1,1,2021-08-29,72,0,6.4,1.6,0.8,0.19999999999999996,13.6,3.4,0.4,0.6
2021,Belgian Grand Prix,63,RUS,Williams,2.0,2.0,2.0,1,1,1,1,2021-08-29,52,0,12.4,11.8,0.2,0.8,11.4,15.8,0.4,0.6
2021,Belgian Grand Prix,44,HAM,Mercedes,3.0,3.0,3.0,1,1,1,1,2021-08-29,71,0,2.2,2.2,1.0,0.0,5.2,2.2,0.8,0.19999999999999996
2021,Belgian Grand Prix,3,RIC,McLaren,4.0,4.0,4.0,1,0,1,1,2021-08-29,72,0,8.4,10.8,0.6,0.4,8.4,8.6,0.6,0.4
2021,Belgian Grand Prix,5,VET,Aston Martin,5.0,5.0,5.0,1,0,1,1,2021-08-29,72,0,15.4,10.8,0.2,0.8,16.6,11.0,0.2,0.8
2021,Belgian Grand Prix,10,GAS,AlphaTauri,6.0,6.0,6.0,1,0,0,1,2021-08-29,72,0,10.4,7.0,0.6,0.19999999999999996,8.8,11.2,0.6,0.19999999999999996
2021,Belgian Grand Prix,31,OCO,Alpine,8.0,9.0,7.0,1,0,0,1,2021-08-29,51,0,11.6,13.2,0.4,0.6,8.2,11.6,0.8,0.19999999999999996
2021,Belgian Grand Prix,16,LEC,Ferrari,9.0,11.0,8.0,1,0,0,1,2021-08-29,72,0,10.2,7.4,0.6,0.6,7.4,9.4,0.8,0.19999999999999996
2021,Belgian Grand Prix,6,LAT,Williams,10.0,12.0,9.0,1,0,0,1,2021-08-29,31,0,14.4,17.2,0.2,0.8,8.6,12.6,0.6,0.4
2021,Belgian Grand Prix,55,SAI,Ferrari,11.0,13.0,10.0,1,0,0,1,2021-08-29,72,0,6.2,10.4,0.8,0.19999999999999996,7.4,9.2,0.8,0.19999999999999996
2021,Belgian Grand Prix,14,ALO,Alpine,12.0,14.0,11.0,1,0,0,0,2021-08-29,32,0,7.6,10.4,1.0,0.4,5.6,10.0,1.0,0.0
2021,Belgian Grand Prix,77,BOT,Mercedes,13.0,8.0,12.0,1,0,0,0,2021-08-29,72,0,5.6,3.0,0.8,0.19999999999999996,5.0,2.0,0.8,0.19999999999999996
2021,Belgian Grand Prix,99,GIO,Alfa Romeo Racing,14.0,16.0,13.0,1,0,0,0,2021-08-29,52,0,14.0,14.2,0.0,1.0,13.2,14.8,0.2,1.0
2021,Belgian Grand Prix,4,NOR,McLaren,15.0,10.0,14.0,1,0,0,0,2021-08-29,52,0,6.4,5.2,0.8,0.4,7.8,6.8,0.6,0.4
2021,Belgian Grand Prix,22,TSU,AlphaTauri,16.0,17.0,15.0,1,0,0,0,2021-08-29,12,1,10.2,13.4,0.6,0.6,7.6,11.0,0.8,0.0
2021,Belgian Grand Prix,47,MSC,Haas F1 Team,17.0,18.0,16.0,1,0,0,0,2021-08-29,12,1,16.6,18.4,0.0,1.0,16.0,19.6,0.0,1.0
2021,Belgian Grand Prix,9,MAZ,Haas F1 Team,18.0,20.0,17.0,1,0,0,0,2021-08-29,32,0,17.6,19.4,0.0,1.0,15.4,19.2,0.0,0.8
2021,Belgian Grand Prix,7,RAI,Alfa Romeo Racing,0.0,19.0,18.0,1,0,0,0,2021-08-29,72,0,13.6,16.2,0.2,1.0,12.8,14.8,0.2,0.8
2021,Belgian Grand Prix,11,PER,Red Bull Racing,0.0,7.0,19.0,1,0,0,0,2021-08-29,70,0,9.2,4.2,0.6,0.4,12.6,3.0,0.4,0.6
2021,Belgian Grand Prix,18,STR,Aston Martin,19.0,15.0,20.0,1,0,0,0,2021-08-29,71,0,11.6,13.2,0.6,0.6,14.2,10.4,0.4,0.6
2021,Dutch Grand Prix,33,VER,Red Bull Racing,1.0,1.0,1.0,1,1,1,1,2021-09-05,73,0,6.4,1.6,0.8,0.19999999999999996,13.2,3.4,0.4,0.4
2021,Dutch Grand Prix,44,HAM,Mercedes,2.0,2.0,2.0,1,1,1,1,2021-09-05,72,0,2.4,2.4,1.0,0.0,7.2,3.4,0.6,0.19999999999999996
2021,Dutch Grand Prix,77,BOT,Mercedes,3.0,3.0,3.0,1,1,1,1,2021-09-05,73,0,7.2,4.0,0.6,0.19999999999999996,7.0,3.2,0.6,0.19999999999999996
2021,Dutch Grand Prix,10,GAS,AlphaTauri,4.0,4.0,4.0,0,0,1,1,2021-09-05,73,0,10.2,7.0,0.6,0.19999999999999996,8.6,11.2,0.6,0.0
2021,Dutch Grand Prix,16,LEC,Ferrari,5.0,5.0,5.0,0,0,1,1,2021-09-05,73,0,8.6,8.2,0.8,0.4,9.0,11.0,0.8,0.19999999999999996
2021,Dutch Grand Prix,14,ALO,Alpine,9.0,9.0,6.0,0,0,0,1,2021-09-05,33,0,8.2,11.4,0.8,0.4,6.4,10.6,0.8,0.0
2021,Dutch Grand Prix,55,SAI,Ferrari,6.0,6.0,7.0,0,0,0,1,2021-09-05,73,0,6.0,12.0,1.0,0.19999999999999996,8.8,10.2,0.8,0.4
2021,Dutch Grand Prix,11,PER,Red Bull Racing,0.0,16.0,8.0,0,0,0,1,2021-09-05,71,0,12.4,4.8,0.4,0.4,9.4,3.2,0.6,0.19999999999999996
2021,Dutch Grand Prix,31,OCO,Alpine,8.0,8.0,9.0,0,0,0,1,2021-09-05,52,0,10.2,12.8,0.6,0.4,5.8,9.8,0.8,0.19999999999999996
2021,Dutch Grand Prix,4,NOR,McLaren,13.0,13.0,10.0,0,0,0,1,2021-09-05,53,0,8.2,5.6,0.6,0.4,9.8,7.6,0.4,0.4
2021,Dutch Grand Prix,3,RIC,McLaren,10.0,10.0,11.0,0,0,0,0,2021-09-05,73,0,8.0,9.6,0.6,0.4,10.8,8.8,0.4,0.6
2021,Dutch Grand Prix,18,STR,Aston Martin,12.0,12.0,12.0,0,0,0,0,2021-09-05,72,0,13.6,12.4,0.4,0.6,16.6,10.4,0.2,0.6
2021,Dutch Grand Prix,5,VET,Aston Martin,15.0,17.0,13.0,0,0,0,0,2021-09-05,73,0,14.6,9.4,0.2,0.8,15.2,10.8,0.2,0.6
2021,Dutch Grand Prix,99,GIO,Alfa Romeo Racing,7.0,7.0,14.0,0,0,0,0,2021-09-05,53,0,13.6,14.8,0.0,0.8,13.8,15.8,0.2,0.6
2021,Dutch Grand Prix,88,KUB,Alfa Romeo Racing,16.0,18.0,15.0,0,0,0,0,2021-09-05,21,0,17.8,19.8,0.0,1.0,13.6,13.8,0.2,0.6
2021,Dutch Grand Prix,6,LAT,Williams,0.0,14.0,16.0,0,0,0,0,2021-09-05,32,0,12.6,16.4,0.4,0.6,8.0,13.4,0.8,0.19999999999999996
2021,Dutch Grand Prix,63,RUS,Williams,11.0,11.0,17.0,0,0,0,0,2021-09-05,53,0,10.4,9.4,0.4,0.6,8.4,12.6,0.8,0.19999999999999996
2021,Dutch Grand Prix,47,MSC,Haas F1 Team,17.0,19.0,18.0,0,0,0,0,2021-09-05,13,1,16.0,19.0,0.0,0.8,15.4,19.2,0.0,0.6
2021,Dutch Grand Prix,22,TSU,AlphaTauri,14.0,15.0,19.0,0,0,0,0,2021-09-05,13,1,10.6,12.8,0.6,0.4,7.2,9.6,0.8,0.19999999999999996
2021,Dutch Grand Prix,9,MAZ,Haas F1 Team,18.0,20.0,20.0,0,0,0,0,2021-09-05,33,0,17.0,19.8,0.0,0.8,15.4,19.2,0.0,0.6
2021,Italian Grand Prix,3,RIC,McLaren,2.0,5.0,1.0,1,1,1,1,2021-09-12,74,0,7.6,9.0,0.6,0.4,10.8,8.6,0.4,0.6
2021,Italian Grand Prix,4,NOR,McLaren,3.0,4.0,2.0,1,1,1,1,2021-09-12,54,0,9.2,7.4,0.6,0.4,8.0,8.4,0.6,0.4
2021,Italian Grand Prix,77,BOT,Mercedes,19.0,1.0,3.0,1,1,1,1,2021-09-12,74,0,7.2,4.2,0.6,0.19999999999999996,7.2,3.6,0.6,0.19999999999999996
2021,Italian Grand Prix,16,LEC,Ferrari,5.0,8.0,4.0,1,0,1,1,2021-09-12,74,0,8.2,7.8,0.8,0.4,9.6,8.4,0.8,0.6
2021,Italian Grand Prix,11,PER,Red Bull Racing,8.0,9.0,5.0,1,0,1,1,2021-09-12,72,0,13.2,7.0,0.4,0.6,9.2,5.8,0.6,0.4
2021,Italian Grand Prix,55,SAI,Ferrari,6.0,7.0,6.0,1,0,0,1,2021-09-12,74,0,6.2,10.8,1.0,0.19999999999999996,6.8,8.6,1.0,0.4
2021,Italian Grand Prix,18,STR,Aston Martin,9.0,12.0,7.0,1,0,0,1,2021-09-12,73,0,14.4,12.8,0.2,0.6,14.0,11.8,0.2,0.6
2021,Italian Grand Prix,14,ALO,Alpine,10.0,13.0,8.0,1,0,0,1,2021-09-12,34,0,7.6,11.4,0.8,0.4,7.4,9.8,0.8,0.4
2021,Italian Grand Prix,63,RUS,Williams,14.0,15.0,9.0,1,0,0,1,2021-09-12,54,0,10.0,9.4,0.4,0.6,10.4,11.2,0.6,0.4
2021,Italian Grand Prix,31,OCO,Alpine,12.0,14.0,10.0,1,0,0,1,2021-09-12,53,0,9.2,11.0,0.8,0.4,8.2,10.6,0.8,0.4
2021,Italian Grand Prix,6,LAT,Williams,13.0,16.0,11.0,1,0,0,0,2021-09-12,33,0,12.4,16.0,0.4,0.6,10.6,10.8,0.6,0.4
2021,Italian Grand Prix,5,VET,Aston Martin,11.0,11.0,12.0,1,0,0,0,2021-09-12,74,0,14.8,10.0,0.2,0.8,11.4,12.2,0.4,0.4
2021,Italian Grand Prix,99,GIO,Alfa Romeo Racing,7.0,10.0,13.0,1,0,0,0,2021-09-12,54,0,13.4,13.2,0.0,0.8,14.6,14.8,0.0,0.6
2021,Italian Grand Prix,88,KUB,Alfa Romeo Racing,17.0,19.0,14.0,1,0,0,0,2021-09-12,22,0,17.4,19.4,0.0,1.0,14.6,14.0,0.0,0.4
2021,Italian Grand Prix,47,MSC,Haas F1 Team,18.0,18.0,15.0,1,0,0,0,2021-09-12,14,1,16.4,19.0,0.0,0.8,17.0,19.2,0.0,0.6
2021,Italian Grand Prix,9,MAZ,Haas F1 Team,16.0,20.0,16.0,0,0,0,0,2021-09-12,34,0,17.4,19.8,0.0,0.8,17.2,19.0,0.0,0.4
2021,Italian Grand Prix,44,HAM,Mercedes,4.0,2.0,17.0,0,0,0,0,2021-09-12,73,0,2.4,2.2,1.0,0.0,4.6,3.4,0.8,0.0
2021,Italian Grand Prix,33,VER,Red Bull Racing,1.0,3.0,18.0,0,0,0,0,2021-09-12,74,0,6.4,1.6,0.8,0.19999999999999996,6.8,6.8,0.8,0.19999999999999996
2021,Italian Grand Prix,10,GAS,AlphaTauri,0.0,6.0,19.0,0,0,0,0,2021-09-12,74,0,7.0,6.6,0.8,0.19999999999999996,10.0,11.6,0.6,0.4
2021,Italian Grand Prix,22,TSU,AlphaTauri,0.0,17.0,20.0,0,0,0,0,2021-09-12,14,1,12.4,14.2,0.4,0.4,12.6,9.6,0.4,0.6
2021,Russian Grand Prix,44,HAM,Mercedes,4.0,4.0,1.0,1,1,1,1,2021-09-26,74,0,5.0,1.8,0.8,0.19999999999999996,7.4,3.2,0.6,0.19999999999999996
2021,Russian Grand Prix,33,VER,Red Bull Racing,20.0,20.0,2.0,1,1,1,1,2021-09-26,75,0,9.8,2.0,0.6,0.4,10.2,7.2,0.6,0.4
2021,Russian Grand Prix,55,SAI,Ferrari,2.0,2.0,3.0,1,1,1,1,2021-09-26,75,0,6.4,10.0,1.0,0.19999999999999996,6.4,7.8,1.0,0.4
2021,Russian Grand Prix,3,RIC,McLaren,5.0,5.0,4.0,1,0,1,1,2021-09-26,75,0,6.4,7.4,0.6,0.4,7.6,8.4,0.6,0.4
2021,Russian Grand Prix,77,BOT,Mercedes,16.0,7.0,5.0,1,0,1,1,2021-09-26,75,0,7.4,3.4,0.6,0.19999999999999996,5.2,2.4,0.8,0.19999999999999996
2021,Russian Grand Prix,14,ALO,Alpine,6.0,6.0,6.0,1,0,0,1,2021-09-26,35,0,7.2,11.2,0.8,0.19999999999999996,8.8,11.6,0.8,0.4
2021,Russian Grand Prix,4,NOR,McLaren,1.0,1.0,7.0,1,0,0,1,2021-09-26,55,0,9.0,7.8,0.6,0.4,5.6,7.4,0.8,0.4
2021,Russian Grand Prix,7,RAI,Alfa Romeo Racing,13.0,16.0,8.0,1,0,0,1,2021-09-26,73,0,13.8,16.6,0.2,0.8,14.8,14.6,0.0,0.4
2021,Russian Grand Prix,11,PER,Red Bull Racing,8.0,9.0,9.0,1,0,0,1,2021-09-26,73,0,13.0,8.2,0.4,0.6,6.8,9.8,0.8,0.4
2021,Russian Grand Prix,63,RUS,Williams,3.0,3.0,10.0,1,0,0,1,2021-09-26,55,0,9.6,10.6,0.6,0.4,12.4,13.6,0.4,0.4
2021,Russian Grand Prix,18,STR,Aston Martin,7.0,8.0,11.0,1,0,0,0,2021-09-26,74,0,13.2,13.2,0.4,0.4,12.8,13.4,0.2,0.4
2021,Russian Grand Prix,5,VET,Aston Martin,10.0,11.0,12.0,0,0,0,0,2021-09-26,75,0,13.8,10.6,0.2,0.6,11.0,12.0,0.2,0.4
2021,Russian Grand Prix,10,GAS,AlphaTauri,11.0,12.0,13.0,0,0,0,0,2021-09-26,75,0,9.0,6.6,0.6,0.4,15.4,11.8,0.2,0.8
2021,Russian Grand Prix,31,OCO,Alpine,9.0,10.0,14.0,0,0,0,0,2021-09-26,54,0,7.2,10.4,1.0,0.19999999999999996,7.8,10.0,1.0,0.4
2021,Russian Grand Prix,16,LEC,Ferrari,19.0,15.0,15.0,0,0,0,0,2021-09-26,75,0,7.4,7.0,0.8,0.4,5.0,5.6,1.0,0.4
2021,Russian Grand Prix,99,GIO,Alfa Romeo Racing,17.0,18.0,16.0,0,0,0,0,2021-09-26,55,0,13.2,12.2,0.0,0.6,12.8,14.0,0.2,0.4
2021,Russian Grand Prix,22,TSU,AlphaTauri,12.0,13.0,17.0,0,0,0,0,2021-09-26,15,1,14.0,16.2,0.4,0.4,15.0,10.8,0.2,1.0
2021,Russian Grand Prix,9,MAZ,Haas F1 Team,15.0,19.0,18.0,0,0,0,0,2021-09-26,35,0,16.8,19.8,0.0,0.8,17.2,19.4,0.0,0.6
2021,Russian Grand Prix,6,LAT,Williams,18.0,14.0,19.0,0,0,0,0,2021-09-26,34,0,11.4,15.6,0.4,0.4,12.6,11.8,0.4,0.4
2021,Russian Grand Prix,47,MSC,Haas F1 Team,14.0,17.0,20.0,0,0,0,0,2021-09-26,15,1,15.8,18.8,0.0,0.6,17.4,19.2,0.0,0.8
2021,Turkish Grand Prix,77,BOT,Mercedes,1.0,2.0,1.0,1,1,1,1,2021-10-10,76,0,7.8,4.2,0.6,0.19999999999999996,5.8,3.4,0.8,0.19999999999999996
2021,Turkish Grand Prix,33,VER,Red Bull Racing,2.0,3.0,2.0,1,1,1,1,2021-10-10,76,0,6.2,5.6,0.8,0.19999999999999996,8.4,11.4,0.8,0.4
2021,Turkish Grand Prix,11,PER,Red Bull Racing,6.0,7.0,3.0,1,1,1,1,2021-10-10,74,0,11.6,9.0,0.6,0.4,7.2,8.8,0.8,0.19999999999999996
2021,Turkish Grand Prix,16,LEC,Ferrari,3.0,4.0,4.0,1,0,1,1,2021-10-10,76,0,10.0,9.2,0.6,0.6,7.0,7.6,0.8,0.4
2021,Turkish Grand Prix,44,HAM,Mercedes,11.0,1.0,5.0,1,0,1,1,2021-10-10,75,0,5.0,2.4,0.8,0.19999999999999996,5.4,3.2,0.8,0.19999999999999996
2021,Turkish Grand Prix,10,GAS,AlphaTauri,4.0,5.0,6.0,1,0,0,1,2021-10-10,76,0,9.4,6.6,0.6,0.6,17.6,12.6,0.0,1.0
2021,Turkish Grand Prix,4,NOR,McLaren,7.0,8.0,7.0,1,0,0,1,2021-10-10,56,0,9.6,6.8,0.6,0.4,5.0,5.0,0.8,0.19999999999999996
2021,Turkish Grand Prix,55,SAI,Ferrari,19.0,15.0,8.0,1,0,0,1,2021-10-10,76,0,5.8,8.6,1.0,0.19999999999999996,6.4,7.2,0.8,0.19999999999999996
2021,Turkish Grand Prix,18,STR,Aston Martin,8.0,9.0,9.0,1,0,0,1,2021-10-10,75,0,13.8,11.8,0.2,0.4,11.0,11.8,0.2,0.4
2021,Turkish Grand Prix,31,OCO,Alpine,12.0,12.0,10.0,0,0,0,1,2021-10-10,55,0,8.2,9.8,0.8,0.4,9.4,10.2,0.8,0.4
2021,Turkish Grand Prix,99,GIO,Alfa Romeo Racing,16.0,18.0,11.0,0,0,0,0,2021-10-10,56,0,13.8,13.0,0.0,0.6,13.2,16.2,0.2,0.4
2021,Turkish Grand Prix,7,RAI,Alfa Romeo Racing,17.0,19.0,12.0,0,0,0,0,2021-10-10,74,0,13.2,16.2,0.4,0.6,12.4,16.2,0.2,0.4
2021,Turkish Grand Prix,3,RIC,McLaren,20.0,16.0,13.0,0,0,0,0,2021-10-10,76,0,6.2,7.0,0.6,0.4,4.2,4.6,1.0,0.0
2021,Turkish Grand Prix,22,TSU,AlphaTauri,9.0,10.0,14.0,0,0,0,0,2021-10-10,16,1,15.4,15.6,0.2,0.6,15.0,10.6,0.2,0.8
2021,Turkish Grand Prix,63,RUS,Williams,13.0,13.0,15.0,0,0,0,0,2021-10-10,56,0,9.2,9.6,0.8,0.19999999999999996,13.2,11.8,0.4,0.4
2021,Turkish Grand Prix,14,ALO,Alpine,5.0,6.0,16.0,0,0,0,0,2021-10-10,36,0,7.0,10.2,0.8,0.19999999999999996,9.6,11.0,0.8,0.4
2021,Turkish Grand Prix,6,LAT,Williams,15.0,17.0,17.0,0,0,0,0,2021-10-10,35,0,12.4,14.8,0.4,0.4,12.8,12.2,0.4,0.4
2021,Turkish Grand Prix,5,VET,Aston Martin,10.0,11.0,18.0,0,0,0,0,2021-10-10,76,0,12.4,10.8,0.2,0.6,10.2,10.2,0.4,0.19999999999999996
2021,Turkish Grand Prix,47,MSC,Haas F1 Team,14.0,14.0,19.0,0,0,0,0,2021-10-10,16,1,16.2,18.4,0.0,0.6,17.8,18.8,0.0,0.8
2021,Turkish Grand Prix,9,MAZ,Haas F1 Team,18.0,20.0,20.0,0,0,0,0,2021-10-10,36,0,17.0,19.6,0.0,0.8,17.6,17.6,0.0,0.8
2021,United States Grand Prix,33,VER,Red Bull Racing,1.0,1.0,1.0,1,1,1,1,2021-10-24,77,0,4.8,5.6,0.8,0.19999999999999996,6.8,8.4,0.8,0.19999999999999996
2021,United States Grand Prix,44,HAM,Mercedes,2.0,2.0,2.0,1,1,1,1,2021-10-24,76,0,5.6,2.4,0.8,0.19999999999999996,5.8,3.2,0.8,0.19999999999999996
2021,United States Grand Prix,11,PER,Red Bull Racing,3.0,3.0,3.0,1,1,1,1,2021-10-24,75,0,8.8,9.6,0.8,0.19999999999999996,3.4,8.0,1.0,0.0
2021,United States Grand Prix,16,LEC,Ferrari,4.0,5.0,4.0,1,0,1,1,2021-10-24,77,0,7.2,8.6,0.8,0.4,7.2,8.6,0.8,0.19999999999999996
2021,United States Grand Prix,3,RIC,McLaren,6.0,7.0,5.0,1,0,1,1,2021-10-24,77,0,6.6,8.0,0.6,0.4,6.6,6.8,0.8,0.19999999999999996
2021,United States Grand Prix,77,BOT,Mercedes,9.0,4.0,6.0,1,0,0,1,2021-10-24,77,0,4.8,4.2,0.8,0.0,2.8,3.2,1.0,0.0
2021,United States Grand Prix,55,SAI,Ferrari,5.0,6.0,7.0,1,0,0,1,2021-10-24,77,0,6.8,8.6,1.0,0.19999999999999996,6.8,8.2,0.8,0.19999999999999996
2021,United States Grand Prix,4,NOR,McLaren,7.0,8.0,8.0,1,0,0,1,2021-10-24,57,0,8.0,7.2,0.8,0.19999999999999996,7.2,7.4,0.8,0.19999999999999996
2021,United States Grand Prix,22,TSU,AlphaTauri,10.0,10.0,9.0,0,0,0,1,2021-10-24,17,1,17.0,14.4,0.0,0.8,14.0,11.4,0.2,0.8
2021,United States Grand Prix,5,VET,Aston Martin,18.0,12.0,10.0,0,0,0,1,2021-10-24,77,0,12.0,11.0,0.2,0.6,12.4,10.0,0.2,0.4
2021,United States Grand Prix,99,GIO,Alfa Romeo Racing,12.0,13.0,11.0,0,0,0,0,2021-10-24,57,0,13.4,13.8,0.0,0.6,12.2,18.0,0.2,0.6
2021,United States Grand Prix,18,STR,Aston Martin,13.0,16.0,12.0,0,0,0,0,2021-10-24,76,0,11.8,11.2,0.4,0.19999999999999996,12.0,10.2,0.4,0.6
2021,United States Grand Prix,7,RAI,Alfa Romeo Racing,15.0,18.0,13.0,0,0,0,0,2021-10-24,75,0,12.6,16.8,0.4,0.6,11.6,16.8,0.2,0.8
2021,United States Grand Prix,63,RUS,Williams,20.0,15.0,14.0,0,0,0,0,2021-10-24,57,0,10.6,8.8,0.6,0.4,14.4,12.6,0.2,0.6
2021,United States Grand Prix,6,LAT,Williams,14.0,17.0,15.0,0,0,0,0,2021-10-24,36,0,14.4,14.6,0.2,0.6,15.0,12.4,0.2,0.8
2021,United States Grand Prix,47,MSC,Haas F1 Team,16.0,19.0,16.0,0,0,0,0,2021-10-24,17,1,17.6,17.2,0.0,0.6,18.6,18.0,0.0,1.0
2021,United States Grand Prix,9,MAZ,Haas F1 Team,17.0,20.0,17.0,0,0,0,0,2021-10-24,37,0,18.2,19.8,0.0,0.8,18.6,17.8,0.0,1.0
2021,United States Grand Prix,14,ALO,Alpine,19.0,14.0,18.0,0,0,0,0,2021-10-24,37,0,9.4,9.6,0.6,0.4,11.2,9.6,0.6,0.6
2021,United States Grand Prix,31,OCO,Alpine,11.0,11.0,19.0,0,0,0,0,2021-10-24,56,0,10.0,10.6,0.8,0.6,12.8,9.6,0.4,0.8
2021,United States Grand Prix,10,GAS,AlphaTauri,8.0,9.0,20.0,0,0,0,0,2021-10-24,77,0,9.6,6.6,0.6,0.6,11.8,10.0,0.4,0.8
2021,Mexico City Grand Prix,33,VER,Red Bull Racing,3.0,3.0,1.0,1,1,1,1,2021-11-07,78,0,4.8,5.6,0.8,0.19999999999999996,3.6,4.6,1.0,0.0
2021,Mexico City Grand Prix,44,HAM,Mercedes,2.0,2.0,2.0,1,1,1,1,2021-11-07,77,0,5.4,2.2,0.8,0.19999999999999996,3.8,3.2,1.0,0.0
2021,Mexico City Grand Prix,11,PER,Red Bull Racing,4.0,4.0,3.0,1,1,1,1,2021-11-07,76,0,5.6,8.8,1.0,0.19999999999999996,2.0,3.4,1.0,0.0
2021,Mexico City Grand Prix,10,GAS,AlphaTauri,5.0,5.0,4.0,1,0,1,1,2021-11-07,78,0,12.4,7.2,0.4,0.8,13.2,9.4,0.4,0.8
2021,Mexico City Grand Prix,16,LEC,Ferrari,8.0,8.0,5.0,1,0,1,1,2021-11-07,78,0,6.4,7.4,0.8,0.4,7.6,9.0,0.8,0.19999999999999996
2021,Mexico City Grand Prix,55,SAI,Ferrari,6.0,6.0,6.0,0,0,0,1,2021-11-07,78,0,6.2,7.2,1.0,0.19999999999999996,5.6,7.6,1.0,0.0
2021,Mexico City Grand Prix,5,VET,Aston Martin,9.0,11.0,7.0,0,0,0,1,2021-11-07,78,0,13.0,12.4,0.2,0.8,12.2,11.8,0.4,0.8
2021,Mexico City Grand Prix,7,RAI,Alfa Romeo Racing,10.0,12.0,8.0,0,0,0,1,2021-11-07,76,0,12.2,17.0,0.4,0.6,12.6,17.2,0.0,1.0
2021,Mexico City Grand Prix,14,ALO,Alpine,12.0,16.0,9.0,0,0,0,1,2021-11-07,38,0,10.8,9.6,0.6,0.6,15.4,10.6,0.2,1.0
2021,Mexico City Grand Prix,4,NOR,McLaren,18.0,10.0,10.0,0,0,0,1,2021-11-07,58,0,6.8,6.8,1.0,0.19999999999999996,8.0,8.0,0.8,0.19999999999999996
2021,Mexico City Grand Prix,99,GIO,Alfa Romeo Racing,11.0,14.0,11.0,0,0,0,0,2021-11-07,58,0,13.0,13.2,0.0,0.8,11.0,16.0,0.2,1.0
2021,Mexico City Grand Prix,3,RIC,McLaren,7.0,7.0,12.0,0,0,0,0,2021-11-07,78,0,6.8,8.6,0.6,0.4,8.6,9.8,0.8,0.4
2021,Mexico City Grand Prix,31,OCO,Alpine,19.0,15.0,13.0,0,0,0,0,2021-11-07,57,0,12.4,11.0,0.6,0.8,14.4,11.8,0.4,1.0
2021,Mexico City Grand Prix,18,STR,Aston Martin,20.0,20.0,14.0,0,0,0,0,2021-11-07,77,0,10.2,11.4,0.4,0.4,11.2,11.8,0.6,0.8
2021,Mexico City Grand Prix,77,BOT,Mercedes,1.0,1.0,15.0,0,0,0,0,2021-11-07,78,0,3.6,3.4,1.0,0.0,3.2,2.2,1.0,0.0
2021,Mexico City Grand Prix,63,RUS,Williams,16.0,13.0,16.0,0,0,0,0,2021-11-07,58,0,13.0,11.4,0.4,0.6,16.0,15.2,0.0,1.0
2021,Mexico City Grand Prix,6,LAT,Williams,13.0,17.0,17.0,0,0,0,0,2021-11-07,37,0,15.6,15.6,0.0,0.8,15.4,15.0,0.0,1.0
2021,Mexico City Grand Prix,9,MAZ,Haas F1 Team,15.0,19.0,18.0,0,0,0,0,2021-11-07,38,0,18.2,19.8,0.0,1.0,18.4,18.0,0.0,1.0
2021,Mexico City Grand Prix,47,MSC,Haas F1 Team,14.0,18.0,19.0,0,0,0,0,2021-11-07,18,1,17.6,17.4,0.0,0.8,18.0,18.4,0.0,1.0
2021,Mexico City Grand Prix,22,TSU,AlphaTauri,17.0,9.0,20.0,0,0,0,0,2021-11-07,18,1,15.8,13.0,0.2,1.0,10.6,7.8,0.6,0.6
2021,São Paulo Grand Prix,44,HAM,Mercedes,10.0,1.0,1.0,1,1,1,1,2021-11-14,78,0,5.4,2.2,0.8,0.19999999999999996,6.0,2.0,0.8,0.19999999999999996
2021,São Paulo Grand Prix,33,VER,Red Bull Racing,2.0,2.0,2.0,1,1,1,1,2021-11-14,79,0,4.8,6.0,0.8,0.19999999999999996,2.2,3.6,1.0,0.0
2021,São Paulo Grand Prix,77,BOT,Mercedes,1.0,3.0,3.0,1,1,1,1,2021-11-14,79,0,6.0,3.0,0.8,0.19999999999999996,5.2,2.0,0.8,0.19999999999999996
2021,São Paulo Grand Prix,11,PER,Red Bull Racing,4.0,4.0,4.0,1,0,1,1,2021-11-14,77,0,4.6,6.4,1.0,0.0,2.0,2.6,1.0,0.0
2021,São Paulo Grand Prix,16,LEC,Ferrari,6.0,7.0,5.0,1,0,1,1,2021-11-14,79,0,6.4,8.0,0.8,0.19999999999999996,6.0,8.0,1.0,0.19999999999999996
2021,São Paulo Grand Prix,55,SAI,Ferrari,3.0,6.0,6.0,1,0,0,1,2021-11-14,79,0,6.0,7.2,1.0,0.19999999999999996,5.4,6.4,1.0,0.19999999999999996
2021,São Paulo Grand Prix,10,GAS,AlphaTauri,7.0,5.0,7.0,0,0,0,1,2021-11-14,79,0,12.4,7.4,0.4,0.6,13.4,8.6,0.4,0.8
2021,São Paulo Grand Prix,31,OCO,Alpine,8.0,11.0,8.0,0,0,0,1,2021-11-14,58,0,13.2,12.4,0.4,0.8,15.0,12.4,0.2,1.0
2021,São Paulo Grand Prix,14,ALO,Alpine,12.0,10.0,9.0,0,0,0,1,2021-11-14,39,0,11.4,11.0,0.6,0.6,13.4,13.4,0.4,1.0
2021,São Paulo Grand Prix,4,NOR,McLaren,5.0,8.0,10.0,0,0,0,1,2021-11-14,59,0,6.8,6.2,1.0,0.19999999999999996,9.6,9.6,0.6,0.6
2021,São Paulo Grand Prix,5,VET,Aston Martin,9.0,12.0,11.0,0,0,0,0,2021-11-14,79,0,11.8,11.2,0.4,0.8,12.2,14.0,0.4,1.0
2021,São Paulo Grand Prix,7,RAI,Alfa Romeo Racing,0.0,14.0,12.0,0,0,0,0,2021-11-14,77,0,11.8,16.8,0.4,0.6,11.0,15.2,0.2,1.0
2021,São Paulo Grand Prix,63,RUS,Williams,17.0,18.0,13.0,0,0,0,0,2021-11-14,59,0,12.8,11.8,0.4,0.6,15.8,15.8,0.0,1.0
2021,São Paulo Grand Prix,99,GIO,Alfa Romeo Racing,13.0,15.0,14.0,0,0,0,0,2021-11-14,59,0,12.4,14.6,0.0,0.8,11.0,14.2,0.2,1.0
2021,São Paulo Grand Prix,22,TSU,AlphaTauri,15.0,13.0,15.0,0,0,0,0,2021-11-14,19,1,16.0,11.8,0.2,1.0,12.0,7.6,0.6,0.8
2021,São Paulo Grand Prix,6,LAT,Williams,16.0,17.0,16.0,0,0,0,0,2021-11-14,38,0,15.8,16.2,0.0,0.8,15.0,16.0,0.0,1.0
2021,São Paulo Grand Prix,9,MAZ,Haas F1 Team,19.0,20.0,17.0,0,0,0,0,2021-11-14,39,0,17.8,19.6,0.0,1.0,18.0,19.2,0.0,1.0
2021,São Paulo Grand Prix,47,MSC,Haas F1 Team,18.0,19.0,18.0,0,0,0,0,2021-11-14,19,1,17.8,17.2,0.0,0.8,17.4,19.2,0.0,1.0
2021,São Paulo Grand Prix,3,RIC,McLaren,11.0,9.0,19.0,0,0,0,0,2021-11-14,79,0,7.0,8.0,0.6,0.4,9.0,8.0,0.8,0.6
2021,São Paulo Grand Prix,18,STR,Aston Martin,14.0,16.0,20.0,0,0,0,0,2021-11-14,78,0,10.6,13.0,0.4,0.4,10.8,14.2,0.4,1.0
2021,Qatar Grand Prix,44,HAM,Mercedes,1.0,1.0,1.0,1,1,1,1,2021-11-21,79,0,2.2,2.0,1.0,0.0,5.4,2.2,0.8,0.19999999999999996
2021,Qatar Grand Prix,33,VER,Red Bull Racing,7.0,2.0,2.0,1,1,1,1,2021-11-21,80,0,1.6,5.8,1.0,0.0,2.6,3.2,1.0,0.0
2021,Qatar Grand Prix,14,ALO,Alpine,3.0,5.0,3.0,1,1,1,1,2021-11-21,40,0,11.6,10.4,0.6,0.8,11.6,12.6,0.6,1.0
2021,Qatar Grand Prix,11,PER,Red Bull Racing,11.0,11.0,4.0,1,0,1,1,2021-11-21,78,0,4.4,5.4,1.0,0.0,2.4,3.0,1.0,0.0
2021,Qatar Grand Prix,31,OCO,Alpine,9.0,9.0,5.0,1,0,1,1,2021-11-21,59,0,12.8,11.8,0.4,1.0,8.4,11.4,0.8,0.8
2021,Qatar Grand Prix,18,STR,Aston Martin,12.0,12.0,6.0,1,0,0,1,2021-11-21,79,0,13.2,13.8,0.2,0.6,12.8,15.0,0.2,1.0
2021,Qatar Grand Prix,55,SAI,Ferrari,5.0,7.0,7.0,1,0,0,1,2021-11-21,80,0,6.0,7.0,1.0,0.19999999999999996,5.8,6.6,1.0,0.19999999999999996
2021,Qatar Grand Prix,16,LEC,Ferrari,13.0,13.0,8.0,1,0,0,1,2021-11-21,80,0,6.6,7.8,0.8,0.19999999999999996,5.8,6.8,1.0,0.19999999999999996
2021,Qatar Grand Prix,4,NOR,McLaren,4.0,6.0,9.0,0,0,0,1,2021-11-21,60,0,8.4,7.0,1.0,0.4,11.8,8.4,0.6,0.8
2021,Qatar Grand Prix,5,VET,Aston Martin,10.0,10.0,10.0,0,0,0,1,2021-11-21,80,0,11.6,11.4,0.4,1.0,11.6,14.2,0.4,0.8
2021,Qatar Grand Prix,10,GAS,AlphaTauri,2.0,4.0,11.0,0,0,0,0,2021-11-21,80,0,10.0,7.2,0.6,0.6,13.2,8.2,0.4,0.8
2021,Qatar Grand Prix,3,RIC,McLaren,14.0,14.0,12.0,0,0,0,0,2021-11-21,80,0,10.6,8.8,0.4,0.6,12.0,8.0,0.6,1.0
2021,Qatar Grand Prix,22,TSU,AlphaTauri,8.0,8.0,13.0,0,0,0,0,2021-11-21,20,1,15.0,11.0,0.2,1.0,11.4,7.2,0.4,0.8
2021,Qatar Grand Prix,7,RAI,Alfa Romeo Racing,16.0,16.0,14.0,0,0,0,0,2021-11-21,78,0,10.6,15.8,0.4,0.8,11.6,14.6,0.2,1.0
2021,Qatar Grand Prix,99,GIO,Alfa Romeo Racing,18.0,18.0,15.0,0,0,0,0,2021-11-21,60,0,12.6,15.6,0.0,1.0,11.8,14.2,0.2,1.0
2021,Qatar Grand Prix,47,MSC,Haas F1 Team,19.0,19.0,16.0,0,0,0,0,2021-11-21,20,1,18.4,17.4,0.0,1.0,17.8,19.2,0.0,1.0
2021,Qatar Grand Prix,63,RUS,Williams,15.0,15.0,17.0,0,0,0,0,2021-11-21,60,0,13.6,12.4,0.2,0.8,15.4,16.4,0.0,1.0
2021,Qatar Grand Prix,9,MAZ,Haas F1 Team,20.0,20.0,18.0,0,0,0,0,2021-11-21,40,0,18.0,19.6,0.0,1.0,17.6,19.0,0.0,1.0
2021,Qatar Grand Prix,6,LAT,Williams,17.0,17.0,19.0,0,0,0,0,2021-11-21,39,0,16.8,16.4,0.0,1.0,15.8,16.0,0.0,1.0
2021,Qatar Grand Prix,77,BOT,Mercedes,6.0,3.0,20.0,0,0,0,0,2021-11-21,80,0,6.0,3.4,0.8,0.19999999999999996,4.4,1.6,0.8,0.19999999999999996
2021,Saudi Arabian Grand Prix,44,HAM,Mercedes,1.0,1.0,1.0,1,1,1,1,2021-12-05,80,0,2.2,1.4,1.0,0.0,8.0,1.8,0.6,0.4
2021,Saudi Arabian Grand Prix,33,VER,Red Bull Racing,3.0,3.0,2.0,1,1,1,1,2021-12-05,81,0,1.6,2.2,1.0,0.0,3.0,4.6,1.0,0.0
2021,Saudi Arabian Grand Prix,77,BOT,Mercedes,2.0,2.0,3.0,1,1,1,1,2021-12-05,81,0,9.0,2.6,0.6,0.4,5.2,1.8,0.8,0.19999999999999996
2021,Saudi Arabian Grand Prix,31,OCO,Alpine,9.0,9.0,4.0,1,0,1,1,2021-12-05,60,0,11.0,11.6,0.6,0.8,7.6,10.0,0.8,0.6
2021,Saudi Arabian Grand Prix,3,RIC,McLaren,11.0,11.0,5.0,1,0,1,1,2021-12-05,81,0,12.2,10.6,0.2,0.8,12.4,8.8,0.4,1.0
2021,Saudi Arabian Grand Prix,10,GAS,AlphaTauri,6.0,6.0,6.0,1,0,0,1,2021-12-05,81,0,9.6,5.6,0.6,0.6,13.2,7.8,0.2,1.0
2021,Saudi Arabian Grand Prix,16,LEC,Ferrari,4.0,4.0,7.0,1,0,0,1,2021-12-05,81,0,5.2,7.4,1.0,0.0,6.4,7.8,1.0,0.19999999999999996
2021,Saudi Arabian Grand Prix,55,SAI,Ferrari,15.0,15.0,8.0,1,0,0,1,2021-12-05,81,0,6.8,8.0,1.0,0.19999999999999996,6.6,7.4,1.0,0.0
2021,Saudi Arabian Grand Prix,99,GIO,Alfa Romeo Racing,10.0,10.0,9.0,1,0,0,1,2021-12-05,61,0,12.4,15.6,0.0,1.0,13.2,15.4,0.0,1.0
2021,Saudi Arabian Grand Prix,4,NOR,McLaren,7.0,7.0,10.0,1,0,0,1,2021-12-05,61,0,8.8,8.0,1.0,0.6,11.0,9.6,0.6,0.8
2021,Saudi Arabian Grand Prix,18,STR,Aston Martin,18.0,18.0,11.0,1,0,0,0,2021-12-05,80,0,12.2,14.6,0.4,0.6,12.2,14.0,0.4,0.8
2021,Saudi Arabian Grand Prix,6,LAT,Williams,16.0,16.0,12.0,1,0,0,0,2021-12-05,40,0,16.8,17.0,0.0,1.0,16.4,16.8,0.0,1.0
2021,Saudi Arabian Grand Prix,14,ALO,Alpine,13.0,13.0,13.0,0,0,0,0,2021-12-05,41,0,11.0,10.2,0.6,0.8,5.8,8.8,1.0,0.4
2021,Saudi Arabian Grand Prix,22,TSU,AlphaTauri,8.0,8.0,14.0,0,0,0,0,2021-12-05,21,1,14.2,10.0,0.2,1.0,10.4,7.2,0.4,0.8
2021,Saudi Arabian Grand Prix,7,RAI,Alfa Romeo Racing,12.0,12.0,15.0,0,0,0,0,2021-12-05,79,0,11.8,15.8,0.2,1.0,12.8,14.6,0.2,0.8
2021,Saudi Arabian Grand Prix,5,VET,Aston Martin,17.0,17.0,16.0,0,0,0,0,2021-12-05,81,0,11.2,11.2,0.6,1.0,11.6,13.6,0.4,0.6
2021,Saudi Arabian Grand Prix,11,PER,Red Bull Racing,5.0,5.0,17.0,0,0,0,0,2021-12-05,79,0,3.4,5.8,1.0,0.0,2.8,4.4,1.0,0.0
2021,Saudi Arabian Grand Prix,9,MAZ,Haas F1 Team,20.0,20.0,18.0,0,0,0,0,2021-12-05,41,0,18.0,19.8,0.0,1.0,17.6,19.2,0.0,1.0
2021,Saudi Arabian Grand Prix,63,RUS,Williams,14.0,14.0,19.0,0,0,0,0,2021-12-05,61,0,15.0,14.8,0.0,1.0,15.4,16.6,0.0,0.8
2021,Saudi Arabian Grand Prix,47,MSC,Haas F1 Team,19.0,19.0,20.0,0,0,0,0,2021-12-05,21,1,17.6,17.8,0.0,1.0,17.4,19.6,0.0,1.0
2021,Abu Dhabi Grand Prix,33,VER,Red Bull Racing,1.0,1.0,1.0,1,1,1,1,2021-12-12,82,0,1.6,2.2,1.0,0.0,5.8,5.0,0.8,0.19999999999999996
2021,Abu Dhabi Grand Prix,44,HAM,Mercedes,2.0,2.0,2.0,1,1,1,1,2021-12-12,81,0,1.4,1.4,1.0,0.0,5.6,2.0,0.8,0.19999999999999996
2021,Abu Dhabi Grand Prix,55,SAI,Ferrari,5.0,5.0,3.0,1,1,1,1,2021-12-12,82,0,6.8,8.0,1.0,0.19999999999999996,7.2,9.0,1.0,0.0
2021,Abu Dhabi Grand Prix,22,TSU,AlphaTauri,8.0,8.0,4.0,1,0,1,1,2021-12-12,22,1,14.2,9.6,0.2,1.0,11.8,7.8,0.2,0.8
2021,Abu Dhabi Grand Prix,10,GAS,AlphaTauri,12.0,12.0,5.0,1,0,1,1,2021-12-12,82,0,9.6,5.8,0.6,0.6,9.6,6.8,0.4,0.6
2021,Abu Dhabi Grand Prix,77,BOT,Mercedes,6.0,6.0,6.0,1,0,0,1,2021-12-12,82,0,9.4,2.6,0.6,0.4,5.4,1.8,0.8,0.19999999999999996
2021,Abu Dhabi Grand Prix,4,NOR,McLaren,3.0,3.0,7.0,1,0,0,1,2021-12-12,62,0,9.4,7.8,1.0,0.6,11.0,9.4,0.6,0.6
2021,Abu Dhabi Grand Prix,14,ALO,Alpine,11.0,11.0,8.0,1,0,0,1,2021-12-12,42,0,10.4,11.6,0.6,0.8,6.8,9.2,0.8,0.4
2021,Abu Dhabi Grand Prix,31,OCO,Alpine,9.0,9.0,9.0,1,0,0,1,2021-12-12,61,0,9.8,11.0,0.6,0.6,6.6,9.4,0.8,0.19999999999999996
2021,Abu Dhabi Grand Prix,16,LEC,Ferrari,7.0,7.0,10.0,1,0,0,1,2021-12-12,82,0,5.8,7.4,1.0,0.0,6.6,8.8,1.0,0.0
2021,Abu Dhabi Grand Prix,5,VET,Aston Martin,15.0,15.0,11.0,1,0,0,0,2021-12-12,82,0,10.8,12.4,0.6,1.0,12.6,14.6,0.4,0.6
2021,Abu Dhabi Grand Prix,3,RIC,McLaren,10.0,10.0,12.0,0,0,0,0,2021-12-12,82,0,10.6,9.6,0.4,0.6,8.6,8.2,0.8,0.4
2021,Abu Dhabi Grand Prix,18,STR,Aston Martin,13.0,13.0,13.0,0,0,0,0,2021-12-12,81,0,12.6,16.4,0.2,0.6,10.8,14.4,0.4,0.4
2021,Abu Dhabi Grand Prix,47,MSC,Haas F1 Team,19.0,19.0,14.0,0,0,0,0,2021-12-12,22,1,17.8,18.8,0.0,1.0,18.0,19.4,0.0,1.0
2021,Abu Dhabi Grand Prix,11,PER,Red Bull Racing,4.0,4.0,15.0,0,0,0,0,2021-12-12,80,0,6.2,5.4,0.8,0.19999999999999996,5.2,4.4,0.8,0.19999999999999996
2021,Abu Dhabi Grand Prix,6,LAT,Williams,16.0,16.0,16.0,0,0,0,0,2021-12-12,41,0,15.8,16.8,0.0,0.8,16.6,15.8,0.0,0.8
2021,Abu Dhabi Grand Prix,99,GIO,Alfa Romeo Racing,14.0,14.0,17.0,0,0,0,0,2021-12-12,62,0,12.0,14.0,0.2,0.8,13.4,14.2,0.2,0.8
2021,Abu Dhabi Grand Prix,63,RUS,Williams,17.0,17.0,18.0,0,0,0,0,2021-12-12,62,0,15.8,15.0,0.0,1.0,16.6,15.6,0.0,0.8
2021,Abu Dhabi Grand Prix,7,RAI,Alfa Romeo Racing,18.0,18.0,19.0,0,0,0,0,2021-12-12,80,0,12.4,14.4,0.2,1.0,14.0,14.0,0.2,0.8
2022,Pre-Season Track Session,55,SAI,Ferrari,1.0,1.0,1.0,1,1,1,1,2022-02-25,83,0,6.0,7.8,1.0,0.19999999999999996,7.2,8.8,1.0,0.0
2022,Pre-Season Track Session,11,PER,Red Bull Racing,4.0,4.0,2.0,1,1,1,1,2022-02-25,81,0,8.6,5.6,0.6,0.4,7.8,4.8,0.6,0.4
2022,Pre-Season Track Session,44,HAM,Mercedes,5.0,5.0,3.0,1,1,1,1,2022-02-25,82,0,1.4,1.4,1.0,0.0,6.4,2.8,0.8,0.19999999999999996
2022,Pre-Season Track Session,16,LEC,Ferrari,3.0,3.0,4.0,1,0,1,1,2022-02-25,83,0,7.0,7.8,1.0,0.0,5.8,6.4,1.0,0.0
2022,Pre-Season Track Session,14,ALO,Alpine,7.0,7.0,5.0,1,0,1,1,2022-02-25,43,0,8.4,11.0,0.8,0.6,7.8,10.2,0.8,0.19999999999999996
2022,Pre-Season Track Session,4,NOR,McLaren,6.0,6.0,6.0,1,0,0,1,2022-02-25,63,0,9.2,6.8,1.0,0.6,9.2,9.0,0.6,0.4
2022,Pre-Season Track Session,1,VER,Red Bull Racing,2.0,2.0,7.0,1,0,0,1,2022-02-25,0,1,7.4,3.4,0.6,0.4,7.4,3.4,0.6,0.4
2022,Pre-Season Track Session,47,MSC,Haas F1 Team,19.0,19.0,8.0,1,0,0,1,2022-02-25,23,0,17.4,18.8,0.0,1.0,17.2,19.4,0.0,1.0
2022,Pre-Season Track Session,5,VET,Aston Martin,18.0,18.0,9.0,1,0,0,1,2022-02-25,83,0,11.0,13.0,0.4,0.8,12.2,14.6,0.2,0.6
2022,Pre-Season Track Session,20,MAG,Haas F1 Team,17.0,17.0,10.0,1,0,0,1,2022-02-25,60,0,17.0,16.8,0.0,0.8,15.6,19.4,0.2,0.8
2022,Pre-Season Track Session,18,STR,Aston Martin,20.0,20.0,11.0,1,0,0,0,2022-02-25,82,0,12.8,15.8,0.2,0.6,12.0,16.2,0.2,0.4
2022,Pre-Season Track Session,6,LAT,Williams,10.0,10.0,12.0,1,0,0,0,2022-02-25,42,0,16.0,16.6,0.0,0.8,16.8,16.0,0.0,0.8
2022,Pre-Season Track Session,3,RIC,McLaren,14.0,14.0,13.0,1,0,0,0,2022-02-25,83,0,12.0,10.2,0.2,0.8,8.0,7.4,0.8,0.19999999999999996
2022,Pre-Season Track Session,22,TSU,AlphaTauri,13.0,13.0,14.0,1,0,0,0,2022-02-25,23,0,13.2,9.2,0.2,0.8,8.4,8.4,0.6,0.4
2022,Pre-Season Track Session,31,OCO,Alpine,15.0,15.0,15.0,0,0,0,0,2022-02-25,62,0,7.8,10.6,0.8,0.4,7.8,9.8,0.8,0.19999999999999996
2022,Pre-Season Track Session,10,GAS,AlphaTauri,11.0,11.0,16.0,0,0,0,0,2022-02-25,83,0,6.6,6.4,0.8,0.4,8.6,9.4,0.6,0.19999999999999996
2022,Pre-Season Track Session,77,BOT,Alfa Romeo,12.0,12.0,17.0,0,0,0,0,2022-02-25,83,0,9.4,3.0,0.6,0.4,10.46767559177338,10.466084656084657,0.5013969732246799,0.4282353511835468
2022,Pre-Season Track Session,63,RUS,Mercedes,8.0,8.0,18.0,0,0,0,0,2022-02-25,63,0,16.6,15.4,0.0,1.0,3.0,3.2,1.0,0.0
2022,Pre-Season Track Session,24,ZHO,Alfa Romeo,9.0,9.0,19.0,0,0,0,0,2022-02-25,0,1,17.0,12.0,0.0,1.0,17.0,12.0,0.0,1.0
2022,Pre-Season Track Session,23,ALB,Williams,16.0,16.0,20.0,0,0,0,0,2022-02-25,40,0,7.0,6.2,0.8,0.0,15.4,14.6,0.0,0.6
2022,Pre-Season Test,1,VER,Red Bull Racing,2.0,3.0,1.0,1,1,1,1,2022-03-12,1,1,7.0,2.0,1.0,0.0,8.4,3.2,0.6,0.4
2022,Pre-Season Test,44,HAM,Mercedes,3.0,5.0,2.0,1,1,1,1,2022-03-12,83,0,1.6,2.0,1.0,0.0,6.4,4.6,0.8,0.19999999999999996
2022,Pre-Season Test,16,LEC,Ferrari,12.0,2.0,3.0,1,1,1,1,2022-03-12,84,0,6.8,6.8,1.0,0.0,5.2,6.2,1.0,0.0
2022,Pre-Season Test,11,PER,Red Bull Racing,9.0,4.0,4.0,1,0,1,1,2022-03-12,82,0,8.4,5.6,0.6,0.4,5.2,2.8,0.8,0.19999999999999996
2022,Pre-Season Test,63,RUS,Mercedes,4.0,6.0,5.0,1,0,1,1,2022-03-12,64,0,17.0,14.4,0.0,1.0,6.2,5.2,0.8,0.19999999999999996
2022,Pre-Season Test,4,NOR,McLaren,6.0,8.0,6.0,1,0,0,1,2022-03-12,64,0,8.4,6.0,1.0,0.4,9.6,8.0,0.6,0.19999999999999996
2022,Pre-Season Test,14,ALO,Alpine,14.0,9.0,7.0,1,0,0,1,2022-03-12,44,0,7.6,9.2,0.8,0.4,10.0,11.0,0.6,0.4
2022,Pre-Season Test,5,VET,Aston Martin,10.0,12.0,8.0,1,0,0,1,2022-03-12,84,0,11.4,14.4,0.4,0.6,12.0,16.6,0.2,0.4
2022,Pre-Season Test,20,MAG,Haas F1 Team,13.0,16.0,9.0,1,0,0,1,2022-03-12,61,0,15.4,16.8,0.2,0.6,14.0,18.8,0.4,0.6
2022,Pre-Season Test,22,TSU,AlphaTauri,19.0,15.0,10.0,1,0,0,1,2022-03-12,24,0,12.0,10.0,0.2,0.6,10.6,10.4,0.4,0.4
2022,Pre-Season Test,31,OCO,Alpine,0.0,18.0,11.0,1,0,0,0,2022-03-12,63,0,8.2,10.6,0.8,0.4,8.8,10.2,0.8,0.19999999999999996
2022,Pre-Season Test,24,ZHO,Alfa Romeo,18.0,14.0,12.0,1,0,0,0,2022-03-12,1,1,19.0,9.0,0.0,1.0,18.0,10.5,0.0,1.0
2022,Pre-Season Test,23,ALB,Williams,8.0,11.0,13.0,1,0,0,0,2022-03-12,41,0,8.0,8.2,0.8,0.19999999999999996,17.0,14.6,0.0,0.8
2022,Pre-Season Test,10,GAS,AlphaTauri,11.0,13.0,14.0,1,0,0,0,2022-03-12,84,0,9.0,7.6,0.6,0.6,9.8,11.8,0.6,0.19999999999999996
2022,Pre-Season Test,47,MSC,Haas F1 Team,16.0,19.0,15.0,1,0,0,0,2022-03-12,24,0,15.2,19.0,0.2,0.8,12.2,18.0,0.6,0.4
2022,Pre-Season Test,3,RIC,McLaren,15.0,17.0,16.0,1,0,0,0,2022-03-12,84,0,12.2,11.6,0.2,0.6,8.8,8.2,0.6,0.19999999999999996
2022,Pre-Season Test,6,LAT,Williams,17.0,20.0,17.0,1,0,0,0,2022-03-12,43,0,15.0,15.2,0.0,0.6,15.8,14.0,0.0,0.6
2022,Pre-Season Test,18,STR,Aston Martin,5.0,7.0,18.0,0,0,0,0,2022-03-12,83,0,12.2,15.8,0.2,0.4,10.4,15.6,0.4,0.19999999999999996
2022,Pre-Season Test,77,BOT,Alfa Romeo,7.0,10.0,19.0,0,0,0,0,2022-03-12,84,0,9.8,5.2,0.6,0.4,16.0,11.666666666666666,0.0,0.6666666666666667
2022,Pre-Season Test,55,SAI,Ferrari,1.0,1.0,20.0,0,0,0,0,2022-03-12,84,0,5.0,6.8,1.0,0.0,4.2,3.6,1.0,0.0
2022,Bahrain Grand Prix,16,LEC,Ferrari,1.0,1.0,1.0,1,1,1,1,2022-03-20,85,0,6.4,5.8,1.0,0.0,7.6,2.8,0.8,0.19999999999999996
2022,Bahrain Grand Prix,55,SAI,Ferrari,3.0,3.0,2.0,1,1,1,1,2022-03-20,85,0,7.8,5.8,0.8,0.19999999999999996,5.8,1.6,0.8,0.19999999999999996
2022,Bahrain Grand Prix,44,HAM,Mercedes,5.0,5.0,3.0,1,1,1,1,2022-03-20,84,0,1.8,2.8,1.0,0.0,6.8,6.0,0.8,0.19999999999999996
2022,Bahrain Grand Prix,63,RUS,Mercedes,9.0,9.0,4.0,1,0,1,1,2022-03-20,65,0,15.4,12.0,0.2,0.8,6.2,5.8,0.8,0.19999999999999996
2022,Bahrain Grand Prix,20,MAG,Haas F1 Team,7.0,7.0,5.0,1,0,1,1,2022-03-20,62,0,13.8,16.8,0.4,0.4,11.2,18.0,0.6,0.19999999999999996
2022,Bahrain Grand Prix,77,BOT,Alfa Romeo,6.0,6.0,6.0,1,0,0,1,2022-03-20,85,0,13.0,6.6,0.4,0.6,16.75,11.25,0.0,0.75
2022,Bahrain Grand Prix,31,OCO,Alpine,11.0,11.0,7.0,1,0,0,1,2022-03-20,64,0,8.8,12.0,0.6,0.19999999999999996,9.4,11.6,0.6,0.19999999999999996
2022,Bahrain Grand Prix,22,TSU,AlphaTauri,16.0,16.0,8.0,1,0,0,1,2022-03-20,25,0,11.0,10.4,0.4,0.4,11.8,12.8,0.4,0.19999999999999996
2022,Bahrain Grand Prix,14,ALO,Alpine,8.0,8.0,9.0,1,0,0,1,2022-03-20,45,0,7.2,9.0,0.8,0.19999999999999996,9.0,12.0,0.6,0.19999999999999996
2022,Bahrain Grand Prix,24,ZHO,Alfa Romeo,15.0,15.0,10.0,1,0,0,1,2022-03-20,2,1,15.5,11.5,0.0,0.5,14.6,10.2,0.2,0.6
2022,Bahrain Grand Prix,47,MSC,Haas F1 Team,12.0,12.0,11.0,1,0,0,0,2022-03-20,25,0,14.6,19.0,0.2,0.6,9.4,15.6,0.8,0.0
2022,Bahrain Grand Prix,18,STR,Aston Martin,19.0,19.0,12.0,1,0,0,0,2022-03-20,84,0,11.8,14.0,0.2,0.4,11.8,14.0,0.4,0.4
2022,Bahrain Grand Prix,23,ALB,Williams,14.0,14.0,13.0,1,0,0,0,2022-03-20,42,0,9.2,9.6,0.6,0.19999999999999996,16.0,14.8,0.0,0.4
2022,Bahrain Grand Prix,3,RIC,McLaren,18.0,18.0,14.0,1,0,0,0,2022-03-20,85,0,11.6,13.2,0.2,0.4,10.6,11.0,0.4,0.19999999999999996
2022,Bahrain Grand Prix,4,NOR,McLaren,13.0,13.0,15.0,1,0,0,0,2022-03-20,65,0,7.6,6.0,1.0,0.19999999999999996,11.0,12.6,0.4,0.0
2022,Bahrain Grand Prix,6,LAT,Williams,20.0,20.0,16.0,1,0,0,0,2022-03-20,44,0,15.2,15.8,0.0,0.4,15.0,14.2,0.0,0.19999999999999996
2022,Bahrain Grand Prix,27,HUL,Aston Martin,17.0,17.0,17.0,1,0,0,0,2022-03-20,44,0,12.4,12.0,0.4,0.4,11.6,15.2,0.4,0.19999999999999996
2022,Bahrain Grand Prix,11,PER,Red Bull Racing,4.0,4.0,18.0,0,0,0,0,2022-03-20,83,0,8.4,5.6,0.6,0.4,5.8,3.4,0.8,0.19999999999999996
2022,Bahrain Grand Prix,1,VER,Red Bull Racing,2.0,2.0,19.0,0,0,0,0,2022-03-20,2,1,4.0,2.5,1.0,0.0,6.4,3.4,0.8,0.19999999999999996
2022,Bahrain Grand Prix,10,GAS,AlphaTauri,10.0,10.0,20.0,0,0,0,0,2022-03-20,85,0,10.4,9.2,0.4,0.4,12.4,13.6,0.4,0.19999999999999996
2022,Saudi Arabian Grand Prix,1,VER,Red Bull Racing,4.0,4.0,1.0,1,1,1,1,2022-03-27,3,1,9.0,2.3333333333333335,0.6666666666666666,0.33333333333333337,9.8,3.0,0.6,0.4
2022,Saudi Arabian Grand Prix,16,LEC,Ferrari,2.0,2.0,2.0,1,1,1,1,2022-03-27,86,0,5.0,3.4,1.0,0.0,6.0,2.0,0.8,0.19999999999999996
2022,Saudi Arabian Grand Prix,55,SAI,Ferrari,3.0,3.0,3.0,1,1,1,1,2022-03-27,86,0,6.8,5.0,0.8,0.19999999999999996,5.6,1.8,0.8,0.19999999999999996
2022,Saudi Arabian Grand Prix,11,PER,Red Bull Racing,1.0,1.0,4.0,1,0,1,1,2022-03-27,84,0,11.2,4.2,0.4,0.6,8.6,3.4,0.6,0.4
2022,Saudi Arabian Grand Prix,63,RUS,Mercedes,6.0,6.0,5.0,1,0,1,1,2022-03-27,66,0,12.8,10.8,0.4,0.6,6.4,6.6,0.8,0.19999999999999996
2022,Saudi Arabian Grand Prix,31,OCO,Alpine,5.0,5.0,6.0,1,0,0,1,2022-03-27,65,0,9.2,12.4,0.6,0.19999999999999996,9.8,12.2,0.6,0.19999999999999996
2022,Saudi Arabian Grand Prix,4,NOR,McLaren,11.0,11.0,7.0,1,0,0,1,2022-03-27,66,0,8.8,7.4,0.8,0.0,12.8,14.0,0.2,0.0
2022,Saudi Arabian Grand Prix,10,GAS,AlphaTauri,9.0,9.0,8.0,1,0,0,1,2022-03-27,86,0,12.2,10.4,0.4,0.4,13.6,13.0,0.4,0.4
2022,Saudi Arabian Grand Prix,20,MAG,Haas F1 Team,10.0,10.0,9.0,1,0,0,1,2022-03-27,63,0,11.4,14.6,0.6,0.19999999999999996,10.0,14.2,0.6,0.0
2022,Saudi Arabian Grand Prix,44,HAM,Mercedes,15.0,16.0,10.0,1,0,0,1,2022-03-27,85,0,2.2,3.6,1.0,0.0,3.8,6.2,1.0,0.0
2022,Saudi Arabian Grand Prix,24,ZHO,Alfa Romeo,12.0,13.0,11.0,1,0,0,0,2022-03-27,3,1,13.666666666666666,12.666666666666666,0.3333333333333333,0.33333333333333337,13.2,10.8,0.4,0.4
2022,Saudi Arabian Grand Prix,27,HUL,Aston Martin,17.0,18.0,12.0,1,0,0,0,2022-03-27,45,0,12.8,12.6,0.4,0.4,13.2,15.0,0.2,0.19999999999999996
2022,Saudi Arabian Grand Prix,18,STR,Aston Martin,13.0,15.0,13.0,0,0,0,0,2022-03-27,85,0,13.0,15.4,0.0,0.4,13.4,14.6,0.2,0.19999999999999996
2022,Saudi Arabian Grand Prix,23,ALB,Williams,16.0,17.0,14.0,0,0,0,0,2022-03-27,43,0,11.2,11.6,0.4,0.19999999999999996,15.8,16.2,0.0,0.19999999999999996
2022,Saudi Arabian Grand Prix,77,BOT,Alfa Romeo,8.0,8.0,15.0,0,0,0,0,2022-03-27,86,0,10.2,7.2,0.6,0.4,11.6,11.6,0.4,0.19999999999999996
2022,Saudi Arabian Grand Prix,14,ALO,Alpine,7.0,7.0,16.0,0,0,0,0,2022-03-27,46,0,8.4,9.6,0.8,0.19999999999999996,8.0,10.2,0.8,0.0
2022,Saudi Arabian Grand Prix,3,RIC,McLaren,14.0,12.0,17.0,0,0,0,0,2022-03-27,86,0,12.0,14.0,0.2,0.19999999999999996,11.6,13.4,0.4,0.0
2022,Saudi Arabian Grand Prix,6,LAT,Williams,18.0,19.0,18.0,0,0,0,0,2022-03-27,45,0,14.6,16.4,0.0,0.19999999999999996,14.6,16.4,0.0,0.19999999999999996
2022,Saudi Arabian Grand Prix,22,TSU,AlphaTauri,19.0,20.0,19.0,0,0,0,0,2022-03-27,26,0,10.0,12.0,0.6,0.19999999999999996,12.0,12.6,0.6,0.19999999999999996
2022,Australian Grand Prix,16,LEC,Ferrari,1.0,1.0,1.0,1,1,1,1,2022-04-10,87,0,4.0,3.0,1.0,0.0,5.6,2.0,0.8,0.19999999999999996
2022,Australian Grand Prix,11,PER,Red Bull Racing,3.0,3.0,2.0,1,1,1,1,2022-04-10,85,0,8.6,3.4,0.6,0.4,9.2,3.0,0.6,0.4
2022,Australian Grand Prix,63,RUS,Mercedes,6.0,6.0,3.0,1,1,1,1,2022-04-10,67,0,10.0,9.2,0.6,0.4,5.4,8.4,1.0,0.0
2022,Australian Grand Prix,44,HAM,Mercedes,5.0,5.0,4.0,1,0,1,1,2022-04-10,86,0,4.0,6.6,1.0,0.0,5.0,8.4,1.0,0.0
2022,Australian Grand Prix,4,NOR,McLaren,4.0,4.0,5.0,1,0,1,1,2022-04-10,67,0,8.2,8.2,0.8,0.0,13.8,14.2,0.2,0.19999999999999996
2022,Australian Grand Prix,3,RIC,McLaren,7.0,7.0,6.0,1,0,0,1,2022-04-10,87,0,14.4,14.2,0.0,0.4,11.6,11.6,0.4,0.19999999999999996
2022,Australian Grand Prix,31,OCO,Alpine,8.0,8.0,7.0,1,0,0,1,2022-04-10,66,0,9.6,11.6,0.6,0.19999999999999996,9.8,9.8,0.6,0.19999999999999996
2022,Australian Grand Prix,77,BOT,Alfa Romeo,12.0,12.0,8.0,1,0,0,1,2022-04-10,87,0,12.6,8.4,0.4,0.6,12.2,10.4,0.4,0.4
2022,Australian Grand Prix,10,GAS,AlphaTauri,11.0,11.0,9.0,1,0,0,1,2022-04-10,87,0,12.6,11.0,0.4,0.4,13.8,13.6,0.4,0.4
2022,Australian Grand Prix,23,ALB,Williams,20.0,16.0,10.0,1,0,0,1,2022-04-10,44,0,12.8,12.6,0.2,0.4,15.6,18.0,0.0,0.4
2022,Australian Grand Prix,24,ZHO,Alfa Romeo,14.0,14.0,11.0,1,0,0,0,2022-04-10,4,1,13.0,12.75,0.25,0.25,10.0,10.8,0.6,0.19999999999999996
2022,Australian Grand Prix,18,STR,Aston Martin,19.0,20.0,12.0,1,0,0,0,2022-04-10,86,0,13.4,14.8,0.0,0.6,14.4,15.2,0.0,0.4
2022,Australian Grand Prix,47,MSC,Haas F1 Team,15.0,15.0,13.0,0,0,0,0,2022-04-10,26,0,13.6,17.6,0.2,0.4,9.8,12.8,0.6,0.0
2022,Australian Grand Prix,20,MAG,Haas F1 Team,16.0,17.0,14.0,0,0,0,0,2022-04-10,64,0,10.2,13.4,0.8,0.19999999999999996,10.6,12.6,0.4,0.19999999999999996
2022,Australian Grand Prix,22,TSU,AlphaTauri,13.0,13.0,15.0,0,0,0,0,2022-04-10,27,0,11.0,14.4,0.6,0.19999999999999996,12.8,13.2,0.6,0.4
2022,Australian Grand Prix,6,LAT,Williams,18.0,19.0,16.0,0,0,0,0,2022-04-10,46,0,15.8,17.0,0.0,0.4,14.2,17.2,0.2,0.4
2022,Australian Grand Prix,14,ALO,Alpine,10.0,10.0,17.0,0,0,0,0,2022-04-10,47,0,9.0,8.4,0.8,0.19999999999999996,9.0,7.8,0.8,0.19999999999999996
2022,Australian Grand Prix,1,VER,Red Bull Racing,2.0,2.0,18.0,0,0,0,0,2022-04-10,4,1,7.0,2.75,0.75,0.25,8.8,2.8,0.6,0.4
2022,Australian Grand Prix,5,VET,Aston Martin,17.0,18.0,19.0,0,0,0,0,2022-04-10,85,0,10.8,14.4,0.6,0.4,13.2,17.8,0.0,0.19999999999999996
2022,Australian Grand Prix,55,SAI,Ferrari,9.0,9.0,20.0,0,0,0,0,2022-04-10,87,0,5.8,2.6,0.8,0.19999999999999996,1.8,2.0,1.0,0.0
2022,Emilia Romagna Grand Prix,1,VER,Red Bull Racing,1.0,1.0,1.0,1,1,1,1,2022-04-24,5,1,9.2,2.6,0.6,0.4,8.8,2.4,0.6,0.4
2022,Emilia Romagna Grand Prix,11,PER,Red Bull Racing,3.0,7.0,2.0,1,1,1,1,2022-04-24,86,0,6.0,3.2,0.8,0.19999999999999996,5.2,2.2,0.8,0.19999999999999996
2022,Emilia Romagna Grand Prix,4,NOR,McLaren,5.0,3.0,3.0,1,1,1,1,2022-04-24,68,0,7.8,8.4,0.8,0.0,10.0,9.4,0.6,0.19999999999999996
2022,Emilia Romagna Grand Prix,63,RUS,Mercedes,11.0,11.0,4.0,1,0,1,1,2022-04-24,68,0,7.0,7.0,0.8,0.19999999999999996,5.2,8.4,1.0,0.0
2022,Emilia Romagna Grand Prix,77,BOT,Alfa Romeo,7.0,8.0,5.0,1,0,1,1,2022-04-24,88,0,13.0,9.6,0.4,0.6,11.0,12.4,0.4,0.19999999999999996
2022,Emilia Romagna Grand Prix,16,LEC,Ferrari,2.0,2.0,6.0,1,0,0,1,2022-04-24,88,0,2.2,1.8,1.0,0.0,5.6,3.6,0.8,0.19999999999999996
2022,Emilia Romagna Grand Prix,22,TSU,AlphaTauri,12.0,16.0,7.0,1,0,0,1,2022-04-24,28,0,13.2,15.4,0.4,0.4,14.2,12.6,0.4,0.6
2022,Emilia Romagna Grand Prix,5,VET,Aston Martin,13.0,9.0,8.0,1,0,0,1,2022-04-24,86,0,12.6,16.0,0.4,0.4,14.6,17.6,0.0,0.4
2022,Emilia Romagna Grand Prix,20,MAG,Haas F1 Team,8.0,4.0,9.0,1,0,0,1,2022-04-24,65,0,9.4,13.4,0.8,0.19999999999999996,10.4,12.2,0.4,0.4
2022,Emilia Romagna Grand Prix,18,STR,Aston Martin,15.0,15.0,10.0,0,0,0,1,2022-04-24,87,0,13.2,16.2,0.0,0.4,12.8,16.0,0.2,0.4
2022,Emilia Romagna Grand Prix,23,ALB,Williams,18.0,20.0,11.0,0,0,0,0,2022-04-24,45,0,14.0,14.8,0.2,0.4,14.8,18.2,0.2,0.6
2022,Emilia Romagna Grand Prix,10,GAS,AlphaTauri,17.0,17.0,12.0,0,0,0,0,2022-04-24,88,0,13.4,10.8,0.4,0.4,11.6,13.8,0.6,0.4
2022,Emilia Romagna Grand Prix,44,HAM,Mercedes,14.0,13.0,13.0,0,0,0,0,2022-04-24,87,0,4.4,7.2,1.0,0.0,5.2,8.8,1.0,0.0
2022,Emilia Romagna Grand Prix,31,OCO,Alpine,16.0,19.0,14.0,0,0,0,0,2022-04-24,67,0,9.2,11.4,0.6,0.19999999999999996,11.0,7.6,0.6,0.4
2022,Emilia Romagna Grand Prix,24,ZHO,Alfa Romeo,0.0,14.0,15.0,0,0,0,0,2022-04-24,5,1,12.6,13.0,0.2,0.19999999999999996,10.0,11.0,0.4,0.19999999999999996
2022,Emilia Romagna Grand Prix,6,LAT,Williams,19.0,18.0,16.0,0,0,0,0,2022-04-24,47,0,15.8,17.6,0.0,0.4,13.8,18.2,0.2,0.8
2022,Emilia Romagna Grand Prix,47,MSC,Haas F1 Team,10.0,12.0,17.0,0,0,0,0,2022-04-24,27,0,12.2,16.8,0.2,0.4,11.2,11.6,0.4,0.4
2022,Emilia Romagna Grand Prix,3,RIC,McLaren,6.0,6.0,18.0,0,0,0,0,2022-04-24,88,0,13.2,13.6,0.2,0.19999999999999996,7.6,7.4,0.8,0.19999999999999996
2022,Emilia Romagna Grand Prix,14,ALO,Alpine,9.0,5.0,19.0,0,0,0,0,2022-04-24,48,0,10.8,8.2,0.6,0.4,12.0,9.8,0.4,0.6
2022,Emilia Romagna Grand Prix,55,SAI,Ferrari,4.0,10.0,20.0,0,0,0,0,2022-04-24,88,0,9.2,3.4,0.6,0.4,6.4,3.4,0.8,0.19999999999999996
2022,Miami Grand Prix,1,VER,Red Bull Racing,3.0,3.0,1.0,1,1,1,1,2022-05-08,6,1,8.0,2.4,0.6,0.4,5.4,2.8,0.8,0.19999999999999996
2022,Miami Grand Prix,16,LEC,Ferrari,1.0,1.0,2.0,1,1,1,1,2022-05-08,89,0,2.6,1.6,1.0,0.0,10.0,5.0,0.6,0.4
2022,Miami Grand Prix,55,SAI,Ferrari,2.0,2.0,3.0,1,1,1,1,2022-05-08,89,0,13.0,5.2,0.4,0.6,9.8,4.6,0.6,0.4
2022,Miami Grand Prix,11,PER,Red Bull Racing,4.0,4.0,4.0,1,0,1,1,2022-05-08,87,0,6.0,3.8,0.8,0.19999999999999996,4.8,3.2,0.8,0.19999999999999996
2022,Miami Grand Prix,63,RUS,Mercedes,12.0,12.0,5.0,1,0,1,1,2022-05-08,69,0,4.2,7.6,1.0,0.0,6.8,10.2,0.8,0.19999999999999996
2022,Miami Grand Prix,44,HAM,Mercedes,6.0,6.0,6.0,1,0,0,1,2022-05-08,88,0,6.4,8.8,0.8,0.19999999999999996,5.8,9.4,0.8,0.19999999999999996
2022,Miami Grand Prix,77,BOT,Alfa Romeo,5.0,5.0,7.0,1,0,0,1,2022-05-08,89,0,10.6,8.8,0.6,0.4,10.8,11.2,0.4,0.4
2022,Miami Grand Prix,31,OCO,Alpine,20.0,20.0,8.0,1,0,0,1,2022-05-08,68,0,9.0,12.2,0.6,0.19999999999999996,14.6,9.8,0.2,0.8
2022,Miami Grand Prix,23,ALB,Williams,18.0,18.0,9.0,1,0,0,1,2022-05-08,46,0,12.2,15.6,0.2,0.4,14.2,18.4,0.2,0.8
2022,Miami Grand Prix,18,STR,Aston Martin,0.0,10.0,10.0,1,0,0,1,2022-05-08,88,0,13.0,15.2,0.2,0.6,12.4,15.4,0.4,0.6
2022,Miami Grand Prix,14,ALO,Alpine,11.0,11.0,11.0,1,0,0,0,2022-05-08,49,0,13.6,7.8,0.4,0.6,13.0,12.4,0.4,0.6
2022,Miami Grand Prix,22,TSU,AlphaTauri,9.0,9.0,12.0,1,0,0,0,2022-05-08,29,0,11.8,16.0,0.6,0.4,12.4,15.4,0.4,0.6
2022,Miami Grand Prix,3,RIC,McLaren,14.0,14.0,13.0,1,0,0,0,2022-05-08,89,0,14.2,12.0,0.2,0.4,9.8,6.4,0.6,0.4
2022,Miami Grand Prix,6,LAT,Williams,19.0,19.0,14.0,1,0,0,0,2022-05-08,48,0,16.6,19.2,0.0,0.6,12.4,18.2,0.4,0.6
2022,Miami Grand Prix,47,MSC,Haas F1 Team,15.0,15.0,15.0,1,0,0,0,2022-05-08,28,0,12.8,15.4,0.2,0.4,12.4,11.6,0.4,0.6
2022,Miami Grand Prix,20,MAG,Haas F1 Team,16.0,16.0,16.0,0,0,0,0,2022-05-08,66,0,9.2,10.8,0.8,0.19999999999999996,13.6,12.6,0.2,0.6
2022,Miami Grand Prix,5,VET,Aston Martin,0.0,13.0,17.0,0,0,0,0,2022-05-08,87,0,11.0,14.4,0.6,0.19999999999999996,11.8,14.4,0.6,0.4
2022,Miami Grand Prix,10,GAS,AlphaTauri,7.0,7.0,18.0,0,0,0,0,2022-05-08,89,0,12.6,12.0,0.4,0.4,11.0,13.2,0.4,0.4
2022,Miami Grand Prix,4,NOR,McLaren,8.0,8.0,19.0,0,0,0,0,2022-05-08,69,0,7.2,7.8,0.8,0.0,9.0,6.8,0.6,0.19999999999999996
2022,Miami Grand Prix,24,ZHO,Alfa Romeo,17.0,17.0,20.0,0,0,0,0,2022-05-08,6,1,11.8,14.0,0.2,0.19999999999999996,9.2,10.6,0.6,0.19999999999999996
2022,Spanish Grand Prix,1,VER,Red Bull Racing,2.0,2.0,1.0,1,1,1,1,2022-05-22,7,1,8.0,2.4,0.6,0.4,5.2,3.4,0.8,0.19999999999999996
2022,Spanish Grand Prix,11,PER,Red Bull Racing,5.0,5.0,2.0,1,1,1,1,2022-05-22,88,0,6.0,3.8,0.8,0.19999999999999996,1.8,3.4,1.0,0.0
2022,Spanish Grand Prix,63,RUS,Mercedes,4.0,4.0,3.0,1,1,1,1,2022-05-22,70,0,4.2,8.8,1.0,0.0,6.4,9.4,0.8,0.19999999999999996
2022,Spanish Grand Prix,55,SAI,Ferrari,3.0,3.0,4.0,1,0,1,1,2022-05-22,90,0,9.6,5.4,0.6,0.4,10.2,4.8,0.6,0.4
2022,Spanish Grand Prix,44,HAM,Mercedes,6.0,6.0,5.0,1,0,1,1,2022-05-22,89,0,7.2,9.0,0.8,0.19999999999999996,6.2,9.2,0.8,0.19999999999999996
2022,Spanish Grand Prix,77,BOT,Alfa Romeo,7.0,7.0,6.0,1,0,0,1,2022-05-22,90,0,8.2,7.8,0.8,0.19999999999999996,11.6,11.6,0.4,0.4
2022,Spanish Grand Prix,31,OCO,Alpine,12.0,12.0,7.0,1,0,0,1,2022-05-22,69,0,8.4,12.6,0.8,0.19999999999999996,13.8,13.0,0.2,0.6
2022,Spanish Grand Prix,4,NOR,McLaren,11.0,11.0,8.0,1,0,0,1,2022-05-22,70,0,9.8,7.8,0.6,0.19999999999999996,11.8,7.6,0.4,0.4
2022,Spanish Grand Prix,14,ALO,Alpine,20.0,17.0,9.0,0,0,0,1,2022-05-22,50,0,14.4,8.2,0.2,0.6,11.8,13.4,0.4,0.4
2022,Spanish Grand Prix,22,TSU,AlphaTauri,13.0,13.0,10.0,0,0,0,1,2022-05-22,30,0,12.2,14.8,0.4,0.4,12.8,12.4,0.2,0.6
2022,Spanish Grand Prix,5,VET,Aston Martin,16.0,16.0,11.0,0,0,0,0,2022-05-22,88,0,12.2,14.0,0.6,0.4,12.8,13.0,0.6,0.6
2022,Spanish Grand Prix,3,RIC,McLaren,9.0,9.0,12.0,0,0,0,0,2022-05-22,90,0,13.6,11.4,0.2,0.4,12.2,8.4,0.4,0.4
2022,Spanish Grand Prix,10,GAS,AlphaTauri,14.0,14.0,13.0,0,0,0,0,2022-05-22,90,0,13.4,10.8,0.4,0.6,11.8,12.4,0.4,0.6
2022,Spanish Grand Prix,47,MSC,Haas F1 Team,10.0,10.0,14.0,0,0,0,0,2022-05-22,29,0,14.2,14.6,0.0,0.4,14.2,12.8,0.2,0.6
2022,Spanish Grand Prix,18,STR,Aston Martin,17.0,18.0,15.0,0,0,0,0,2022-05-22,89,0,11.4,15.8,0.4,0.4,11.2,12.6,0.6,0.6
2022,Spanish Grand Prix,6,LAT,Williams,19.0,20.0,16.0,0,0,0,0,2022-05-22,49,0,16.0,19.0,0.0,0.6,13.2,18.8,0.2,0.6
2022,Spanish Grand Prix,20,MAG,Haas F1 Team,8.0,8.0,17.0,0,0,0,0,2022-05-22,67,0,10.6,10.8,0.6,0.4,14.2,11.4,0.2,0.6
2022,Spanish Grand Prix,23,ALB,Williams,18.0,19.0,18.0,0,0,0,0,2022-05-22,47,0,11.4,17.0,0.4,0.4,13.2,19.0,0.2,0.6
2022,Spanish Grand Prix,24,ZHO,Alfa Romeo,15.0,15.0,19.0,0,0,0,0,2022-05-22,7,1,13.4,14.6,0.2,0.4,10.6,10.2,0.6,0.4
2022,Spanish Grand Prix,16,LEC,Ferrari,1.0,1.0,20.0,0,0,0,0,2022-05-22,90,0,2.4,1.4,1.0,0.0,7.0,3.6,0.8,0.19999999999999996
2022,Monaco Grand Prix,11,PER,Red Bull Racing,3.0,3.0,1.0,1,1,1,1,2022-05-29,89,0,2.8,4.0,1.0,0.0,2.0,4.2,1.0,0.0
2022,Monaco Grand Prix,55,SAI,Ferrari,2.0,2.0,2.0,1,1,1,1,2022-05-29,91,0,10.0,5.4,0.6,0.4,9.8,3.4,0.6,0.4
2022,Monaco Grand Prix,1,VER,Red Bull Racing,4.0,4.0,3.0,1,1,1,1,2022-05-29,8,1,4.4,2.4,0.8,0.19999999999999996,1.8,3.4,1.0,0.0
2022,Monaco Grand Prix,16,LEC,Ferrari,1.0,1.0,4.0,1,0,1,1,2022-05-29,91,0,6.2,1.4,0.8,0.19999999999999996,6.2,1.8,0.8,0.19999999999999996
2022,Monaco Grand Prix,63,RUS,Mercedes,6.0,6.0,5.0,1,0,1,1,2022-05-29,71,0,4.0,7.8,1.0,0.0,6.4,8.2,0.8,0.19999999999999996
2022,Monaco Grand Prix,4,NOR,McLaren,5.0,5.0,6.0,1,0,0,1,2022-05-29,71,0,8.4,7.4,0.8,0.19999999999999996,14.0,9.6,0.2,0.6
2022,Monaco Grand Prix,14,ALO,Alpine,7.0,7.0,7.0,1,0,0,1,2022-05-29,51,0,14.4,10.0,0.2,0.8,10.8,13.0,0.6,0.4
2022,Monaco Grand Prix,44,HAM,Mercedes,8.0,8.0,8.0,1,0,0,1,2022-05-29,90,0,7.6,9.2,0.8,0.19999999999999996,4.8,6.8,1.0,0.0
2022,Monaco Grand Prix,77,BOT,Alfa Romeo,12.0,12.0,9.0,1,0,0,1,2022-05-29,91,0,8.2,8.0,0.8,0.19999999999999996,13.4,11.6,0.4,0.6
2022,Monaco Grand Prix,5,VET,Aston Martin,9.0,9.0,10.0,1,0,0,1,2022-05-29,89,0,12.6,13.6,0.4,0.6,12.6,14.4,0.4,0.8
2022,Monaco Grand Prix,10,GAS,AlphaTauri,17.0,17.0,11.0,1,0,0,0,2022-05-29,91,0,12.0,11.6,0.4,0.6,13.0,12.0,0.2,0.8
2022,Monaco Grand Prix,31,OCO,Alpine,10.0,10.0,12.0,1,0,0,0,2022-05-29,70,0,8.4,12.8,0.8,0.19999999999999996,8.4,13.4,0.8,0.19999999999999996
2022,Monaco Grand Prix,3,RIC,McLaren,14.0,14.0,13.0,1,0,0,0,2022-05-29,91,0,13.2,9.6,0.2,0.6,11.6,9.4,0.4,0.4
2022,Monaco Grand Prix,18,STR,Aston Martin,18.0,18.0,14.0,1,0,0,0,2022-05-29,90,0,12.0,15.6,0.4,0.6,12.6,13.2,0.4,0.6
2022,Monaco Grand Prix,6,LAT,Williams,19.0,19.0,15.0,0,0,0,0,2022-05-29,50,0,16.0,19.0,0.0,0.8,14.6,18.8,0.2,0.6
2022,Monaco Grand Prix,24,ZHO,Alfa Romeo,20.0,20.0,16.0,0,0,0,0,2022-05-29,8,1,15.2,14.6,0.0,0.6,12.2,11.2,0.6,0.4
2022,Monaco Grand Prix,22,TSU,AlphaTauri,11.0,11.0,17.0,0,0,0,0,2022-05-29,31,0,12.6,14.2,0.4,0.6,12.8,12.0,0.2,0.6
2022,Monaco Grand Prix,23,ALB,Williams,16.0,16.0,18.0,0,0,0,0,2022-05-29,48,0,12.4,18.0,0.4,0.6,14.4,19.0,0.2,0.6
2022,Monaco Grand Prix,47,MSC,Haas F1 Team,15.0,15.0,19.0,0,0,0,0,2022-05-29,30,0,14.0,12.8,0.0,0.6,15.8,12.2,0.0,0.8
2022,Monaco Grand Prix,20,MAG,Haas F1 Team,13.0,13.0,20.0,0,0,0,0,2022-05-29,68,0,13.0,11.0,0.4,0.6,16.2,12.8,0.0,0.8
2022,Azerbaijan Grand Prix,1,VER,Red Bull Racing,3.0,3.0,1.0,1,1,1,1,2022-06-12,9,1,4.8,2.4,0.8,0.19999999999999996,2.2,3.6,1.0,0.0
2022,Azerbaijan Grand Prix,11,PER,Red Bull Racing,2.0,2.0,2.0,1,1,1,1,2022-06-12,90,0,2.2,4.4,1.0,0.0,1.6,3.4,1.0,0.0
2022,Azerbaijan Grand Prix,63,RUS,Mercedes,5.0,5.0,3.0,1,1,1,1,2022-06-12,72,0,4.0,7.8,1.0,0.0,5.4,6.0,1.0,0.0
2022,Azerbaijan Grand Prix,44,HAM,Mercedes,7.0,7.0,4.0,1,0,1,1,2022-06-12,91,0,7.2,7.6,0.8,0.19999999999999996,4.8,5.8,1.0,0.0
2022,Azerbaijan Grand Prix,10,GAS,AlphaTauri,6.0,6.0,5.0,1,0,1,1,2022-06-12,92,0,12.6,13.2,0.2,0.6,13.8,12.4,0.2,0.8
2022,Azerbaijan Grand Prix,5,VET,Aston Martin,9.0,9.0,6.0,1,0,0,1,2022-06-12,90,0,13.0,13.0,0.4,0.6,13.4,14.8,0.2,0.6
2022,Azerbaijan Grand Prix,14,ALO,Alpine,10.0,10.0,7.0,1,0,0,1,2022-06-12,52,0,12.6,10.0,0.4,0.6,9.2,11.4,0.6,0.19999999999999996
2022,Azerbaijan Grand Prix,3,RIC,McLaren,12.0,12.0,8.0,1,0,0,1,2022-06-12,92,0,12.4,10.0,0.2,0.4,11.6,9.4,0.4,0.4
2022,Azerbaijan Grand Prix,4,NOR,McLaren,11.0,11.0,9.0,1,0,0,1,2022-06-12,72,0,8.2,6.2,0.8,0.19999999999999996,9.4,10.2,0.6,0.19999999999999996
2022,Azerbaijan Grand Prix,31,OCO,Alpine,13.0,13.0,10.0,1,0,0,1,2022-06-12,71,0,9.6,13.8,0.6,0.19999999999999996,8.4,11.2,0.8,0.19999999999999996
2022,Azerbaijan Grand Prix,77,BOT,Alfa Romeo,15.0,15.0,11.0,0,0,0,0,2022-06-12,92,0,7.0,8.8,1.0,0.0,14.0,14.2,0.4,0.6
2022,Azerbaijan Grand Prix,23,ALB,Williams,17.0,17.0,12.0,0,0,0,0,2022-06-12,49,0,13.2,17.8,0.4,0.6,16.2,18.6,0.0,0.8
2022,Azerbaijan Grand Prix,22,TSU,AlphaTauri,8.0,8.0,13.0,0,0,0,0,2022-06-12,32,0,12.2,12.4,0.4,0.6,11.2,12.2,0.4,0.6
2022,Azerbaijan Grand Prix,47,MSC,Haas F1 Team,20.0,20.0,14.0,0,0,0,0,2022-06-12,31,0,15.6,13.4,0.0,0.8,17.2,12.4,0.0,1.0
2022,Azerbaijan Grand Prix,6,LAT,Williams,18.0,18.0,15.0,0,0,0,0,2022-06-12,51,0,15.4,19.0,0.0,0.8,15.8,18.2,0.0,1.0
2022,Azerbaijan Grand Prix,18,STR,Aston Martin,19.0,19.0,16.0,0,0,0,0,2022-06-12,91,0,12.2,16.2,0.4,0.4,11.2,14.0,0.4,0.4
2022,Azerbaijan Grand Prix,20,MAG,Haas F1 Team,16.0,16.0,17.0,0,0,0,0,2022-06-12,69,0,15.2,11.6,0.2,0.8,16.8,13.2,0.0,1.0
2022,Azerbaijan Grand Prix,24,ZHO,Alfa Romeo,14.0,14.0,18.0,0,0,0,0,2022-06-12,9,1,16.2,16.0,0.0,0.8,12.2,13.8,0.4,0.6
2022,Azerbaijan Grand Prix,16,LEC,Ferrari,1.0,1.0,19.0,0,0,0,0,2022-06-12,92,0,6.6,1.2,0.8,0.19999999999999996,6.6,1.8,0.8,0.19999999999999996
2022,Azerbaijan Grand Prix,55,SAI,Ferrari,4.0,4.0,20.0,0,0,0,0,2022-06-12,92,0,9.8,5.2,0.6,0.4,9.8,1.6,0.6,0.4
2022,Canadian Grand Prix,1,VER,Red Bull Racing,1.0,1.0,1.0,1,1,1,1,2022-06-19,10,1,1.4,2.6,1.0,0.0,1.8,3.4,1.0,0.0
2022,Canadian Grand Prix,55,SAI,Ferrari,3.0,3.0,2.0,1,1,1,1,2022-06-19,93,0,9.8,4.2,0.6,0.4,13.0,1.8,0.4,0.6
2022,Canadian Grand Prix,44,HAM,Mercedes,4.0,4.0,3.0,1,1,1,1,2022-06-19,92,0,7.2,8.0,0.8,0.19999999999999996,5.0,6.4,1.0,0.0
2022,Canadian Grand Prix,63,RUS,Mercedes,8.0,8.0,4.0,1,0,1,1,2022-06-19,73,0,4.0,7.6,1.0,0.0,4.6,6.0,1.0,0.0
2022,Canadian Grand Prix,16,LEC,Ferrari,19.0,15.0,5.0,1,0,1,1,2022-06-19,93,0,10.2,1.2,0.6,0.4,9.4,2.2,0.6,0.4
2022,Canadian Grand Prix,31,OCO,Alpine,7.0,7.0,6.0,1,0,0,1,2022-06-19,72,0,10.2,14.8,0.6,0.19999999999999996,9.0,11.4,0.8,0.19999999999999996
2022,Canadian Grand Prix,77,BOT,Alfa Romeo,11.0,11.0,7.0,1,0,0,1,2022-06-19,93,0,7.6,9.4,0.8,0.19999999999999996,14.6,15.2,0.2,0.8
2022,Canadian Grand Prix,24,ZHO,Alfa Romeo,10.0,10.0,8.0,1,0,0,1,2022-06-19,10,1,17.6,16.0,0.0,1.0,12.2,14.4,0.4,0.6
2022,Canadian Grand Prix,14,ALO,Alpine,2.0,2.0,9.0,1,0,0,1,2022-06-19,53,0,10.6,10.0,0.6,0.4,8.4,9.4,0.8,0.0
2022,Canadian Grand Prix,18,STR,Aston Martin,17.0,18.0,10.0,1,0,0,1,2022-06-19,92,0,13.0,16.0,0.4,0.6,12.2,14.6,0.4,0.4
2022,Canadian Grand Prix,3,RIC,McLaren,9.0,9.0,11.0,1,0,0,0,2022-06-19,93,0,12.8,11.0,0.2,0.4,9.6,10.2,0.6,0.19999999999999996
2022,Canadian Grand Prix,5,VET,Aston Martin,16.0,17.0,12.0,1,0,0,0,2022-06-19,91,0,10.4,11.2,0.6,0.4,11.2,14.6,0.6,0.19999999999999996
2022,Canadian Grand Prix,23,ALB,Williams,12.0,12.0,13.0,1,0,0,0,2022-06-19,50,0,13.6,18.0,0.2,0.8,15.6,17.8,0.0,1.0
2022,Canadian Grand Prix,10,GAS,AlphaTauri,15.0,16.0,14.0,1,0,0,0,2022-06-19,93,0,11.8,12.2,0.2,0.6,11.8,11.2,0.2,0.6
2022,Canadian Grand Prix,4,NOR,McLaren,14.0,14.0,15.0,1,0,0,0,2022-06-19,73,0,9.0,7.6,0.8,0.19999999999999996,9.4,10.2,0.6,0.0
2022,Canadian Grand Prix,6,LAT,Williams,18.0,19.0,16.0,1,0,0,0,2022-06-19,52,0,15.2,18.8,0.0,0.8,14.6,16.4,0.0,0.8
2022,Canadian Grand Prix,20,MAG,Haas F1 Team,5.0,5.0,17.0,1,0,0,0,2022-06-19,70,0,15.8,11.4,0.2,0.8,17.4,14.4,0.0,1.0
2022,Canadian Grand Prix,22,TSU,AlphaTauri,20.0,20.0,18.0,0,0,0,0,2022-06-19,33,0,11.8,11.4,0.4,0.6,12.0,11.6,0.2,0.4
2022,Canadian Grand Prix,47,MSC,Haas F1 Team,6.0,6.0,19.0,0,0,0,0,2022-06-19,32,0,15.8,14.4,0.0,0.8,17.4,13.8,0.0,0.8
2022,Canadian Grand Prix,11,PER,Red Bull Racing,13.0,13.0,20.0,0,0,0,0,2022-06-19,91,0,2.2,4.2,1.0,0.0,1.6,2.6,1.0,0.0
2022,British Grand Prix,55,SAI,Ferrari,1.0,1.0,1.0,1,1,1,1,2022-07-03,94,0,6.2,2.8,0.8,0.19999999999999996,10.0,4.8,0.6,0.4
2022,British Grand Prix,11,PER,Red Bull Racing,4.0,4.0,2.0,1,1,1,1,2022-07-03,92,0,5.8,5.4,0.8,0.19999999999999996,5.4,4.6,0.8,0.19999999999999996
2022,British Grand Prix,44,HAM,Mercedes,5.0,5.0,3.0,1,1,1,1,2022-07-03,93,0,5.2,6.2,1.0,0.0,4.4,6.4,1.0,0.0
2022,British Grand Prix,16,LEC,Ferrari,3.0,3.0,4.0,1,0,1,1,2022-07-03,94,0,10.0,3.8,0.6,0.4,9.4,4.8,0.6,0.4
2022,British Grand Prix,14,ALO,Alpine,7.0,7.0,5.0,1,0,1,1,2022-07-03,54,0,8.6,9.4,0.8,0.19999999999999996,8.8,8.4,0.8,0.0
2022,British Grand Prix,4,NOR,McLaren,6.0,6.0,6.0,1,0,0,1,2022-07-03,74,0,11.4,9.8,0.6,0.19999999999999996,11.2,12.0,0.4,0.0
2022,British Grand Prix,1,VER,Red Bull Racing,2.0,2.0,7.0,1,0,0,1,2022-07-03,11,1,1.4,2.6,1.0,0.0,5.2,4.6,0.8,0.19999999999999996
2022,British Grand Prix,47,MSC,Haas F1 Team,19.0,19.0,8.0,1,0,0,1,2022-07-03,33,0,16.2,13.2,0.0,0.8,17.4,12.0,0.0,0.8
2022,British Grand Prix,5,VET,Aston Martin,18.0,18.0,9.0,1,0,0,1,2022-07-03,92,0,11.2,12.8,0.4,0.4,11.6,16.2,0.4,0.19999999999999996
2022,British Grand Prix,20,MAG,Haas F1 Team,17.0,17.0,10.0,1,0,0,1,2022-07-03,71,0,17.4,11.6,0.0,0.8,15.0,13.2,0.2,0.6
2022,British Grand Prix,18,STR,Aston Martin,20.0,20.0,11.0,1,0,0,0,2022-07-03,93,0,13.0,16.6,0.4,0.4,10.6,16.2,0.6,0.19999999999999996
2022,British Grand Prix,6,LAT,Williams,10.0,10.0,12.0,1,0,0,0,2022-07-03,53,0,15.2,19.0,0.0,0.6,14.8,16.4,0.0,0.6
2022,British Grand Prix,3,RIC,McLaren,14.0,14.0,13.0,1,0,0,0,2022-07-03,94,0,11.4,11.6,0.2,0.19999999999999996,9.8,10.4,0.6,0.0
2022,British Grand Prix,22,TSU,AlphaTauri,13.0,13.0,14.0,1,0,0,0,2022-07-03,34,0,14.0,12.2,0.2,0.8,13.4,12.2,0.2,0.6
2022,British Grand Prix,31,OCO,Alpine,15.0,15.0,15.0,0,0,0,0,2022-07-03,73,0,8.6,12.4,0.8,0.0,7.4,7.8,1.0,0.0
2022,British Grand Prix,10,GAS,AlphaTauri,11.0,11.0,16.0,0,0,0,0,2022-07-03,94,0,12.2,12.0,0.2,0.4,12.8,12.6,0.2,0.4
2022,British Grand Prix,77,BOT,Alfa Romeo,12.0,12.0,17.0,0,0,0,0,2022-07-03,94,0,8.0,10.0,0.8,0.19999999999999996,12.0,14.0,0.4,0.6
2022,British Grand Prix,63,RUS,Mercedes,8.0,8.0,18.0,0,0,0,0,2022-07-03,74,0,4.0,7.0,1.0,0.0,3.4,5.8,1.0,0.0
2022,British Grand Prix,24,ZHO,Alfa Romeo,9.0,9.0,19.0,0,0,0,0,2022-07-03,11,1,16.2,15.2,0.2,0.8,12.2,12.4,0.4,0.6
2022,British Grand Prix,23,ALB,Williams,16.0,16.0,20.0,0,0,0,0,2022-07-03,51,0,14.0,16.4,0.2,0.6,13.6,15.2,0.0,0.4
2022,Austrian Grand Prix,16,LEC,Ferrari,2.0,2.0,1.0,1,1,1,1,2022-07-10,95,0,10.4,4.2,0.6,0.4,6.4,5.2,0.8,0.19999999999999996
2022,Austrian Grand Prix,1,VER,Red Bull Racing,1.0,1.0,2.0,1,1,1,1,2022-07-10,12,1,2.6,2.4,1.0,0.0,6.4,4.4,0.8,0.19999999999999996
2022,Austrian Grand Prix,44,HAM,Mercedes,8.0,9.0,3.0,1,1,1,1,2022-07-10,94,0,4.6,6.0,1.0,0.0,6.4,6.4,0.8,0.19999999999999996
2022,Austrian Grand Prix,63,RUS,Mercedes,4.0,4.0,4.0,1,0,1,1,2022-07-10,75,0,6.6,6.2,0.8,0.19999999999999996,6.2,6.8,0.8,0.19999999999999996
2022,Austrian Grand Prix,31,OCO,Alpine,6.0,5.0,5.0,1,0,1,1,2022-07-10,74,0,10.0,11.4,0.6,0.19999999999999996,9.0,8.8,0.8,0.19999999999999996
2022,Austrian Grand Prix,47,MSC,Haas F1 Team,9.0,7.0,6.0,0,0,0,1,2022-07-10,34,0,14.8,14.0,0.2,0.8,14.2,12.6,0.4,0.4
2022,Austrian Grand Prix,4,NOR,McLaren,10.0,15.0,7.0,0,0,0,1,2022-07-10,75,0,8.8,9.4,0.8,0.0,10.8,10.8,0.4,0.0
2022,Austrian Grand Prix,20,MAG,Haas F1 Team,7.0,6.0,8.0,0,0,0,1,2022-07-10,72,0,16.2,11.8,0.2,0.6,12.0,10.8,0.6,0.4
2022,Austrian Grand Prix,3,RIC,McLaren,11.0,16.0,9.0,0,0,0,1,2022-07-10,95,0,11.4,11.6,0.2,0.19999999999999996,10.4,11.6,0.4,0.19999999999999996
2022,Austrian Grand Prix,14,ALO,Alpine,19.0,8.0,10.0,0,0,0,1,2022-07-10,55,0,7.4,8.6,1.0,0.19999999999999996,8.0,7.2,0.8,0.19999999999999996
2022,Austrian Grand Prix,77,BOT,Alfa Romeo,0.0,12.0,11.0,0,0,0,0,2022-07-10,95,0,10.0,11.4,0.6,0.4,13.8,11.2,0.4,0.6
2022,Austrian Grand Prix,23,ALB,Williams,15.0,11.0,12.0,0,0,0,0,2022-07-10,52,0,16.2,16.0,0.0,0.8,15.2,15.0,0.0,0.4
2022,Austrian Grand Prix,18,STR,Aston Martin,12.0,17.0,13.0,0,0,0,0,2022-07-10,94,0,13.2,18.6,0.2,0.4,11.6,18.4,0.4,0.19999999999999996
2022,Austrian Grand Prix,24,ZHO,Alfa Romeo,13.0,18.0,14.0,0,0,0,0,2022-07-10,12,1,16.0,13.6,0.2,0.8,12.4,10.8,0.4,0.6
2022,Austrian Grand Prix,10,GAS,AlphaTauri,14.0,10.0,15.0,0,0,0,0,2022-07-10,95,0,11.8,12.8,0.2,0.4,15.0,13.6,0.0,0.6
2022,Austrian Grand Prix,22,TSU,AlphaTauri,16.0,14.0,16.0,0,0,0,0,2022-07-10,35,0,14.4,13.0,0.2,0.8,15.4,14.0,0.0,0.6
2022,Austrian Grand Prix,5,VET,Aston Martin,18.0,20.0,17.0,0,0,0,0,2022-07-10,93,0,9.6,13.8,0.6,0.19999999999999996,11.0,18.0,0.4,0.19999999999999996
2022,Austrian Grand Prix,55,SAI,Ferrari,3.0,3.0,18.0,0,0,0,0,2022-07-10,95,0,5.8,2.6,0.8,0.19999999999999996,2.6,4.8,1.0,0.0
2022,Austrian Grand Prix,6,LAT,Williams,17.0,19.0,19.0,0,0,0,0,2022-07-10,54,0,14.8,17.2,0.0,0.6,14.6,13.6,0.0,0.4
2022,Austrian Grand Prix,11,PER,Red Bull Racing,5.0,13.0,20.0,0,0,0,0,2022-07-10,93,0,5.4,5.4,0.8,0.19999999999999996,6.4,4.2,0.8,0.19999999999999996
2022,French Grand Prix,1,VER,Red Bull Racing,2.0,2.0,1.0,1,1,1,1,2022-07-24,13,1,2.8,2.2,1.0,0.0,10.2,6.6,0.6,0.4
2022,French Grand Prix,44,HAM,Mercedes,4.0,4.0,2.0,1,1,1,1,2022-07-24,95,0,4.2,6.6,1.0,0.0,6.4,6.8,0.8,0.19999999999999996
2022,French Grand Prix,63,RUS,Mercedes,6.0,6.0,3.0,1,1,1,1,2022-07-24,76,0,6.8,6.2,0.8,0.19999999999999996,6.0,6.0,0.8,0.19999999999999996
2022,French Grand Prix,11,PER,Red Bull Racing,3.0,3.0,4.0,1,0,1,1,2022-07-24,94,0,9.0,7.0,0.6,0.4,6.4,4.4,0.8,0.19999999999999996
2022,French Grand Prix,55,SAI,Ferrari,19.0,9.0,5.0,1,0,1,1,2022-07-24,96,0,8.6,2.6,0.6,0.4,5.8,4.8,0.8,0.19999999999999996
2022,French Grand Prix,14,ALO,Alpine,7.0,7.0,6.0,1,0,0,1,2022-07-24,56,0,7.6,6.8,1.0,0.19999999999999996,8.8,7.4,0.8,0.4
2022,French Grand Prix,4,NOR,McLaren,5.0,5.0,7.0,1,0,0,1,2022-07-24,76,0,8.6,10.2,0.8,0.19999999999999996,10.0,13.0,0.6,0.4
2022,French Grand Prix,31,OCO,Alpine,10.0,12.0,8.0,1,0,0,1,2022-07-24,75,0,9.6,10.0,0.6,0.19999999999999996,8.2,8.4,0.8,0.4
2022,French Grand Prix,3,RIC,McLaren,9.0,11.0,9.0,1,0,0,1,2022-07-24,96,0,10.8,13.0,0.4,0.19999999999999996,8.4,11.2,0.8,0.4
2022,French Grand Prix,18,STR,Aston Martin,15.0,17.0,10.0,1,0,0,1,2022-07-24,95,0,12.8,18.4,0.2,0.4,12.4,18.4,0.2,0.4
2022,French Grand Prix,5,VET,Aston Martin,12.0,14.0,11.0,1,0,0,0,2022-07-24,94,0,10.8,14.6,0.6,0.19999999999999996,12.0,18.4,0.4,0.4
2022,French Grand Prix,10,GAS,AlphaTauri,14.0,16.0,12.0,1,0,0,0,2022-07-24,96,0,12.2,12.0,0.2,0.4,15.8,13.6,0.0,0.8
2022,French Grand Prix,23,ALB,Williams,13.0,15.0,13.0,1,0,0,0,2022-07-24,53,0,15.0,14.4,0.0,0.8,15.8,15.0,0.0,0.6
2022,French Grand Prix,77,BOT,Alfa Romeo,11.0,13.0,14.0,1,0,0,0,2022-07-24,96,0,11.0,12.4,0.4,0.6,13.8,12.2,0.2,0.8
2022,French Grand Prix,47,MSC,Haas F1 Team,17.0,19.0,15.0,1,0,0,0,2022-07-24,35,0,13.2,13.4,0.4,0.8,10.2,11.0,0.8,0.6
2022,French Grand Prix,24,ZHO,Alfa Romeo,16.0,18.0,16.0,0,0,0,0,2022-07-24,13,1,15.0,14.2,0.2,0.8,15.0,12.8,0.0,0.8
2022,French Grand Prix,6,LAT,Williams,18.0,20.0,17.0,0,0,0,0,2022-07-24,55,0,15.4,17.0,0.0,0.6,15.2,14.2,0.0,0.6
2022,French Grand Prix,20,MAG,Haas F1 Team,20.0,10.0,18.0,0,0,0,0,2022-07-24,73,0,14.4,11.4,0.4,0.6,9.4,13.6,0.8,0.4
2022,French Grand Prix,16,LEC,Ferrari,1.0,1.0,19.0,0,0,0,0,2022-07-24,96,0,6.6,4.4,0.8,0.19999999999999996,5.8,3.6,0.8,0.19999999999999996
2022,French Grand Prix,22,TSU,AlphaTauri,8.0,8.0,20.0,0,0,0,0,2022-07-24,36,0,15.6,13.2,0.0,0.8,14.6,12.8,0.0,0.6
2022,Hungarian Grand Prix,1,VER,Red Bull Racing,10.0,10.0,1.0,1,1,1,1,2022-07-31,14,1,2.4,1.8,1.0,0.0,6.8,4.2,0.8,0.19999999999999996
2022,Hungarian Grand Prix,44,HAM,Mercedes,7.0,7.0,2.0,1,1,1,1,2022-07-31,96,0,3.0,5.8,1.0,0.0,6.0,6.2,0.8,0.19999999999999996
2022,Hungarian Grand Prix,63,RUS,Mercedes,1.0,1.0,3.0,1,1,1,1,2022-07-31,77,0,6.4,6.2,0.8,0.19999999999999996,2.8,6.0,1.0,0.0
2022,Hungarian Grand Prix,55,SAI,Ferrari,2.0,2.0,4.0,1,0,1,1,2022-07-31,97,0,9.2,4.0,0.6,0.4,9.4,3.6,0.6,0.4
2022,Hungarian Grand Prix,11,PER,Red Bull Racing,11.0,11.0,5.0,1,0,1,1,2022-07-31,95,0,9.6,7.0,0.6,0.4,5.6,5.8,0.8,0.19999999999999996
2022,Hungarian Grand Prix,16,LEC,Ferrari,3.0,3.0,6.0,1,0,0,1,2022-07-31,97,0,9.6,4.4,0.6,0.4,9.4,3.4,0.6,0.4
2022,Hungarian Grand Prix,4,NOR,McLaren,4.0,4.0,7.0,1,0,0,1,2022-07-31,77,0,8.8,10.2,0.8,0.19999999999999996,9.0,12.2,0.8,0.4
2022,Hungarian Grand Prix,14,ALO,Alpine,6.0,6.0,8.0,0,0,0,1,2022-07-31,57,0,7.4,6.8,1.0,0.19999999999999996,8.8,9.4,0.8,0.4
2022,Hungarian Grand Prix,31,OCO,Alpine,5.0,5.0,9.0,0,0,0,1,2022-07-31,76,0,8.8,10.4,0.8,0.19999999999999996,7.4,7.6,1.0,0.4
2022,Hungarian Grand Prix,5,VET,Aston Martin,18.0,18.0,10.0,0,0,0,1,2022-07-31,95,0,11.0,15.6,0.4,0.19999999999999996,12.4,17.6,0.2,0.4
2022,Hungarian Grand Prix,18,STR,Aston Martin,14.0,14.0,11.0,0,0,0,0,2022-07-31,96,0,12.0,18.2,0.4,0.4,12.2,17.2,0.4,0.6
2022,Hungarian Grand Prix,10,GAS,AlphaTauri,0.0,19.0,12.0,0,0,0,0,2022-07-31,97,0,12.4,11.8,0.2,0.4,15.8,11.8,0.0,0.8
2022,Hungarian Grand Prix,24,ZHO,Alfa Romeo,12.0,12.0,13.0,0,0,0,0,2022-07-31,14,1,15.0,13.8,0.2,0.8,14.8,14.0,0.0,0.8
2022,Hungarian Grand Prix,47,MSC,Haas F1 Team,15.0,15.0,14.0,0,0,0,0,2022-07-31,36,0,12.4,14.2,0.4,0.6,11.4,11.8,0.6,0.6
2022,Hungarian Grand Prix,3,RIC,McLaren,9.0,9.0,15.0,0,0,0,0,2022-07-31,97,0,10.0,12.4,0.6,0.19999999999999996,7.8,10.2,1.0,0.4
2022,Hungarian Grand Prix,20,MAG,Haas F1 Team,13.0,13.0,16.0,0,0,0,0,2022-07-31,74,0,14.0,10.8,0.4,0.6,12.2,11.4,0.4,0.8
2022,Hungarian Grand Prix,23,ALB,Williams,17.0,17.0,17.0,0,0,0,0,2022-07-31,54,0,14.0,14.2,0.0,0.6,16.2,16.2,0.0,0.8
2022,Hungarian Grand Prix,6,LAT,Williams,19.0,20.0,18.0,0,0,0,0,2022-07-31,56,0,15.8,17.2,0.0,0.6,15.6,16.4,0.0,0.8
2022,Hungarian Grand Prix,22,TSU,AlphaTauri,16.0,16.0,19.0,0,0,0,0,2022-07-31,37,0,16.2,12.6,0.0,0.8,15.0,13.4,0.0,0.8
2022,Hungarian Grand Prix,77,BOT,Alfa Romeo,8.0,8.0,20.0,0,0,0,0,2022-07-31,97,0,12.0,12.6,0.2,0.6,13.6,14.6,0.0,0.8
2022,Belgian Grand Prix,1,VER,Red Bull Racing,14.0,1.0,1.0,1,1,1,1,2022-08-28,15,1,2.4,3.2,1.0,0.0,6.2,7.8,0.8,0.19999999999999996
2022,Belgian Grand Prix,11,PER,Red Bull Racing,2.0,3.0,2.0,1,1,1,1,2022-08-28,96,0,10.2,8.8,0.6,0.4,2.4,5.4,1.0,0.0
2022,Belgian Grand Prix,55,SAI,Ferrari,1.0,2.0,3.0,1,1,1,1,2022-08-28,98,0,6.0,3.6,0.8,0.19999999999999996,10.4,3.6,0.6,0.4
2022,Belgian Grand Prix,63,RUS,Mercedes,5.0,8.0,4.0,1,0,1,1,2022-08-28,78,0,6.4,5.4,0.8,0.19999999999999996,2.8,4.4,1.0,0.0
2022,Belgian Grand Prix,14,ALO,Alpine,3.0,6.0,5.0,1,0,1,1,2022-08-28,58,0,7.6,6.0,1.0,0.4,8.2,7.6,1.0,0.6
2022,Belgian Grand Prix,16,LEC,Ferrari,15.0,4.0,6.0,1,0,0,1,2022-08-28,98,0,7.0,4.8,0.8,0.19999999999999996,7.4,3.4,0.8,0.19999999999999996
2022,Belgian Grand Prix,31,OCO,Alpine,16.0,5.0,7.0,1,0,0,1,2022-08-28,77,0,8.6,8.8,0.8,0.4,7.2,7.2,1.0,0.4
2022,Belgian Grand Prix,5,VET,Aston Martin,10.0,16.0,8.0,1,0,0,1,2022-08-28,96,0,11.8,17.4,0.4,0.4,11.8,16.6,0.4,0.6
2022,Belgian Grand Prix,10,GAS,AlphaTauri,0.0,12.0,9.0,1,0,0,1,2022-08-28,98,0,13.8,14.4,0.0,0.6,15.8,14.6,0.0,0.8
2022,Belgian Grand Prix,23,ALB,Williams,6.0,9.0,10.0,1,0,0,1,2022-08-28,55,0,15.0,14.2,0.0,0.6,16.8,18.2,0.0,0.8
2022,Belgian Grand Prix,18,STR,Aston Martin,9.0,14.0,11.0,1,0,0,0,2022-08-28,97,0,11.0,17.2,0.4,0.4,10.0,15.8,0.6,0.4
2022,Belgian Grand Prix,4,NOR,McLaren,17.0,10.0,12.0,1,0,0,0,2022-08-28,78,0,8.4,8.8,0.8,0.19999999999999996,9.4,9.0,0.8,0.4
2022,Belgian Grand Prix,22,TSU,AlphaTauri,0.0,19.0,13.0,1,0,0,0,2022-08-28,38,0,17.4,14.2,0.0,0.8,14.4,14.2,0.2,0.6
2022,Belgian Grand Prix,24,ZHO,Alfa Romeo,18.0,13.0,14.0,1,0,0,0,2022-08-28,15,1,14.0,13.4,0.2,0.8,15.4,13.8,0.0,0.8
2022,Belgian Grand Prix,3,RIC,McLaren,7.0,11.0,15.0,1,0,0,0,2022-08-28,98,0,11.4,11.8,0.4,0.4,10.0,7.8,0.6,0.19999999999999996
2022,Belgian Grand Prix,20,MAG,Haas F1 Team,12.0,18.0,16.0,0,0,0,0,2022-08-28,75,0,13.8,10.2,0.4,0.6,14.2,12.6,0.2,0.8
2022,Belgian Grand Prix,47,MSC,Haas F1 Team,19.0,15.0,17.0,0,0,0,0,2022-08-28,37,0,12.4,13.2,0.4,0.6,15.8,15.0,0.0,0.8
2022,Belgian Grand Prix,6,LAT,Williams,11.0,17.0,18.0,0,0,0,0,2022-08-28,57,0,16.4,17.6,0.0,0.6,15.0,16.2,0.2,0.6
2022,Belgian Grand Prix,77,BOT,Alfa Romeo,13.0,20.0,19.0,0,0,0,0,2022-08-28,98,0,13.8,11.2,0.2,0.6,15.4,12.8,0.0,0.6
2022,Belgian Grand Prix,44,HAM,Mercedes,4.0,7.0,20.0,0,0,0,0,2022-08-28,97,0,2.6,5.8,1.0,0.0,2.8,5.2,1.0,0.0
2022,Dutch Grand Prix,1,VER,Red Bull Racing,1.0,1.0,1.0,1,1,1,1,2022-09-04,16,1,2.4,3.2,1.0,0.0,2.6,5.6,1.0,0.0
2022,Dutch Grand Prix,63,RUS,Mercedes,6.0,6.0,2.0,1,1,1,1,2022-09-04,79,0,6.4,5.4,0.8,0.19999999999999996,6.4,5.8,0.8,0.19999999999999996
2022,Dutch Grand Prix,16,LEC,Ferrari,2.0,2.0,3.0,1,1,1,1,2022-09-04,99,0,7.2,2.6,0.8,0.19999999999999996,7.6,2.4,0.8,0.19999999999999996
2022,Dutch Grand Prix,44,HAM,Mercedes,4.0,4.0,4.0,1,0,1,1,2022-09-04,98,0,6.0,6.4,0.8,0.19999999999999996,6.2,5.8,0.8,0.19999999999999996
2022,Dutch Grand Prix,11,PER,Red Bull Racing,5.0,5.0,5.0,1,0,1,1,2022-09-04,97,0,6.6,6.8,0.8,0.19999999999999996,2.0,5.2,1.0,0.0
2022,Dutch Grand Prix,14,ALO,Alpine,13.0,13.0,6.0,1,0,0,1,2022-09-04,59,0,6.8,6.8,1.0,0.4,7.4,6.8,1.0,0.4
2022,Dutch Grand Prix,4,NOR,McLaren,7.0,7.0,7.0,1,0,0,1,2022-09-04,79,0,7.8,8.0,0.8,0.19999999999999996,11.6,9.0,0.4,0.19999999999999996
2022,Dutch Grand Prix,55,SAI,Ferrari,3.0,3.0,8.0,1,0,0,1,2022-09-04,99,0,6.2,3.4,0.8,0.19999999999999996,4.4,2.6,1.0,0.0
2022,Dutch Grand Prix,31,OCO,Alpine,12.0,12.0,9.0,1,0,0,1,2022-09-04,78,0,8.8,8.4,0.8,0.4,7.0,7.0,1.0,0.4
2022,Dutch Grand Prix,18,STR,Aston Martin,10.0,10.0,10.0,1,0,0,1,2022-09-04,98,0,11.2,16.4,0.2,0.4,10.2,15.2,0.4,0.4
2022,Dutch Grand Prix,10,GAS,AlphaTauri,11.0,11.0,11.0,1,0,0,0,2022-09-04,99,0,12.8,13.6,0.2,0.6,14.6,14.8,0.2,0.6
2022,Dutch Grand Prix,23,ALB,Williams,15.0,15.0,12.0,1,0,0,0,2022-09-04,56,0,14.4,13.6,0.2,0.6,16.0,16.6,0.2,0.8
2022,Dutch Grand Prix,47,MSC,Haas F1 Team,8.0,8.0,13.0,1,0,0,0,2022-09-04,38,0,12.0,15.0,0.4,0.6,16.2,14.2,0.0,1.0
2022,Dutch Grand Prix,5,VET,Aston Martin,19.0,19.0,14.0,1,0,0,0,2022-09-04,97,0,11.0,17.2,0.6,0.4,10.0,14.4,0.6,0.4
2022,Dutch Grand Prix,20,MAG,Haas F1 Team,18.0,18.0,15.0,1,0,0,0,2022-09-04,76,0,13.6,12.8,0.4,0.8,15.2,13.8,0.0,0.8
2022,Dutch Grand Prix,24,ZHO,Alfa Romeo,14.0,14.0,16.0,1,0,0,0,2022-09-04,16,1,15.2,14.0,0.0,0.8,16.4,14.2,0.0,0.8
2022,Dutch Grand Prix,3,RIC,McLaren,17.0,17.0,17.0,1,0,0,0,2022-09-04,99,0,12.2,12.2,0.4,0.4,11.2,8.2,0.4,0.19999999999999996
2022,Dutch Grand Prix,6,LAT,Williams,20.0,20.0,18.0,0,0,0,0,2022-09-04,58,0,16.8,17.2,0.0,0.8,15.0,15.6,0.2,0.6
2022,Dutch Grand Prix,77,BOT,Alfa Romeo,16.0,16.0,19.0,0,0,0,0,2022-09-04,99,0,16.2,13.0,0.0,0.8,16.4,13.4,0.0,0.6
2022,Dutch Grand Prix,22,TSU,AlphaTauri,9.0,9.0,20.0,0,0,0,0,2022-09-04,39,0,16.4,14.0,0.0,0.6,12.8,15.4,0.2,0.4
2022,Italian Grand Prix,1,VER,Red Bull Racing,7.0,2.0,1.0,1,1,1,1,2022-09-11,17,1,1.2,3.0,1.0,0.0,2.8,4.2,1.0,0.0
2022,Italian Grand Prix,16,LEC,Ferrari,1.0,1.0,2.0,1,1,1,1,2022-09-11,100,0,7.0,2.4,0.8,0.19999999999999996,5.2,2.8,1.0,0.0
2022,Italian Grand Prix,63,RUS,Mercedes,2.0,6.0,3.0,1,1,1,1,2022-09-11,80,0,3.2,5.0,1.0,0.0,6.6,5.2,0.8,0.19999999999999996
2022,Italian Grand Prix,55,SAI,Ferrari,18.0,3.0,4.0,1,0,1,1,2022-09-11,100,0,7.6,3.8,0.8,0.19999999999999996,4.4,2.4,1.0,0.0
2022,Italian Grand Prix,44,HAM,Mercedes,19.0,5.0,5.0,1,0,1,1,2022-09-11,99,0,6.2,6.2,0.8,0.19999999999999996,6.6,6.2,0.8,0.19999999999999996
2022,Italian Grand Prix,11,PER,Red Bull Racing,13.0,4.0,6.0,1,0,0,1,2022-09-11,98,0,7.2,7.0,0.8,0.19999999999999996,2.0,2.4,1.0,0.0
2022,Italian Grand Prix,4,NOR,McLaren,3.0,7.0,7.0,1,0,0,1,2022-09-11,80,0,8.0,8.2,0.8,0.19999999999999996,13.2,10.8,0.2,0.19999999999999996
2022,Italian Grand Prix,10,GAS,AlphaTauri,5.0,9.0,8.0,1,0,0,1,2022-09-11,100,0,11.8,13.6,0.2,0.4,14.4,13.4,0.2,0.4
2022,Italian Grand Prix,45,DEV,Williams,8.0,13.0,9.0,1,0,0,1,2022-09-11,0,1,15.2,16.2,0.2,0.6,15.2,16.2,0.2,0.6
2022,Italian Grand Prix,24,ZHO,Alfa Romeo,9.0,14.0,10.0,1,0,0,1,2022-09-11,17,1,14.6,15.0,0.0,0.6,17.6,14.2,0.0,0.6
2022,Italian Grand Prix,31,OCO,Alpine,14.0,11.0,11.0,1,0,0,0,2022-09-11,79,0,7.6,7.8,1.0,0.19999999999999996,7.2,8.2,1.0,0.19999999999999996
2022,Italian Grand Prix,47,MSC,Haas F1 Team,17.0,20.0,12.0,1,0,0,0,2022-09-11,39,0,13.0,12.8,0.2,0.6,15.4,14.4,0.0,0.6
2022,Italian Grand Prix,77,BOT,Alfa Romeo,15.0,12.0,13.0,0,0,0,0,2022-09-11,100,0,16.6,13.8,0.0,0.8,15.6,15.4,0.2,0.4
2022,Italian Grand Prix,22,TSU,AlphaTauri,20.0,15.0,14.0,0,0,0,0,2022-09-11,40,0,17.6,13.2,0.0,0.8,12.2,12.0,0.4,0.19999999999999996
2022,Italian Grand Prix,6,LAT,Williams,10.0,16.0,15.0,0,0,0,0,2022-09-11,59,0,18.0,19.2,0.0,1.0,13.4,14.8,0.4,0.4
2022,Italian Grand Prix,20,MAG,Haas F1 Team,16.0,19.0,16.0,0,0,0,0,2022-09-11,77,0,14.6,13.0,0.2,0.8,14.6,15.8,0.0,0.4
2022,Italian Grand Prix,3,RIC,McLaren,4.0,8.0,17.0,0,0,0,0,2022-09-11,100,0,13.0,12.8,0.4,0.4,11.6,10.4,0.4,0.0
2022,Italian Grand Prix,18,STR,Aston Martin,12.0,18.0,18.0,0,0,0,0,2022-09-11,99,0,11.0,14.4,0.4,0.4,10.8,14.6,0.4,0.19999999999999996
2022,Italian Grand Prix,14,ALO,Alpine,6.0,10.0,19.0,0,0,0,0,2022-09-11,60,0,7.0,8.0,1.0,0.4,7.6,9.4,0.8,0.0
2022,Italian Grand Prix,5,VET,Aston Martin,11.0,17.0,20.0,0,0,0,0,2022-09-11,98,0,12.0,17.4,0.4,0.4,12.2,15.4,0.4,0.19999999999999996
2022,Singapore Grand Prix,11,PER,Red Bull Racing,2.0,2.0,1.0,1,1,1,1,2022-10-02,99,0,4.4,5.2,1.0,0.0,3.0,3.0,1.0,0.0
2022,Singapore Grand Prix,16,LEC,Ferrari,1.0,1.0,2.0,1,1,1,1,2022-10-02,101,0,7.2,2.2,0.8,0.19999999999999996,4.6,2.6,1.0,0.0
2022,Singapore Grand Prix,55,SAI,Ferrari,4.0,4.0,3.0,1,1,1,1,2022-10-02,101,0,4.8,3.8,1.0,0.0,3.8,2.0,1.0,0.0
2022,Singapore Grand Prix,4,NOR,McLaren,6.0,6.0,4.0,1,0,1,1,2022-10-02,81,0,8.0,6.6,0.8,0.0,12.6,10.0,0.4,0.19999999999999996
2022,Singapore Grand Prix,3,RIC,McLaren,16.0,17.0,5.0,1,0,1,1,2022-10-02,101,0,14.6,11.2,0.2,0.4,10.4,9.0,0.6,0.19999999999999996
2022,Singapore Grand Prix,18,STR,Aston Martin,11.0,12.0,6.0,1,0,0,1,2022-10-02,100,0,12.0,14.6,0.4,0.4,14.6,15.6,0.2,0.4
2022,Singapore Grand Prix,1,VER,Red Bull Racing,8.0,8.0,7.0,1,0,0,1,2022-10-02,18,1,1.0,3.2,1.0,0.0,2.8,2.8,1.0,0.0
2022,Singapore Grand Prix,5,VET,Aston Martin,13.0,14.0,8.0,1,0,0,1,2022-10-02,99,0,12.6,16.8,0.4,0.4,13.6,15.2,0.4,0.4
2022,Singapore Grand Prix,44,HAM,Mercedes,3.0,3.0,9.0,1,0,0,1,2022-10-02,100,0,6.6,5.4,0.8,0.19999999999999996,6.8,5.6,0.8,0.19999999999999996
2022,Singapore Grand Prix,10,GAS,AlphaTauri,7.0,7.0,10.0,1,0,0,1,2022-10-02,101,0,10.4,13.4,0.4,0.19999999999999996,13.2,12.6,0.2,0.4
2022,Singapore Grand Prix,77,BOT,Alfa Romeo,15.0,16.0,11.0,1,0,0,0,2022-10-02,101,0,17.0,13.8,0.0,0.8,15.4,15.2,0.2,0.6
2022,Singapore Grand Prix,20,MAG,Haas F1 Team,9.0,9.0,12.0,1,0,0,0,2022-10-02,78,0,16.2,15.6,0.0,0.8,14.6,16.0,0.0,0.4
2022,Singapore Grand Prix,47,MSC,Haas F1 Team,12.0,13.0,13.0,0,0,0,0,2022-10-02,40,0,14.2,15.4,0.0,0.4,13.6,14.8,0.0,0.19999999999999996
2022,Singapore Grand Prix,63,RUS,Mercedes,0.0,11.0,14.0,0,0,0,0,2022-10-02,81,0,3.0,5.4,1.0,0.0,4.6,4.8,1.0,0.0
2022,Singapore Grand Prix,22,TSU,AlphaTauri,10.0,10.0,15.0,0,0,0,0,2022-10-02,41,0,17.2,13.4,0.0,0.8,12.6,10.2,0.4,0.4
2022,Singapore Grand Prix,31,OCO,Alpine,17.0,18.0,16.0,0,0,0,0,2022-10-02,80,0,8.8,9.0,0.8,0.19999999999999996,10.4,10.2,0.6,0.19999999999999996
2022,Singapore Grand Prix,23,ALB,Williams,18.0,19.0,17.0,0,0,0,0,2022-10-02,57,0,12.8,13.4,0.2,0.4,14.4,16.2,0.2,0.6
2022,Singapore Grand Prix,14,ALO,Alpine,5.0,5.0,18.0,0,0,0,0,2022-10-02,61,0,8.8,8.4,0.8,0.4,12.2,12.8,0.4,0.4
2022,Singapore Grand Prix,6,LAT,Williams,19.0,20.0,19.0,0,0,0,0,2022-10-02,60,0,17.2,18.6,0.0,1.0,14.2,16.6,0.2,0.6
2022,Singapore Grand Prix,24,ZHO,Alfa Romeo,14.0,15.0,20.0,0,0,0,0,2022-10-02,18,1,13.8,14.2,0.2,0.4,13.8,14.4,0.2,0.4
2022,Japanese Grand Prix,1,VER,Red Bull Racing,1.0,1.0,1.0,1,1,1,1,2022-10-09,19,1,2.2,4.4,1.0,0.0,4.0,4.2,1.0,0.0
2022,Japanese Grand Prix,11,PER,Red Bull Racing,4.0,4.0,2.0,1,1,1,1,2022-10-09,100,0,3.8,5.0,1.0,0.0,3.2,3.4,1.0,0.0
2022,Japanese Grand Prix,16,LEC,Ferrari,2.0,2.0,3.0,1,1,1,1,2022-10-09,102,0,3.8,2.2,1.0,0.0,3.8,2.4,1.0,0.0
2022,Japanese Grand Prix,31,OCO,Alpine,5.0,5.0,4.0,1,0,1,1,2022-10-09,81,0,10.4,10.2,0.6,0.4,14.6,11.2,0.2,0.6
2022,Japanese Grand Prix,44,HAM,Mercedes,6.0,6.0,5.0,1,0,1,1,2022-10-09,101,0,8.0,5.2,0.8,0.19999999999999996,7.0,5.8,0.8,0.19999999999999996
2022,Japanese Grand Prix,5,VET,Aston Martin,9.0,9.0,6.0,1,0,0,1,2022-10-09,100,0,12.0,16.8,0.6,0.4,13.2,16.0,0.4,0.4
2022,Japanese Grand Prix,14,ALO,Alpine,7.0,7.0,7.0,1,0,0,1,2022-10-09,62,0,11.2,8.0,0.6,0.6,13.6,9.8,0.2,0.6
2022,Japanese Grand Prix,63,RUS,Mercedes,8.0,8.0,8.0,1,0,0,1,2022-10-09,82,0,5.2,6.4,0.8,0.19999999999999996,7.2,6.2,0.8,0.19999999999999996
2022,Japanese Grand Prix,6,LAT,Williams,20.0,20.0,9.0,1,0,0,1,2022-10-09,61,0,17.6,18.6,0.0,1.0,15.6,17.6,0.2,0.8
2022,Japanese Grand Prix,4,NOR,McLaren,10.0,10.0,10.0,1,0,0,1,2022-10-09,82,0,7.4,6.8,0.8,0.0,10.0,11.0,0.6,0.19999999999999996
2022,Japanese Grand Prix,3,RIC,McLaren,11.0,11.0,11.0,1,0,0,0,2022-10-09,102,0,13.8,12.4,0.2,0.4,8.6,9.6,0.8,0.19999999999999996
2022,Japanese Grand Prix,18,STR,Aston Martin,19.0,19.0,12.0,1,0,0,0,2022-10-09,101,0,11.2,13.6,0.4,0.4,11.6,14.0,0.6,0.4
2022,Japanese Grand Prix,22,TSU,AlphaTauri,13.0,13.0,13.0,1,0,0,0,2022-10-09,42,0,16.2,13.8,0.0,0.8,13.4,10.0,0.4,0.6
2022,Japanese Grand Prix,20,MAG,Haas F1 Team,18.0,18.0,14.0,1,0,0,0,2022-10-09,79,0,15.0,15.4,0.0,0.6,13.6,15.8,0.0,0.4
2022,Japanese Grand Prix,77,BOT,Alfa Romeo,12.0,12.0,15.0,1,0,0,0,2022-10-09,102,0,16.4,14.4,0.0,0.8,14.6,14.6,0.2,0.6
2022,Japanese Grand Prix,24,ZHO,Alfa Romeo,14.0,14.0,16.0,1,0,0,0,2022-10-09,19,1,14.6,13.6,0.2,0.4,13.8,13.8,0.2,0.4
2022,Japanese Grand Prix,47,MSC,Haas F1 Team,15.0,15.0,17.0,1,0,0,0,2022-10-09,41,0,13.8,14.2,0.0,0.6,13.4,15.8,0.0,0.4
2022,Japanese Grand Prix,10,GAS,AlphaTauri,17.0,17.0,18.0,1,0,0,0,2022-10-09,102,0,10.0,11.6,0.6,0.19999999999999996,12.0,10.8,0.4,0.4
2022,Japanese Grand Prix,55,SAI,Ferrari,3.0,3.0,19.0,0,0,0,0,2022-10-09,102,0,4.4,2.8,1.0,0.0,2.8,2.2,1.0,0.0
2022,Japanese Grand Prix,23,ALB,Williams,16.0,16.0,20.0,0,0,0,0,2022-10-09,58,0,13.8,15.0,0.2,0.4,13.8,17.6,0.4,0.6
2022,United States Grand Prix,1,VER,Red Bull Racing,2.0,3.0,1.0,1,1,1,1,2022-10-23,20,1,2.2,2.6,1.0,0.0,3.4,3.8,1.0,0.0
2022,United States Grand Prix,44,HAM,Mercedes,3.0,5.0,2.0,1,1,1,1,2022-10-23,102,0,8.6,5.0,0.8,0.19999999999999996,8.2,6.6,0.8,0.19999999999999996
2022,United States Grand Prix,16,LEC,Ferrari,12.0,2.0,3.0,1,1,1,1,2022-10-23,103,0,3.2,2.0,1.0,0.0,6.2,2.6,0.8,0.19999999999999996
2022,United States Grand Prix,11,PER,Red Bull Racing,9.0,4.0,4.0,1,0,1,1,2022-10-23,101,0,3.2,3.6,1.0,0.0,2.4,3.6,1.0,0.0
2022,United States Grand Prix,63,RUS,Mercedes,4.0,6.0,5.0,1,0,1,1,2022-10-23,83,0,6.2,7.8,0.8,0.19999999999999996,7.6,6.6,0.8,0.19999999999999996
2022,United States Grand Prix,4,NOR,McLaren,6.0,8.0,6.0,1,0,0,1,2022-10-23,83,0,8.0,8.0,0.8,0.0,9.4,10.4,0.6,0.19999999999999996
2022,United States Grand Prix,14,ALO,Alpine,14.0,9.0,7.0,1,0,0,1,2022-10-23,63,0,11.0,8.2,0.6,0.4,12.8,9.0,0.4,0.6
2022,United States Grand Prix,5,VET,Aston Martin,10.0,12.0,8.0,1,0,0,1,2022-10-23,101,0,11.2,15.0,0.6,0.19999999999999996,10.4,14.2,0.6,0.19999999999999996
2022,United States Grand Prix,20,MAG,Haas F1 Team,13.0,16.0,9.0,1,0,0,1,2022-10-23,80,0,14.6,16.4,0.0,0.4,14.4,14.8,0.0,0.4
2022,United States Grand Prix,22,TSU,AlphaTauri,19.0,15.0,10.0,1,0,0,1,2022-10-23,43,0,15.0,13.2,0.0,0.6,14.0,12.4,0.2,0.4
2022,United States Grand Prix,31,OCO,Alpine,0.0,18.0,11.0,1,0,0,0,2022-10-23,82,0,9.4,10.2,0.6,0.19999999999999996,10.4,8.8,0.6,0.4
2022,United States Grand Prix,24,ZHO,Alfa Romeo,18.0,14.0,12.0,1,0,0,0,2022-10-23,20,1,15.2,14.0,0.2,0.19999999999999996,15.0,13.8,0.0,0.4
2022,United States Grand Prix,23,ALB,Williams,8.0,11.0,13.0,1,0,0,0,2022-10-23,59,0,15.2,15.2,0.2,0.6,16.0,18.2,0.2,0.8
2022,United States Grand Prix,10,GAS,AlphaTauri,11.0,13.0,14.0,1,0,0,0,2022-10-23,103,0,11.2,11.2,0.6,0.0,13.2,12.4,0.4,0.19999999999999996
2022,United States Grand Prix,47,MSC,Haas F1 Team,16.0,19.0,15.0,1,0,0,0,2022-10-23,42,0,14.4,14.2,0.0,0.4,13.0,14.2,0.2,0.19999999999999996
2022,United States Grand Prix,3,RIC,McLaren,15.0,17.0,16.0,1,0,0,0,2022-10-23,103,0,13.0,12.8,0.2,0.19999999999999996,7.2,10.4,0.8,0.0
2022,United States Grand Prix,6,LAT,Williams,17.0,20.0,17.0,1,0,0,0,2022-10-23,62,0,15.8,18.6,0.2,0.8,15.6,17.2,0.2,0.6
2022,United States Grand Prix,18,STR,Aston Martin,5.0,7.0,18.0,0,0,0,0,2022-10-23,102,0,11.4,14.6,0.4,0.19999999999999996,8.0,13.2,0.8,0.0
2022,United States Grand Prix,77,BOT,Alfa Romeo,7.0,10.0,19.0,0,0,0,0,2022-10-23,103,0,15.4,15.2,0.0,0.6,14.8,14.2,0.0,0.19999999999999996
2022,United States Grand Prix,55,SAI,Ferrari,1.0,1.0,20.0,0,0,0,0,2022-10-23,103,0,7.4,3.0,0.8,0.19999999999999996,6.0,2.4,0.8,0.19999999999999996
2022,Mexico City Grand Prix,1,VER,Red Bull Racing,1.0,1.0,1.0,1,1,1,1,2022-10-30,21,1,2.2,3.0,1.0,0.0,3.0,4.0,1.0,0.0
2022,Mexico City Grand Prix,44,HAM,Mercedes,3.0,3.0,2.0,1,1,1,1,2022-10-30,103,0,5.0,4.6,1.0,0.0,6.8,7.2,0.8,0.19999999999999996
2022,Mexico City Grand Prix,11,PER,Red Bull Racing,4.0,4.0,3.0,1,1,1,1,2022-10-30,102,0,3.6,3.8,1.0,0.0,1.8,2.6,1.0,0.0
2022,Mexico City Grand Prix,63,RUS,Mercedes,2.0,2.0,4.0,1,0,1,1,2022-10-30,84,0,6.4,7.4,0.8,0.19999999999999996,4.4,5.6,1.0,0.0
2022,Mexico City Grand Prix,55,SAI,Ferrari,5.0,5.0,5.0,1,0,1,1,2022-10-30,104,0,10.8,2.8,0.6,0.4,9.6,2.4,0.6,0.4
2022,Mexico City Grand Prix,16,LEC,Ferrari,7.0,7.0,6.0,1,0,0,1,2022-10-30,104,0,2.6,1.6,1.0,0.0,10.0,2.6,0.6,0.4
2022,Mexico City Grand Prix,3,RIC,McLaren,11.0,11.0,7.0,0,0,0,1,2022-10-30,104,0,13.2,14.0,0.2,0.19999999999999996,9.6,12.6,0.6,0.0
2022,Mexico City Grand Prix,31,OCO,Alpine,10.0,10.0,8.0,0,0,0,1,2022-10-30,83,0,10.2,12.8,0.4,0.19999999999999996,9.4,8.8,0.6,0.19999999999999996
2022,Mexico City Grand Prix,4,NOR,McLaren,8.0,8.0,9.0,0,0,0,1,2022-10-30,84,0,6.8,7.6,1.0,0.0,10.0,11.4,0.6,0.19999999999999996
2022,Mexico City Grand Prix,77,BOT,Alfa Romeo,6.0,6.0,10.0,0,0,0,1,2022-10-30,104,0,15.4,13.2,0.0,0.6,16.4,13.0,0.0,0.4
2022,Mexico City Grand Prix,10,GAS,AlphaTauri,14.0,14.0,11.0,0,0,0,0,2022-10-30,104,0,12.2,11.4,0.4,0.0,14.0,13.6,0.2,0.19999999999999996
2022,Mexico City Grand Prix,23,ALB,Williams,17.0,19.0,12.0,0,0,0,0,2022-10-30,60,0,14.4,14.0,0.2,0.4,15.6,17.4,0.2,0.4
2022,Mexico City Grand Prix,24,ZHO,Alfa Romeo,12.0,12.0,13.0,0,0,0,0,2022-10-30,21,1,14.8,14.2,0.2,0.19999999999999996,14.4,11.2,0.2,0.4
2022,Mexico City Grand Prix,5,VET,Aston Martin,16.0,17.0,14.0,0,0,0,0,2022-10-30,102,0,11.2,14.2,0.6,0.19999999999999996,10.4,12.2,0.6,0.19999999999999996
2022,Mexico City Grand Prix,18,STR,Aston Martin,20.0,18.0,15.0,0,0,0,0,2022-10-30,103,0,12.8,13.2,0.4,0.4,11.6,12.8,0.4,0.4
2022,Mexico City Grand Prix,47,MSC,Haas F1 Team,15.0,16.0,16.0,0,0,0,0,2022-10-30,43,0,14.0,15.0,0.0,0.19999999999999996,13.6,16.2,0.2,0.19999999999999996
2022,Mexico City Grand Prix,20,MAG,Haas F1 Team,19.0,15.0,17.0,0,0,0,0,2022-10-30,81,0,13.2,16.0,0.2,0.19999999999999996,14.2,16.8,0.2,0.19999999999999996
2022,Mexico City Grand Prix,6,LAT,Williams,18.0,20.0,18.0,0,0,0,0,2022-10-30,63,0,15.6,19.2,0.2,0.6,14.2,17.2,0.2,0.4
2022,Mexico City Grand Prix,14,ALO,Alpine,9.0,9.0,19.0,0,0,0,0,2022-10-30,64,0,11.4,8.8,0.6,0.4,7.4,9.8,0.8,0.19999999999999996
2022,Mexico City Grand Prix,22,TSU,AlphaTauri,13.0,13.0,20.0,0,0,0,0,2022-10-30,44,0,14.4,12.4,0.2,0.6,13.2,14.4,0.2,0.19999999999999996
2022,São Paulo Grand Prix,63,RUS,Mercedes,1.0,3.0,1.0,1,1,1,1,2022-11-13,85,0,6.8,6.6,0.8,0.19999999999999996,4.2,4.8,1.0,0.0
2022,São Paulo Grand Prix,44,HAM,Mercedes,2.0,8.0,2.0,1,1,1,1,2022-11-13,104,0,4.6,4.4,1.0,0.0,2.8,3.8,1.0,0.0
2022,São Paulo Grand Prix,55,SAI,Ferrari,7.0,5.0,3.0,1,1,1,1,2022-11-13,105,0,10.2,3.2,0.6,0.4,10.6,3.6,0.6,0.4
2022,São Paulo Grand Prix,16,LEC,Ferrari,5.0,10.0,4.0,1,0,1,1,2022-11-13,105,0,3.2,2.6,1.0,0.0,7.4,4.0,0.8,0.19999999999999996
2022,São Paulo Grand Prix,14,ALO,Alpine,17.0,7.0,5.0,1,0,1,1,2022-11-13,65,0,14.0,8.0,0.4,0.6,10.4,10.6,0.6,0.4
2022,São Paulo Grand Prix,1,VER,Red Bull Racing,3.0,2.0,6.0,1,0,0,1,2022-11-13,22,1,2.2,3.0,1.0,0.0,2.2,3.2,1.0,0.0
2022,São Paulo Grand Prix,11,PER,Red Bull Racing,4.0,9.0,7.0,1,0,0,1,2022-11-13,103,0,3.2,3.6,1.0,0.0,3.0,2.8,1.0,0.0
2022,São Paulo Grand Prix,31,OCO,Alpine,16.0,6.0,8.0,1,0,0,1,2022-11-13,84,0,10.0,12.4,0.4,0.4,10.0,10.6,0.6,0.4
2022,São Paulo Grand Prix,77,BOT,Alfa Romeo,14.0,18.0,9.0,1,0,0,1,2022-11-13,105,0,13.6,11.2,0.2,0.6,14.0,11.2,0.2,0.6
2022,São Paulo Grand Prix,18,STR,Aston Martin,15.0,15.0,10.0,1,0,0,1,2022-11-13,104,0,13.8,14.8,0.2,0.6,13.4,14.6,0.2,0.6
2022,São Paulo Grand Prix,5,VET,Aston Martin,9.0,13.0,11.0,1,0,0,0,2022-11-13,103,0,11.2,13.8,0.6,0.4,13.0,13.8,0.4,0.6
2022,São Paulo Grand Prix,24,ZHO,Alfa Romeo,13.0,17.0,12.0,1,0,0,0,2022-11-13,22,1,14.2,13.8,0.2,0.4,12.6,12.0,0.4,0.6
2022,São Paulo Grand Prix,47,MSC,Haas F1 Team,12.0,20.0,13.0,1,0,0,0,2022-11-13,44,0,14.6,16.6,0.0,0.4,14.8,16.2,0.2,0.4
2022,São Paulo Grand Prix,10,GAS,AlphaTauri,10.0,12.0,14.0,1,0,0,0,2022-11-13,105,0,12.2,12.0,0.4,0.19999999999999996,14.6,14.4,0.2,0.4
2022,São Paulo Grand Prix,23,ALB,Williams,19.0,11.0,15.0,1,0,0,0,2022-11-13,61,0,14.8,16.0,0.0,0.6,16.0,17.2,0.0,0.6
2022,São Paulo Grand Prix,6,LAT,Williams,18.0,16.0,16.0,1,0,0,0,2022-11-13,64,0,15.6,19.2,0.2,0.6,15.0,16.2,0.0,0.4
2022,São Paulo Grand Prix,22,TSU,AlphaTauri,0.0,19.0,17.0,0,0,0,0,2022-11-13,45,0,14.4,13.2,0.2,0.6,13.8,13.4,0.2,0.4
2022,São Paulo Grand Prix,4,NOR,McLaren,6.0,4.0,18.0,0,0,0,0,2022-11-13,85,0,7.2,7.8,1.0,0.19999999999999996,9.8,11.0,0.6,0.4
2022,São Paulo Grand Prix,20,MAG,Haas F1 Team,8.0,1.0,19.0,0,0,0,0,2022-11-13,82,0,13.6,15.4,0.2,0.4,14.0,17.2,0.2,0.4
2022,São Paulo Grand Prix,3,RIC,McLaren,11.0,14.0,20.0,0,0,0,0,2022-11-13,105,0,11.2,12.8,0.4,0.4,11.2,9.6,0.6,0.6
2022,Abu Dhabi Grand Prix,1,VER,Red Bull Racing,1.0,1.0,1.0,1,1,1,1,2022-11-20,23,1,3.2,3.0,1.0,0.0,4.2,4.0,1.0,0.0
2022,Abu Dhabi Grand Prix,16,LEC,Ferrari,3.0,3.0,2.0,1,1,1,1,2022-11-20,106,0,3.6,4.4,1.0,0.0,7.6,5.6,0.8,0.19999999999999996
2022,Abu Dhabi Grand Prix,11,PER,Red Bull Racing,2.0,2.0,3.0,1,1,1,1,2022-11-20,104,0,3.4,4.6,1.0,0.0,3.6,3.4,1.0,0.0
2022,Abu Dhabi Grand Prix,55,SAI,Ferrari,4.0,4.0,4.0,1,0,1,1,2022-11-20,106,0,10.0,3.6,0.6,0.4,4.0,6.0,1.0,0.0
2022,Abu Dhabi Grand Prix,63,RUS,Mercedes,6.0,6.0,5.0,1,0,1,1,2022-11-20,86,0,6.4,6.0,0.8,0.19999999999999996,2.8,4.4,1.0,0.0
2022,Abu Dhabi Grand Prix,4,NOR,McLaren,7.0,7.0,6.0,1,0,0,1,2022-11-20,86,0,9.4,7.2,0.8,0.4,14.0,10.8,0.4,0.8
2022,Abu Dhabi Grand Prix,31,OCO,Alpine,8.0,8.0,7.0,1,0,0,1,2022-11-20,85,0,9.4,11.4,0.6,0.4,10.2,10.0,0.6,0.4
2022,Abu Dhabi Grand Prix,18,STR,Aston Martin,14.0,14.0,8.0,1,0,0,1,2022-11-20,105,0,12.2,14.2,0.4,0.4,13.6,14.0,0.2,0.6
2022,Abu Dhabi Grand Prix,3,RIC,McLaren,13.0,10.0,9.0,1,0,0,1,2022-11-20,106,0,11.8,14.0,0.4,0.4,12.0,8.8,0.6,0.8
2022,Abu Dhabi Grand Prix,5,VET,Aston Martin,9.0,9.0,10.0,1,0,0,1,2022-11-20,104,0,9.4,13.0,0.6,0.19999999999999996,11.6,15.4,0.4,0.4
2022,Abu Dhabi Grand Prix,22,TSU,AlphaTauri,11.0,12.0,11.0,1,0,0,0,2022-11-20,46,0,15.0,14.0,0.2,0.6,15.2,14.2,0.0,0.6
2022,Abu Dhabi Grand Prix,24,ZHO,Alfa Romeo,15.0,15.0,12.0,0,0,0,0,2022-11-20,23,1,14.6,14.4,0.0,0.4,12.6,12.6,0.4,0.6
2022,Abu Dhabi Grand Prix,23,ALB,Williams,19.0,19.0,13.0,0,0,0,0,2022-11-20,62,0,15.4,15.2,0.0,0.6,15.6,17.2,0.0,0.4
2022,Abu Dhabi Grand Prix,10,GAS,AlphaTauri,17.0,17.0,14.0,0,0,0,0,2022-11-20,106,0,13.4,12.6,0.2,0.19999999999999996,14.6,14.0,0.0,0.6
2022,Abu Dhabi Grand Prix,77,BOT,Alfa Romeo,18.0,18.0,15.0,0,0,0,0,2022-11-20,106,0,12.8,12.4,0.4,0.4,11.2,13.6,0.4,0.6
2022,Abu Dhabi Grand Prix,47,MSC,Haas F1 Team,12.0,13.0,16.0,0,0,0,0,2022-11-20,45,0,14.8,16.6,0.0,0.4,16.0,14.2,0.0,0.6
2022,Abu Dhabi Grand Prix,20,MAG,Haas F1 Team,16.0,16.0,17.0,0,0,0,0,2022-11-20,83,0,14.2,11.8,0.2,0.4,16.2,13.0,0.0,0.8
2022,Abu Dhabi Grand Prix,44,HAM,Mercedes,5.0,5.0,18.0,0,0,0,0,2022-11-20,105,0,4.0,5.0,1.0,0.0,2.8,4.4,1.0,0.0
2022,Abu Dhabi Grand Prix,6,LAT,Williams,20.0,20.0,19.0,0,0,0,0,2022-11-20,65,0,15.8,19.2,0.2,0.4,14.8,17.0,0.0,0.6
2022,Abu Dhabi Grand Prix,14,ALO,Alpine,10.0,11.0,20.0,0,0,0,0,2022-11-20,66,0,11.2,7.4,0.6,0.4,9.4,8.0,0.8,0.4
2023,Pre-Season Testing,1,VER,Red Bull Racing,1.0,1.0,1.0,1,1,1,1,2023-02-25,24,0,2.0,1.6,1.0,0.0,4.0,3.6,1.0,0.0
2023,Pre-Season Testing,4,NOR,McLaren,2.0,2.0,2.0,1,1,1,1,2023-02-25,87,0,9.8,7.4,0.8,0.4,12.4,8.6,0.6,0.6
2023,Pre-Season Testing,44,HAM,Mercedes,7.0,7.0,3.0,1,1,1,1,2023-02-25,106,0,5.8,5.4,0.8,0.19999999999999996,6.0,4.8,0.8,0.19999999999999996
2023,Pre-Season Testing,81,PIA,McLaren,3.0,3.0,4.0,1,0,1,1,2023-02-25,0,1,11.0,7.4,0.6,0.4,11.0,7.4,0.6,0.4
2023,Pre-Season Testing,63,RUS,Mercedes,6.0,6.0,5.0,1,0,1,1,2023-02-25,87,0,4.6,5.0,1.0,0.0,5.8,5.8,0.8,0.19999999999999996
2023,Pre-Season Testing,11,PER,Red Bull Racing,15.0,15.0,6.0,1,0,0,1,2023-02-25,105,0,3.8,4.6,1.0,0.0,3.6,3.0,1.0,0.0
2023,Pre-Season Testing,14,ALO,Aston Martin,9.0,9.0,7.0,1,0,0,1,2023-02-25,67,0,11.6,8.6,0.6,0.4,10.8,13.8,0.6,0.19999999999999996
2023,Pre-Season Testing,23,ALB,Williams,8.0,8.0,8.0,1,0,0,1,2023-02-25,63,0,14.6,15.2,0.0,0.6,16.2,17.2,0.0,0.6
2023,Pre-Season Testing,16,LEC,Ferrari,4.0,4.0,9.0,1,0,0,1,2023-02-25,107,0,3.6,4.8,1.0,0.0,3.8,5.8,1.0,0.0
2023,Pre-Season Testing,55,SAI,Ferrari,5.0,5.0,10.0,1,0,0,1,2023-02-25,107,0,10.2,3.6,0.6,0.4,4.4,5.2,1.0,0.0
2023,Pre-Season Testing,2,SAR,Williams,14.0,14.0,11.0,1,0,0,0,2023-02-25,20,0,14.0,19.0,0.0,1.0,14.2,14.8,0.2,0.4
2023,Pre-Season Testing,77,BOT,Alfa Romeo,20.0,15.0,12.0,1,0,0,0,2023-02-25,107,0,13.6,12.8,0.4,0.6,12.2,16.0,0.2,0.6
2023,Pre-Season Testing,27,HUL,Haas F1 Team,11.0,11.0,13.0,1,0,0,0,2023-02-25,46,0,12.8,14.2,0.4,0.19999999999999996,16.4,13.0,0.0,0.8
2023,Pre-Season Testing,18,STR,Aston Martin,12.0,12.0,14.0,1,0,0,0,2023-02-25,106,0,12.6,14.6,0.4,0.4,9.2,12.0,0.8,0.0
2023,Pre-Season Testing,24,ZHO,Alfa Romeo,17.0,17.0,15.0,1,0,0,0,2023-02-25,24,0,13.0,14.4,0.0,0.4,12.0,16.6,0.2,0.4
2023,Pre-Season Testing,22,TSU,AlphaTauri,16.0,16.0,16.0,1,0,0,0,2023-02-25,47,0,14.2,14.4,0.2,0.4,15.2,14.6,0.0,0.6
2023,Pre-Season Testing,21,DEV,AlphaTauri,18.0,18.0,17.0,1,0,0,0,2023-02-25,0,1,14.4,15.2,0.0,0.4,14.4,15.2,0.0,0.4
2023,Pre-Season Testing,10,GAS,Alpine,10.0,10.0,18.0,0,0,0,0,2023-02-25,107,0,14.2,14.6,0.0,0.4,11.8,8.2,0.6,0.4
2023,Pre-Season Testing,20,MAG,Haas F1 Team,19.0,19.0,19.0,0,0,0,0,2023-02-25,84,0,15.2,13.2,0.2,0.6,15.6,12.2,0.0,0.6
2023,Pre-Season Testing,31,OCO,Alpine,13.0,13.0,20.0,0,0,0,0,2023-02-25,86,0,7.6,9.4,0.8,0.19999999999999996,11.6,8.4,0.6,0.4
2023,Bahrain Grand Prix,1,VER,Red Bull Racing,1.0,1.0,1.0,1,1,1,1,2023-03-05,25,0,2.0,1.6,1.0,0.0,3.6,5.6,1.0,0.0
2023,Bahrain Grand Prix,11,PER,Red Bull Racing,2.0,2.0,2.0,1,1,1,1,2023-03-05,106,0,4.6,6.8,1.0,0.0,2.4,4.0,1.0,0.0
2023,Bahrain Grand Prix,14,ALO,Aston Martin,5.0,5.0,3.0,1,1,1,1,2023-03-05,68,0,11.6,9.0,0.6,0.4,10.0,11.4,0.6,0.0
2023,Bahrain Grand Prix,55,SAI,Ferrari,4.0,4.0,4.0,1,0,1,1,2023-03-05,108,0,8.4,4.0,0.8,0.19999999999999996,5.8,5.2,1.0,0.0
2023,Bahrain Grand Prix,44,HAM,Mercedes,7.0,7.0,5.0,1,0,1,1,2023-03-05,107,0,5.4,5.6,0.8,0.19999999999999996,6.6,6.4,0.8,0.19999999999999996
2023,Bahrain Grand Prix,18,STR,Aston Martin,8.0,8.0,6.0,1,0,0,1,2023-03-05,107,0,13.0,13.2,0.4,0.4,8.4,9.8,0.8,0.0
2023,Bahrain Grand Prix,63,RUS,Mercedes,6.0,6.0,7.0,1,0,0,1,2023-03-05,88,0,4.0,4.6,1.0,0.0,7.2,6.2,0.8,0.19999999999999996
2023,Bahrain Grand Prix,77,BOT,Alfa Romeo,12.0,12.0,8.0,1,0,0,1,2023-03-05,108,0,13.0,13.4,0.4,0.6,13.2,16.4,0.0,0.4
2023,Bahrain Grand Prix,10,GAS,Alpine,20.0,20.0,9.0,1,0,0,1,2023-03-05,108,0,14.2,13.2,0.0,0.6,14.6,9.6,0.4,0.6
2023,Bahrain Grand Prix,23,ALB,Williams,15.0,15.0,10.0,1,0,0,1,2023-03-05,64,0,12.2,13.6,0.2,0.4,13.4,15.4,0.2,0.4
2023,Bahrain Grand Prix,22,TSU,AlphaTauri,14.0,14.0,11.0,1,0,0,0,2023-03-05,48,0,14.8,15.0,0.2,0.4,15.0,16.4,0.0,0.4
2023,Bahrain Grand Prix,2,SAR,Williams,16.0,16.0,12.0,0,0,0,0,2023-03-05,21,0,13.0,17.75,0.0,0.8,12.2,15.2,0.4,0.4
2023,Bahrain Grand Prix,20,MAG,Haas F1 Team,17.0,17.0,13.0,0,0,0,0,2023-03-05,85,0,16.2,13.4,0.2,0.8,16.8,12.0,0.0,0.8
2023,Bahrain Grand Prix,21,DEV,AlphaTauri,19.0,19.0,14.0,0,0,0,0,2023-03-05,1,1,17.0,18.0,0.0,0.0,13.8,15.4,0.0,0.19999999999999996
2023,Bahrain Grand Prix,27,HUL,Haas F1 Team,10.0,10.0,15.0,0,0,0,0,2023-03-05,47,0,11.4,13.8,0.4,0.0,15.6,15.2,0.0,0.8
2023,Bahrain Grand Prix,24,ZHO,Alfa Romeo,13.0,13.0,16.0,0,0,0,0,2023-03-05,25,0,12.8,15.0,0.0,0.4,12.4,15.4,0.2,0.4
2023,Bahrain Grand Prix,4,NOR,McLaren,11.0,11.0,17.0,0,0,0,0,2023-03-05,88,0,8.2,5.8,0.8,0.4,8.2,7.2,0.8,0.19999999999999996
2023,Bahrain Grand Prix,31,OCO,Alpine,9.0,9.0,18.0,0,0,0,0,2023-03-05,87,0,10.8,11.0,0.6,0.4,14.8,12.4,0.4,0.6
2023,Bahrain Grand Prix,16,LEC,Ferrari,3.0,3.0,19.0,0,0,0,0,2023-03-05,108,0,4.8,5.2,1.0,0.0,5.8,4.0,1.0,0.0
2023,Bahrain Grand Prix,81,PIA,McLaren,18.0,18.0,20.0,0,0,0,0,2023-03-05,1,1,4.0,3.0,1.0,0.0,7.6,6.6,0.8,0.19999999999999996
2023,Saudi Arabian Grand Prix,11,PER,Red Bull Racing,1.0,1.0,1.0,1,1,1,1,2023-03-19,107,0,4.2,6.4,1.0,0.0,2.6,4.2,1.0,0.0
2023,Saudi Arabian Grand Prix,1,VER,Red Bull Racing,15.0,15.0,2.0,1,1,1,1,2023-03-19,26,0,2.0,1.2,1.0,0.0,2.2,4.0,1.0,0.0
2023,Saudi Arabian Grand Prix,14,ALO,Aston Martin,2.0,3.0,3.0,1,1,1,1,2023-03-19,69,0,10.8,8.2,0.6,0.4,8.0,8.6,0.8,0.0
2023,Saudi Arabian Grand Prix,63,RUS,Mercedes,3.0,4.0,4.0,1,0,1,1,2023-03-19,89,0,4.4,4.6,1.0,0.0,7.6,6.2,0.8,0.19999999999999996
2023,Saudi Arabian Grand Prix,44,HAM,Mercedes,7.0,8.0,5.0,1,0,1,1,2023-03-19,108,0,6.0,6.0,0.8,0.19999999999999996,4.8,6.0,1.0,0.0
2023,Saudi Arabian Grand Prix,55,SAI,Ferrari,4.0,5.0,6.0,1,0,0,1,2023-03-19,109,0,5.2,4.6,1.0,0.0,9.2,4.0,0.8,0.19999999999999996
2023,Saudi Arabian Grand Prix,16,LEC,Ferrari,12.0,2.0,7.0,1,0,0,1,2023-03-19,109,0,8.0,5.4,0.8,0.19999999999999996,9.6,4.2,0.8,0.19999999999999996
2023,Saudi Arabian Grand Prix,31,OCO,Alpine,6.0,7.0,8.0,1,0,0,1,2023-03-19,88,0,12.2,9.2,0.6,0.6,17.0,12.6,0.2,0.8
2023,Saudi Arabian Grand Prix,10,GAS,Alpine,9.0,10.0,9.0,1,0,0,1,2023-03-19,109,0,13.2,14.6,0.2,0.6,14.6,11.8,0.4,0.6
2023,Saudi Arabian Grand Prix,20,MAG,Haas F1 Team,13.0,13.0,10.0,1,0,0,1,2023-03-19,86,0,17.0,13.6,0.0,1.0,15.4,14.6,0.0,0.8
2023,Saudi Arabian Grand Prix,22,TSU,AlphaTauri,16.0,16.0,11.0,1,0,0,0,2023-03-19,49,0,15.0,14.8,0.0,0.4,14.4,16.8,0.0,0.4
2023,Saudi Arabian Grand Prix,27,HUL,Haas F1 Team,10.0,11.0,12.0,1,0,0,0,2023-03-19,48,0,13.0,15.2,0.2,0.19999999999999996,14.0,14.0,0.2,0.6
2023,Saudi Arabian Grand Prix,24,ZHO,Alfa Romeo,11.0,12.0,13.0,1,0,0,0,2023-03-19,26,0,13.6,14.8,0.0,0.6,13.2,15.0,0.2,0.4
2023,Saudi Arabian Grand Prix,21,DEV,AlphaTauri,18.0,18.0,14.0,1,0,0,0,2023-03-19,2,1,15.5,18.5,0.0,0.5,13.8,16.6,0.0,0.19999999999999996
2023,Saudi Arabian Grand Prix,81,PIA,McLaren,8.0,9.0,15.0,1,0,0,0,2023-03-19,2,1,12.0,10.5,0.5,0.5,10.4,8.8,0.6,0.4
2023,Saudi Arabian Grand Prix,2,SAR,Williams,20.0,20.0,16.0,1,0,0,0,2023-03-19,22,0,12.4,17.0,0.0,0.8,12.0,14.6,0.4,0.4
2023,Saudi Arabian Grand Prix,4,NOR,McLaren,19.0,19.0,17.0,1,0,0,0,2023-03-19,89,0,10.4,6.4,0.6,0.6,11.6,8.6,0.4,0.4
2023,Saudi Arabian Grand Prix,77,BOT,Alfa Romeo,14.0,14.0,18.0,0,0,0,0,2023-03-19,109,0,10.8,13.8,0.6,0.4,12.8,13.8,0.2,0.19999999999999996
2023,Saudi Arabian Grand Prix,23,ALB,Williams,17.0,17.0,19.0,0,0,0,0,2023-03-19,65,0,11.6,14.4,0.4,0.4,11.4,14.6,0.4,0.19999999999999996
2023,Saudi Arabian Grand Prix,18,STR,Aston Martin,5.0,6.0,20.0,0,0,0,0,2023-03-19,108,0,10.6,13.4,0.6,0.19999999999999996,6.6,7.4,0.8,0.0
2023,Australian Grand Prix,1,VER,Red Bull Racing,1.0,1.0,1.0,1,1,1,1,2023-04-02,27,0,2.2,4.0,1.0,0.0,2.4,6.8,1.0,0.0
2023,Australian Grand Prix,44,HAM,Mercedes,3.0,3.0,2.0,1,1,1,1,2023-04-02,109,0,6.6,7.0,0.8,0.19999999999999996,5.2,6.2,1.0,0.0
2023,Australian Grand Prix,14,ALO,Aston Martin,4.0,4.0,3.0,1,1,1,1,2023-04-02,70,0,7.6,7.0,0.8,0.19999999999999996,9.2,6.8,0.6,0.19999999999999996
2023,Australian Grand Prix,18,STR,Aston Martin,6.0,6.0,4.0,1,0,1,1,2023-04-02,109,0,11.6,11.0,0.6,0.19999999999999996,7.0,5.2,0.8,0.19999999999999996
2023,Australian Grand Prix,11,PER,Red Bull Racing,20.0,20.0,5.0,1,0,1,1,2023-04-02,108,0,3.8,5.8,1.0,0.0,1.4,4.0,1.0,0.0
2023,Australian Grand Prix,4,NOR,McLaren,13.0,13.0,6.0,1,0,0,1,2023-04-02,90,0,12.0,8.6,0.4,0.4,14.6,12.0,0.2,0.4
2023,Australian Grand Prix,27,HUL,Haas F1 Team,10.0,10.0,7.0,1,0,0,1,2023-04-02,49,0,13.8,13.4,0.0,0.19999999999999996,13.8,14.0,0.2,0.6
2023,Australian Grand Prix,81,PIA,McLaren,16.0,16.0,8.0,1,0,0,1,2023-04-02,3,1,13.0,10.0,0.3333333333333333,0.33333333333333337,15.0,14.0,0.2,0.4
2023,Australian Grand Prix,24,ZHO,Alfa Romeo,17.0,17.0,9.0,1,0,0,1,2023-04-02,27,0,13.6,14.8,0.0,0.4,14.0,13.6,0.2,0.4
2023,Australian Grand Prix,22,TSU,AlphaTauri,12.0,12.0,10.0,1,0,0,1,2023-04-02,50,0,13.2,15.4,0.0,0.19999999999999996,13.4,17.0,0.0,0.19999999999999996
2023,Australian Grand Prix,77,BOT,Alfa Romeo,19.0,19.0,11.0,1,0,0,0,2023-04-02,110,0,12.4,15.4,0.4,0.4,12.8,13.6,0.4,0.4
2023,Australian Grand Prix,55,SAI,Ferrari,5.0,5.0,12.0,1,0,0,0,2023-04-02,110,0,5.4,4.6,1.0,0.0,9.2,3.8,0.8,0.19999999999999996
2023,Australian Grand Prix,10,GAS,Alpine,9.0,9.0,13.0,0,0,0,0,2023-04-02,110,0,12.8,13.8,0.4,0.4,12.8,11.8,0.6,0.4
2023,Australian Grand Prix,31,OCO,Alpine,11.0,11.0,14.0,0,0,0,0,2023-04-02,89,0,12.2,8.6,0.6,0.4,11.4,11.0,0.6,0.4
2023,Australian Grand Prix,21,DEV,AlphaTauri,15.0,15.0,15.0,0,0,0,0,2023-04-02,3,1,15.0,18.333333333333332,0.0,0.33333333333333337,12.0,15.8,0.2,0.19999999999999996
2023,Australian Grand Prix,2,SAR,Williams,18.0,18.0,16.0,0,0,0,0,2023-04-02,23,0,13.4,17.0,0.0,0.6,13.6,16.4,0.2,0.4
2023,Australian Grand Prix,20,MAG,Haas F1 Team,14.0,14.0,17.0,0,0,0,0,2023-04-02,87,0,15.6,13.2,0.2,0.8,11.4,12.2,0.4,0.4
2023,Australian Grand Prix,63,RUS,Mercedes,2.0,2.0,18.0,0,0,0,0,2023-04-02,90,0,4.4,5.0,1.0,0.0,4.6,5.6,1.0,0.0
2023,Australian Grand Prix,23,ALB,Williams,8.0,8.0,19.0,0,0,0,0,2023-04-02,66,0,13.0,14.0,0.4,0.4,14.6,17.2,0.2,0.6
2023,Australian Grand Prix,16,LEC,Ferrari,7.0,7.0,20.0,0,0,0,0,2023-04-02,110,0,8.2,4.4,0.8,0.19999999999999996,9.6,3.8,0.6,0.19999999999999996
2023,Azerbaijan Grand Prix,11,PER,Red Bull Racing,3.0,3.0,1.0,1,1,1,1,2023-04-30,109,0,3.4,8.0,1.0,0.0,2.2,7.8,1.0,0.0
2023,Azerbaijan Grand Prix,1,VER,Red Bull Racing,2.0,2.0,2.0,1,1,1,1,2023-04-30,28,0,1.2,3.8,1.0,0.0,2.0,8.0,1.0,0.0
2023,Azerbaijan Grand Prix,16,LEC,Ferrari,1.0,1.0,3.0,1,1,1,1,2023-04-30,111,0,11.4,3.8,0.6,0.4,12.8,4.4,0.4,0.4
2023,Azerbaijan Grand Prix,14,ALO,Aston Martin,6.0,6.0,4.0,1,0,1,1,2023-04-30,71,0,7.2,6.4,0.8,0.19999999999999996,7.2,5.4,0.8,0.19999999999999996
2023,Azerbaijan Grand Prix,55,SAI,Ferrari,4.0,4.0,5.0,1,0,1,1,2023-04-30,111,0,7.2,4.6,0.8,0.0,9.6,4.0,0.6,0.19999999999999996
2023,Azerbaijan Grand Prix,44,HAM,Mercedes,5.0,5.0,6.0,1,0,0,1,2023-04-30,110,0,6.6,6.0,0.8,0.19999999999999996,7.2,4.6,0.8,0.19999999999999996
2023,Azerbaijan Grand Prix,18,STR,Aston Martin,9.0,9.0,7.0,1,0,0,1,2023-04-30,110,0,10.4,9.2,0.6,0.19999999999999996,6.8,5.0,0.8,0.19999999999999996
2023,Azerbaijan Grand Prix,63,RUS,Mercedes,11.0,11.0,8.0,1,0,0,1,2023-04-30,91,0,7.8,4.8,0.8,0.19999999999999996,7.0,4.4,0.8,0.19999999999999996
2023,Azerbaijan Grand Prix,4,NOR,McLaren,7.0,7.0,9.0,1,0,0,1,2023-04-30,91,0,9.6,10.4,0.6,0.19999999999999996,13.2,15.0,0.4,0.19999999999999996
2023,Azerbaijan Grand Prix,22,TSU,AlphaTauri,8.0,8.0,10.0,1,0,0,1,2023-04-30,51,0,11.8,14.0,0.2,0.0,12.8,16.0,0.2,0.4
2023,Azerbaijan Grand Prix,81,PIA,McLaren,10.0,10.0,11.0,1,0,0,0,2023-04-30,4,1,11.75,11.5,0.5,0.25,11.0,12.8,0.6,0.0
2023,Azerbaijan Grand Prix,23,ALB,Williams,12.0,13.0,12.0,1,0,0,0,2023-04-30,67,0,13.8,13.4,0.4,0.6,16.4,15.8,0.0,0.8
2023,Azerbaijan Grand Prix,20,MAG,Haas F1 Team,16.0,18.0,13.0,1,0,0,0,2023-04-30,88,0,15.2,15.8,0.2,0.8,12.2,11.6,0.4,0.4
2023,Azerbaijan Grand Prix,10,GAS,Alpine,17.0,19.0,14.0,1,0,0,0,2023-04-30,111,0,12.6,13.2,0.4,0.6,12.4,9.2,0.4,0.6
2023,Azerbaijan Grand Prix,31,OCO,Alpine,19.0,12.0,15.0,1,0,0,0,2023-04-30,90,0,13.4,9.6,0.4,0.6,11.6,11.2,0.4,0.4
2023,Azerbaijan Grand Prix,2,SAR,Williams,14.0,15.0,16.0,1,0,0,0,2023-04-30,24,0,13.8,17.2,0.0,0.6,16.4,15.2,0.0,0.6
2023,Azerbaijan Grand Prix,27,HUL,Haas F1 Team,20.0,17.0,17.0,0,0,0,0,2023-04-30,50,0,11.8,12.0,0.2,0.19999999999999996,11.8,13.2,0.4,0.19999999999999996
2023,Azerbaijan Grand Prix,77,BOT,Alfa Romeo,13.0,14.0,18.0,0,0,0,0,2023-04-30,111,0,12.8,15.6,0.2,0.4,13.4,15.0,0.2,0.4
2023,Azerbaijan Grand Prix,24,ZHO,Alfa Romeo,15.0,16.0,19.0,0,0,0,0,2023-04-30,28,0,13.0,14.8,0.2,0.4,13.8,15.2,0.2,0.4
2023,Azerbaijan Grand Prix,21,DEV,AlphaTauri,18.0,20.0,20.0,0,0,0,0,2023-04-30,4,1,15.0,17.5,0.0,0.5,12.0,13.8,0.4,0.19999999999999996
2023,Miami Grand Prix,1,VER,Red Bull Racing,9.0,9.0,1.0,1,1,1,1,2023-05-07,29,0,1.4,4.0,1.0,0.0,2.2,8.2,1.0,0.0
2023,Miami Grand Prix,11,PER,Red Bull Racing,1.0,1.0,2.0,1,1,1,1,2023-05-07,110,0,3.0,8.2,1.0,0.0,2.0,7.0,1.0,0.0
2023,Miami Grand Prix,14,ALO,Aston Martin,2.0,2.0,3.0,1,1,1,1,2023-05-07,72,0,4.0,5.4,1.0,0.0,7.6,6.2,0.8,0.19999999999999996
2023,Miami Grand Prix,63,RUS,Mercedes,6.0,6.0,4.0,1,0,1,1,2023-05-07,92,0,8.4,5.8,0.8,0.19999999999999996,7.8,5.8,0.8,0.19999999999999996
2023,Miami Grand Prix,55,SAI,Ferrari,3.0,3.0,5.0,1,0,1,1,2023-05-07,112,0,7.4,4.6,0.8,0.0,9.4,3.8,0.6,0.19999999999999996
2023,Miami Grand Prix,44,HAM,Mercedes,13.0,13.0,6.0,1,0,0,1,2023-05-07,111,0,4.2,6.0,1.0,0.0,7.6,5.4,0.8,0.19999999999999996
2023,Miami Grand Prix,16,LEC,Ferrari,7.0,7.0,7.0,1,0,0,1,2023-05-07,112,0,11.6,3.4,0.6,0.4,9.0,4.0,0.6,0.19999999999999996
2023,Miami Grand Prix,10,GAS,Alpine,5.0,5.0,8.0,1,0,0,1,2023-05-07,112,0,12.6,13.6,0.4,0.4,13.0,12.2,0.2,0.4
2023,Miami Grand Prix,31,OCO,Alpine,8.0,8.0,9.0,1,0,0,1,2023-05-07,91,0,15.0,10.4,0.2,0.6,12.8,11.2,0.2,0.4
2023,Miami Grand Prix,20,MAG,Haas F1 Team,4.0,4.0,10.0,1,0,0,1,2023-05-07,89,0,14.4,16.2,0.2,0.6,13.2,14.0,0.2,0.4
2023,Miami Grand Prix,22,TSU,AlphaTauri,17.0,17.0,11.0,1,0,0,0,2023-05-07,52,0,11.6,13.2,0.4,0.0,13.8,14.6,0.4,0.4
2023,Miami Grand Prix,18,STR,Aston Martin,18.0,18.0,12.0,1,0,0,0,2023-05-07,111,0,10.2,8.2,0.6,0.19999999999999996,4.2,5.4,1.0,0.0
2023,Miami Grand Prix,77,BOT,Alfa Romeo,10.0,10.0,13.0,1,0,0,0,2023-05-07,112,0,13.4,14.8,0.2,0.4,15.0,16.0,0.2,0.6
2023,Miami Grand Prix,23,ALB,Williams,11.0,11.0,14.0,1,0,0,0,2023-05-07,68,0,13.6,12.2,0.4,0.4,16.4,14.2,0.0,0.6
2023,Miami Grand Prix,27,HUL,Haas F1 Team,12.0,12.0,15.0,1,0,0,0,2023-05-07,51,0,12.8,11.8,0.2,0.4,12.8,12.6,0.4,0.4
2023,Miami Grand Prix,24,ZHO,Alfa Romeo,14.0,14.0,16.0,1,0,0,0,2023-05-07,29,0,14.4,15.0,0.2,0.4,14.0,15.2,0.2,0.4
2023,Miami Grand Prix,4,NOR,McLaren,16.0,16.0,17.0,1,0,0,0,2023-05-07,92,0,10.2,10.4,0.6,0.19999999999999996,10.2,13.0,0.6,0.0
2023,Miami Grand Prix,21,DEV,AlphaTauri,15.0,15.0,18.0,1,0,0,0,2023-05-07,5,1,16.0,18.0,0.0,0.6,13.2,14.4,0.4,0.4
2023,Miami Grand Prix,81,PIA,McLaren,19.0,19.0,19.0,0,0,0,0,2023-05-07,5,1,11.6,11.2,0.4,0.19999999999999996,10.2,12.4,0.6,0.0
2023,Miami Grand Prix,2,SAR,Williams,20.0,20.0,20.0,0,0,0,0,2023-05-07,25,0,14.2,16.6,0.0,0.4,15.4,13.0,0.0,0.4
2023,Monaco Grand Prix,1,VER,Red Bull Racing,1.0,1.0,1.0,1,1,1,1,2023-05-28,30,0,1.4,5.6,1.0,0.0,2.2,7.0,1.0,0.0
2023,Monaco Grand Prix,14,ALO,Aston Martin,2.0,2.0,2.0,1,1,1,1,2023-05-28,73,0,3.2,4.0,1.0,0.0,6.0,8.2,0.8,0.0
2023,Monaco Grand Prix,31,OCO,Alpine,3.0,3.0,3.0,1,1,1,1,2023-05-28,92,0,12.8,9.4,0.4,0.4,12.0,11.0,0.4,0.19999999999999996
2023,Monaco Grand Prix,44,HAM,Mercedes,5.0,5.0,4.0,1,0,1,1,2023-05-28,112,0,4.8,7.2,1.0,0.0,8.4,7.4,0.8,0.19999999999999996
2023,Monaco Grand Prix,63,RUS,Mercedes,8.0,8.0,5.0,1,0,1,1,2023-05-28,93,0,8.2,5.8,0.8,0.19999999999999996,5.6,8.75,1.0,0.0
2023,Monaco Grand Prix,16,LEC,Ferrari,6.0,6.0,6.0,1,0,0,1,2023-05-28,113,0,11.2,4.0,0.6,0.4,8.0,4.4,0.8,0.19999999999999996
2023,Monaco Grand Prix,10,GAS,Alpine,7.0,7.0,7.0,1,0,0,1,2023-05-28,113,0,10.6,12.6,0.6,0.19999999999999996,9.8,11.0,0.6,0.0
2023,Monaco Grand Prix,55,SAI,Ferrari,4.0,4.0,8.0,1,0,0,1,2023-05-28,113,0,6.4,4.2,0.8,0.0,5.2,3.75,1.0,0.0
2023,Monaco Grand Prix,4,NOR,McLaren,10.0,10.0,9.0,0,0,0,1,2023-05-28,93,0,13.2,13.2,0.4,0.19999999999999996,12.8,13.6,0.4,0.19999999999999996
2023,Monaco Grand Prix,81,PIA,McLaren,11.0,11.0,10.0,0,0,0,1,2023-05-28,6,1,14.6,14.4,0.2,0.4,13.0,13.0,0.4,0.4
2023,Monaco Grand Prix,77,BOT,Alfa Romeo,15.0,15.0,11.0,0,0,0,0,2023-05-28,113,0,13.6,13.8,0.2,0.4,15.4,14.6,0.0,0.4
2023,Monaco Grand Prix,21,DEV,AlphaTauri,12.0,12.0,12.0,0,0,0,0,2023-05-28,6,1,16.2,17.4,0.0,0.6,14.8,15.0,0.2,0.4
2023,Monaco Grand Prix,24,ZHO,Alfa Romeo,19.0,19.0,13.0,0,0,0,0,2023-05-28,30,0,14.6,14.4,0.2,0.4,15.4,13.5,0.0,0.6
2023,Monaco Grand Prix,23,ALB,Williams,13.0,13.0,14.0,0,0,0,0,2023-05-28,69,0,14.8,12.8,0.2,0.4,16.2,13.4,0.0,0.4
2023,Monaco Grand Prix,22,TSU,AlphaTauri,9.0,9.0,15.0,0,0,0,0,2023-05-28,53,0,10.6,13.4,0.4,0.0,14.2,15.0,0.2,0.4
2023,Monaco Grand Prix,11,PER,Red Bull Racing,20.0,20.0,16.0,0,0,0,0,2023-05-28,111,0,2.2,5.4,1.0,0.0,1.4,3.75,1.0,0.0
2023,Monaco Grand Prix,27,HUL,Haas F1 Team,18.0,18.0,17.0,0,0,0,0,2023-05-28,52,0,13.2,12.0,0.2,0.4,14.4,13.0,0.2,0.4
2023,Monaco Grand Prix,2,SAR,Williams,16.0,16.0,18.0,0,0,0,0,2023-05-28,26,0,16.0,17.8,0.0,0.6,15.2,14.75,0.0,0.4
2023,Monaco Grand Prix,20,MAG,Haas F1 Team,17.0,17.0,19.0,0,0,0,0,2023-05-28,90,0,12.6,13.2,0.4,0.4,14.4,12.75,0.2,0.4
2023,Monaco Grand Prix,18,STR,Aston Martin,14.0,14.0,20.0,0,0,0,0,2023-05-28,112,0,9.8,9.4,0.6,0.19999999999999996,5.6,8.75,0.8,0.0
2023,Spanish Grand Prix,1,VER,Red Bull Racing,1.0,1.0,1.0,1,1,1,1,2023-06-04,31,0,1.4,6.75,1.0,0.0,4.4,4.0,0.8,0.19999999999999996
2023,Spanish Grand Prix,44,HAM,Mercedes,4.0,4.0,2.0,1,1,1,1,2023-06-04,113,0,4.6,7.25,1.0,0.0,5.4,10.0,1.0,0.0
2023,Spanish Grand Prix,63,RUS,Mercedes,12.0,12.0,3.0,1,1,1,1,2023-06-04,94,0,7.8,5.75,0.8,0.19999999999999996,4.2,9.5,1.0,0.0
2023,Spanish Grand Prix,11,PER,Red Bull Racing,11.0,11.0,4.0,1,0,1,1,2023-06-04,112,0,5.0,6.25,0.8,0.19999999999999996,4.2,5.0,0.8,0.19999999999999996
2023,Spanish Grand Prix,55,SAI,Ferrari,2.0,2.0,5.0,1,0,1,1,2023-06-04,114,0,7.2,4.25,0.8,0.0,6.2,4.666666666666667,1.0,0.0
2023,Spanish Grand Prix,18,STR,Aston Martin,5.0,5.0,6.0,1,0,0,1,2023-06-04,113,0,12.6,9.75,0.4,0.4,8.8,9.666666666666666,0.6,0.19999999999999996
2023,Spanish Grand Prix,14,ALO,Aston Martin,8.0,8.0,7.0,1,0,0,1,2023-06-04,74,0,3.0,3.75,1.0,0.0,8.6,10.0,0.6,0.19999999999999996
2023,Spanish Grand Prix,31,OCO,Alpine,6.0,6.0,8.0,1,0,0,1,2023-06-04,93,0,9.8,9.5,0.6,0.19999999999999996,8.4,8.333333333333334,0.8,0.0
2023,Spanish Grand Prix,24,ZHO,Alfa Romeo,13.0,13.0,9.0,1,0,0,1,2023-06-04,31,0,14.0,14.75,0.2,0.4,14.4,13.333333333333334,0.0,0.6
2023,Spanish Grand Prix,10,GAS,Alpine,10.0,10.0,10.0,1,0,0,1,2023-06-04,114,0,10.2,10.75,0.6,0.19999999999999996,7.0,6.5,1.0,0.0
2023,Spanish Grand Prix,16,LEC,Ferrari,19.0,19.0,11.0,1,0,0,0,2023-06-04,114,0,8.6,4.25,0.8,0.19999999999999996,6.2,5.0,1.0,0.0
2023,Spanish Grand Prix,22,TSU,AlphaTauri,15.0,15.0,12.0,1,0,0,0,2023-06-04,54,0,11.4,13.25,0.4,0.19999999999999996,15.2,17.333333333333332,0.0,0.6
2023,Spanish Grand Prix,81,PIA,McLaren,9.0,9.0,13.0,0,0,0,0,2023-06-04,7,1,12.6,13.5,0.4,0.4,13.2,15.0,0.4,0.6
2023,Spanish Grand Prix,21,DEV,AlphaTauri,14.0,14.0,14.0,0,0,0,0,2023-06-04,7,1,15.8,17.0,0.0,0.6,13.6,16.0,0.0,0.4
2023,Spanish Grand Prix,27,HUL,Haas F1 Team,7.0,7.0,15.0,0,0,0,0,2023-06-04,53,0,13.6,12.5,0.2,0.4,15.6,11.0,0.2,0.6
2023,Spanish Grand Prix,23,ALB,Williams,18.0,18.0,16.0,0,0,0,0,2023-06-04,70,0,15.6,12.25,0.0,0.6,16.4,15.333333333333334,0.0,0.6
2023,Spanish Grand Prix,4,NOR,McLaren,3.0,3.0,17.0,0,0,0,0,2023-06-04,94,0,11.6,13.75,0.6,0.19999999999999996,13.6,17.5,0.4,0.8
2023,Spanish Grand Prix,20,MAG,Haas F1 Team,17.0,17.0,18.0,0,0,0,0,2023-06-04,91,0,13.8,12.25,0.4,0.4,15.2,8.0,0.2,0.6
2023,Spanish Grand Prix,77,BOT,Alfa Romeo,16.0,16.0,19.0,0,0,0,0,2023-06-04,114,0,14.2,14.25,0.0,0.6,12.4,12.0,0.2,0.4
2023,Spanish Grand Prix,2,SAR,Williams,20.0,20.0,20.0,0,0,0,0,2023-06-04,27,0,17.2,18.25,0.0,0.6,16.4,15.5,0.0,0.8
2023,Canadian Grand Prix,1,VER,Red Bull Racing,1.0,1.0,1.0,1,1,1,1,2023-06-18,32,0,1.2,4.0,1.0,0.0,4.8,1.0,0.8,0.19999999999999996
2023,Canadian Grand Prix,14,ALO,Aston Martin,2.0,2.0,2.0,1,1,1,1,2023-06-18,75,0,3.8,4.0,1.0,0.0,9.4,18.0,0.6,0.19999999999999996
2023,Canadian Grand Prix,44,HAM,Mercedes,3.0,3.0,3.0,1,1,1,1,2023-06-18,114,0,4.0,7.0,1.0,0.0,4.0,13.0,1.0,0.0
2023,Canadian Grand Prix,16,LEC,Ferrari,10.0,10.0,4.0,1,0,1,1,2023-06-18,115,0,9.4,5.0,0.6,0.19999999999999996,7.4,7.0,0.8,0.0
2023,Canadian Grand Prix,55,SAI,Ferrari,11.0,11.0,5.0,1,0,1,1,2023-06-18,115,0,7.0,4.0,0.8,0.0,6.8,10.466084656084657,0.8,0.0
2023,Canadian Grand Prix,11,PER,Red Bull Racing,12.0,12.0,6.0,1,0,0,1,2023-06-18,113,0,5.6,8.0,0.8,0.19999999999999996,4.6,10.466084656084657,0.8,0.19999999999999996
2023,Canadian Grand Prix,23,ALB,Williams,9.0,9.0,7.0,1,0,0,1,2023-06-18,71,0,15.0,10.666666666666666,0.0,0.6,17.6,20.0,0.0,1.0
2023,Canadian Grand Prix,31,OCO,Alpine,6.0,6.0,8.0,1,0,0,1,2023-06-18,94,0,9.8,10.333333333333334,0.6,0.19999999999999996,7.4,8.0,1.0,0.0
2023,Canadian Grand Prix,18,STR,Aston Martin,16.0,16.0,9.0,1,0,0,1,2023-06-18,114,0,9.8,11.0,0.6,0.19999999999999996,7.4,10.466084656084657,0.8,0.19999999999999996
2023,Canadian Grand Prix,77,BOT,Alfa Romeo,14.0,14.0,10.0,1,0,0,1,2023-06-18,115,0,14.4,14.333333333333334,0.0,0.6,13.6,14.0,0.2,0.6
2023,Canadian Grand Prix,81,PIA,McLaren,8.0,8.0,11.0,1,0,0,0,2023-06-18,8,1,12.2,15.0,0.4,0.6,13.6,19.0,0.4,1.0
2023,Canadian Grand Prix,10,GAS,Alpine,15.0,15.0,12.0,1,0,0,0,2023-06-18,115,0,10.4,11.0,0.6,0.19999999999999996,7.2,10.466084656084657,1.0,0.0
2023,Canadian Grand Prix,4,NOR,McLaren,7.0,7.0,13.0,1,0,0,0,2023-06-18,95,0,11.6,12.0,0.6,0.4,12.0,10.466084656084657,0.4,0.8
2023,Canadian Grand Prix,22,TSU,AlphaTauri,19.0,19.0,14.0,1,0,0,0,2023-06-18,55,0,11.6,12.333333333333334,0.4,0.19999999999999996,14.2,15.0,0.0,0.6
2023,Canadian Grand Prix,27,HUL,Haas F1 Team,5.0,5.0,15.0,0,0,0,0,2023-06-18,54,0,14.2,13.0,0.2,0.6,16.8,12.0,0.0,0.8
2023,Canadian Grand Prix,24,ZHO,Alfa Romeo,20.0,20.0,16.0,0,0,0,0,2023-06-18,32,0,13.2,15.666666666666666,0.4,0.4,12.4,10.466084656084657,0.4,0.6
2023,Canadian Grand Prix,20,MAG,Haas F1 Team,13.0,13.0,17.0,0,0,0,0,2023-06-18,92,0,15.4,12.0,0.2,0.6,16.8,10.466084656084657,0.0,1.0
2023,Canadian Grand Prix,21,DEV,AlphaTauri,17.0,17.0,18.0,0,0,0,0,2023-06-18,8,1,15.8,16.666666666666668,0.0,0.8,13.4,10.466084656084657,0.0,0.6
2023,Canadian Grand Prix,63,RUS,Mercedes,4.0,4.0,19.0,0,0,0,0,2023-06-18,95,0,7.6,6.333333333333333,0.8,0.19999999999999996,3.4,10.466084656084657,1.0,0.0
2023,Canadian Grand Prix,2,SAR,Williams,18.0,18.0,20.0,0,0,0,0,2023-06-18,28,0,18.0,17.666666666666668,0.0,0.8,15.0,10.466084656084657,0.2,0.8
2023,Austrian Grand Prix,1,VER,Red Bull Racing,1.0,1.0,1.0,1,1,1,1,2023-07-02,33,0,1.2,5.5,1.0,0.0,5.6,10.466084656084657,0.8,0.19999999999999996
2023,Austrian Grand Prix,16,LEC,Ferrari,2.0,2.0,2.0,1,1,1,1,2023-07-02,116,0,6.2,4.0,0.8,0.0,6.6,10.466084656084657,0.8,0.0
2023,Austrian Grand Prix,11,PER,Red Bull Racing,15.0,15.0,3.0,1,1,1,1,2023-07-02,114,0,5.8,2.0,0.8,0.19999999999999996,2.6,10.466084656084657,1.0,0.0
2023,Austrian Grand Prix,4,NOR,McLaren,4.0,4.0,4.0,1,0,1,1,2023-07-02,96,0,13.0,11.5,0.4,0.4,12.8,10.466084656084657,0.2,0.6
2023,Austrian Grand Prix,14,ALO,Aston Martin,7.0,7.0,5.0,1,0,1,1,2023-07-02,76,0,3.6,4.0,1.0,0.0,8.8,10.466084656084657,0.8,0.19999999999999996
2023,Austrian Grand Prix,55,SAI,Ferrari,3.0,3.0,6.0,1,0,0,1,2023-07-02,116,0,5.6,3.5,1.0,0.0,5.4,10.466084656084657,0.8,0.0
2023,Austrian Grand Prix,63,RUS,Mercedes,11.0,11.0,7.0,1,0,0,1,2023-07-02,96,0,7.8,8.5,0.8,0.19999999999999996,6.4,10.466084656084657,0.8,0.19999999999999996
2023,Austrian Grand Prix,44,HAM,Mercedes,5.0,5.0,8.0,1,0,0,1,2023-07-02,115,0,4.2,9.0,1.0,0.0,6.8,10.466084656084657,0.8,0.19999999999999996
2023,Austrian Grand Prix,18,STR,Aston Martin,6.0,6.0,9.0,1,0,0,1,2023-07-02,115,0,10.8,13.5,0.6,0.19999999999999996,5.8,10.466084656084657,1.0,0.0
2023,Austrian Grand Prix,10,GAS,Alpine,9.0,9.0,10.0,1,0,0,1,2023-07-02,116,0,10.2,12.0,0.6,0.0,9.0,10.466084656084657,0.8,0.0
2023,Austrian Grand Prix,23,ALB,Williams,10.0,10.0,11.0,1,0,0,0,2023-07-02,72,0,12.6,12.0,0.2,0.4,16.2,10.466084656084657,0.2,0.8
2023,Austrian Grand Prix,24,ZHO,Alfa Romeo,17.0,17.0,12.0,0,0,0,0,2023-07-02,33,0,14.6,15.0,0.2,0.6,13.4,10.466084656084657,0.4,0.6
2023,Austrian Grand Prix,2,SAR,Williams,18.0,18.0,13.0,0,0,0,0,2023-07-02,29,0,18.8,17.5,0.0,0.8,14.8,10.466084656084657,0.2,0.6
2023,Austrian Grand Prix,31,OCO,Alpine,12.0,12.0,14.0,0,0,0,0,2023-07-02,95,0,8.6,10.0,0.8,0.0,9.6,10.466084656084657,0.8,0.0
2023,Austrian Grand Prix,77,BOT,Alfa Romeo,14.0,14.0,15.0,0,0,0,0,2023-07-02,116,0,14.2,12.0,0.2,0.6,13.2,10.466084656084657,0.4,0.6
2023,Austrian Grand Prix,81,PIA,McLaren,13.0,13.0,16.0,0,0,0,0,2023-07-02,9,1,12.8,14.5,0.2,0.6,11.6,10.466084656084657,0.2,0.4
2023,Austrian Grand Prix,21,DEV,AlphaTauri,20.0,20.0,17.0,0,0,0,0,2023-07-02,9,1,16.4,17.5,0.0,0.8,14.6,10.466084656084657,0.0,0.6
2023,Austrian Grand Prix,20,MAG,Haas F1 Team,19.0,19.0,18.0,0,0,0,0,2023-07-02,93,0,15.4,11.0,0.2,0.6,16.8,10.466084656084657,0.0,1.0
2023,Austrian Grand Prix,22,TSU,AlphaTauri,16.0,16.0,19.0,0,0,0,0,2023-07-02,56,0,12.4,12.5,0.2,0.19999999999999996,15.0,10.466084656084657,0.0,0.6
2023,Austrian Grand Prix,27,HUL,Haas F1 Team,8.0,8.0,20.0,0,0,0,0,2023-07-02,55,0,15.8,14.5,0.0,0.8,16.6,10.466084656084657,0.0,1.0
2023,British Grand Prix,1,VER,Red Bull Racing,1.0,1.0,1.0,1,1,1,1,2023-07-09,34,0,1.0,9.0,1.0,0.0,3.0,10.466084656084657,1.0,0.0
2023,British Grand Prix,4,NOR,McLaren,2.0,2.0,2.0,1,1,1,1,2023-07-09,97,0,12.0,16.0,0.4,0.4,12.2,10.466084656084657,0.2,0.4
2023,British Grand Prix,44,HAM,Mercedes,7.0,7.0,3.0,1,1,1,1,2023-07-09,116,0,4.6,13.0,1.0,0.0,8.0,10.466084656084657,0.8,0.19999999999999996
2023,British Grand Prix,81,PIA,McLaren,3.0,3.0,4.0,1,0,1,1,2023-07-09,10,1,13.8,19.0,0.2,0.8,9.2,2.0,0.4,0.19999999999999996
2023,British Grand Prix,63,RUS,Mercedes,6.0,6.0,5.0,1,0,1,1,2023-07-09,97,0,7.6,6.0,0.8,0.19999999999999996,8.0,7.0,0.8,0.19999999999999996
2023,British Grand Prix,11,PER,Red Bull Racing,15.0,15.0,6.0,1,0,0,1,2023-07-09,115,0,6.2,1.0,0.8,0.19999999999999996,2.4,1.0,1.0,0.0
2023,British Grand Prix,14,ALO,Aston Martin,9.0,9.0,7.0,1,0,0,1,2023-07-09,77,0,3.8,2.0,1.0,0.0,6.4,10.466084656084657,1.0,0.0
2023,British Grand Prix,23,ALB,Williams,8.0,8.0,8.0,1,0,0,1,2023-07-09,73,0,12.4,11.0,0.2,0.4,14.2,10.466084656084657,0.2,0.6
2023,British Grand Prix,16,LEC,Ferrari,4.0,4.0,9.0,1,0,0,1,2023-07-09,117,0,6.0,7.0,0.8,0.0,5.6,10.466084656084657,0.8,0.0
2023,British Grand Prix,55,SAI,Ferrari,5.0,5.0,10.0,1,0,0,1,2023-07-09,117,0,5.8,3.0,1.0,0.0,5.2,4.0,1.0,0.0
2023,British Grand Prix,2,SAR,Williams,14.0,14.0,11.0,1,0,0,0,2023-07-09,30,0,18.2,20.0,0.0,1.0,11.8,8.0,0.4,0.4
2023,British Grand Prix,77,BOT,Alfa Romeo,20.0,15.0,12.0,1,0,0,0,2023-07-09,117,0,13.6,10.0,0.2,0.6,14.4,10.466084656084657,0.2,0.8
2023,British Grand Prix,27,HUL,Haas F1 Team,11.0,11.0,13.0,1,0,0,0,2023-07-09,56,0,16.4,12.0,0.0,0.8,17.6,10.466084656084657,0.0,1.0
2023,British Grand Prix,18,STR,Aston Martin,12.0,12.0,14.0,1,0,0,0,2023-07-09,116,0,11.2,18.0,0.6,0.19999999999999996,6.4,9.0,1.0,0.0
2023,British Grand Prix,24,ZHO,Alfa Romeo,17.0,17.0,15.0,1,0,0,0,2023-07-09,34,0,13.2,14.0,0.2,0.6,13.0,15.0,0.2,0.6
2023,British Grand Prix,22,TSU,AlphaTauri,16.0,16.0,16.0,1,0,0,0,2023-07-09,57,0,14.2,17.0,0.0,0.4,16.4,10.466084656084657,0.0,0.8
2023,British Grand Prix,21,DEV,AlphaTauri,18.0,18.0,17.0,1,0,0,0,2023-07-09,10,1,15.8,15.0,0.0,0.8,16.8,16.0,0.0,0.6
2023,British Grand Prix,10,GAS,Alpine,10.0,10.0,18.0,0,0,0,0,2023-07-09,117,0,9.4,5.0,0.8,0.0,10.8,10.466084656084657,0.6,0.19999999999999996
2023,British Grand Prix,20,MAG,Haas F1 Team,19.0,19.0,19.0,0,0,0,0,2023-07-09,94,0,16.4,4.0,0.2,0.8,16.6,11.0,0.0,0.8
2023,British Grand Prix,31,OCO,Alpine,13.0,13.0,20.0,0,0,0,0,2023-07-09,96,0,8.4,8.0,0.8,0.19999999999999996,12.4,10.0,0.4,0.4
2023,Hungarian Grand Prix,1,VER,Red Bull Racing,2.0,2.0,1.0,1,1,1,1,2023-07-23,35,0,1.0,1.0,1.0,0.0,3.4,8.0,1.0,0.0
2023,Hungarian Grand Prix,4,NOR,McLaren,3.0,3.0,2.0,1,1,1,1,2023-07-23,98,0,9.0,2.0,0.6,0.4,7.8,2.5,0.6,0.19999999999999996
2023,Hungarian Grand Prix,11,PER,Red Bull Racing,9.0,9.0,3.0,1,1,1,1,2023-07-23,116,0,7.0,15.0,0.8,0.19999999999999996,2.4,6.0,1.0,0.0
2023,Hungarian Grand Prix,44,HAM,Mercedes,1.0,1.0,4.0,1,0,1,1,2023-07-23,117,0,4.0,7.0,1.0,0.0,8.4,6.5,0.8,0.19999999999999996
2023,Hungarian Grand Prix,81,PIA,McLaren,4.0,4.0,5.0,1,0,1,1,2023-07-23,11,1,10.8,3.0,0.4,0.6,5.6,2.6666666666666665,0.8,0.19999999999999996
2023,Hungarian Grand Prix,63,RUS,Mercedes,18.0,18.0,6.0,1,0,0,1,2023-07-23,98,0,7.8,6.0,0.8,0.19999999999999996,5.4,4.666666666666667,1.0,0.0
2023,Hungarian Grand Prix,16,LEC,Ferrari,6.0,6.0,7.0,1,0,0,1,2023-07-23,118,0,6.4,4.0,0.8,0.0,6.4,4.5,1.0,0.0
2023,Hungarian Grand Prix,55,SAI,Ferrari,11.0,11.0,8.0,1,0,0,1,2023-07-23,118,0,6.8,5.0,1.0,0.0,6.8,5.0,1.0,0.0
2023,Hungarian Grand Prix,14,ALO,Aston Martin,8.0,8.0,9.0,1,0,0,1,2023-07-23,78,0,4.6,9.0,1.0,0.0,8.8,10.5,0.8,0.0
2023,Hungarian Grand Prix,18,STR,Aston Martin,14.0,14.0,10.0,0,0,0,1,2023-07-23,117,0,11.6,12.0,0.6,0.19999999999999996,8.8,9.666666666666666,0.8,0.0
2023,Hungarian Grand Prix,23,ALB,Williams,16.0,16.0,11.0,0,0,0,0,2023-07-23,74,0,11.2,8.0,0.4,0.4,12.6,11.0,0.2,0.4
2023,Hungarian Grand Prix,77,BOT,Alfa Romeo,7.0,7.0,12.0,0,0,0,0,2023-07-23,118,0,13.4,15.0,0.2,0.6,14.0,16.0,0.0,0.6
2023,Hungarian Grand Prix,3,RIC,AlphaTauri,13.0,13.0,13.0,0,0,0,0,2023-07-23,107,0,12.6,12.6,0.4,0.4,17.4,17.0,0.0,0.6
2023,Hungarian Grand Prix,27,HUL,Haas F1 Team,10.0,10.0,14.0,0,0,0,0,2023-07-23,57,0,16.0,11.0,0.0,0.8,17.4,15.0,0.0,0.8
2023,Hungarian Grand Prix,22,TSU,AlphaTauri,17.0,17.0,15.0,0,0,0,0,2023-07-23,58,0,15.2,16.0,0.0,0.4,16.4,15.666666666666666,0.0,0.6
2023,Hungarian Grand Prix,24,ZHO,Alfa Romeo,5.0,5.0,16.0,0,0,0,0,2023-07-23,35,0,13.0,17.0,0.2,0.6,13.2,13.0,0.0,0.6
2023,Hungarian Grand Prix,20,MAG,Haas F1 Team,19.0,19.0,17.0,0,0,0,0,2023-07-23,95,0,18.2,19.0,0.0,1.0,16.8,13.333333333333334,0.0,0.8
2023,Hungarian Grand Prix,2,SAR,Williams,20.0,20.0,18.0,0,0,0,0,2023-07-23,31,0,16.4,14.0,0.0,0.8,10.8,12.666666666666666,0.2,0.4
2023,Hungarian Grand Prix,31,OCO,Alpine,12.0,12.0,19.0,0,0,0,0,2023-07-23,97,0,10.6,13.0,0.6,0.4,14.8,11.5,0.2,0.6
2023,Hungarian Grand Prix,10,GAS,Alpine,15.0,15.0,20.0,0,0,0,0,2023-07-23,118,0,11.4,10.0,0.6,0.19999999999999996,16.2,11.666666666666666,0.2,0.8
2023,Singapore Grand Prix,55,SAI,Ferrari,1.0,1.0,1.0,1,1,1,1,2023-09-17,119,0,6.8,8.0,1.0,0.0,8.0,6.5,1.0,0.0
2023,Singapore Grand Prix,4,NOR,McLaren,4.0,4.0,2.0,1,1,1,1,2023-09-17,99,0,7.6,2.5,0.6,0.19999999999999996,5.8,3.0,0.8,0.19999999999999996
2023,Singapore Grand Prix,44,HAM,Mercedes,5.0,5.0,3.0,1,1,1,1,2023-09-17,118,0,4.0,4.0,1.0,0.0,5.2,8.0,1.0,0.0
2023,Singapore Grand Prix,16,LEC,Ferrari,3.0,3.0,4.0,1,0,1,1,2023-09-17,119,0,6.6,5.0,0.8,0.0,7.0,6.5,1.0,0.0
2023,Singapore Grand Prix,1,VER,Red Bull Racing,11.0,11.0,5.0,1,0,1,1,2023-09-17,36,0,1.0,1.5,1.0,0.0,2.8,6.75,1.0,0.0
2023,Singapore Grand Prix,10,GAS,Alpine,12.0,12.0,6.0,1,0,0,1,2023-09-17,119,0,14.0,12.5,0.4,0.4,18.2,12.5,0.0,1.0
2023,Singapore Grand Prix,81,PIA,McLaren,17.0,17.0,7.0,1,0,0,1,2023-09-17,12,1,9.8,3.5,0.4,0.4,3.0,3.0,1.0,0.0
2023,Singapore Grand Prix,11,PER,Red Bull Racing,13.0,13.0,8.0,1,0,0,1,2023-09-17,117,0,4.4,12.0,1.0,0.0,3.2,6.75,1.0,0.0
2023,Singapore Grand Prix,40,LAW,AlphaTauri,10.0,10.0,9.0,1,0,0,1,2023-09-17,0,1,16.0,16.0,0.0,0.6,16.0,16.0,0.0,0.6
2023,Singapore Grand Prix,20,MAG,Haas F1 Team,6.0,6.0,10.0,1,0,0,1,2023-09-17,96,0,17.8,19.0,0.0,1.0,16.6,14.75,0.0,0.8
2023,Singapore Grand Prix,23,ALB,Williams,14.0,14.0,11.0,1,0,0,0,2023-09-17,75,0,10.6,12.0,0.4,0.4,12.2,14.5,0.2,0.6
2023,Singapore Grand Prix,24,ZHO,Alfa Romeo,19.0,19.0,12.0,1,0,0,0,2023-09-17,36,0,13.6,11.0,0.2,0.6,14.0,11.0,0.0,0.6
2023,Singapore Grand Prix,27,HUL,Haas F1 Team,9.0,9.0,13.0,1,0,0,0,2023-09-17,58,0,15.4,10.5,0.0,0.8,14.6,14.75,0.2,0.6
2023,Singapore Grand Prix,2,SAR,Williams,18.0,18.0,14.0,1,0,0,0,2023-09-17,32,0,16.4,17.0,0.0,0.8,11.8,14.5,0.2,0.4
2023,Singapore Grand Prix,14,ALO,Aston Martin,7.0,7.0,15.0,1,0,0,0,2023-09-17,79,0,6.0,8.5,1.0,0.0,9.8,10.75,0.8,0.19999999999999996
2023,Singapore Grand Prix,63,RUS,Mercedes,2.0,2.0,16.0,0,0,0,0,2023-09-17,99,0,8.0,12.0,0.8,0.19999999999999996,4.2,8.0,1.0,0.0
2023,Singapore Grand Prix,77,BOT,Alfa Romeo,16.0,16.0,17.0,0,0,0,0,2023-09-17,119,0,13.6,11.0,0.2,0.6,13.4,11.0,0.0,0.4
2023,Singapore Grand Prix,31,OCO,Alpine,8.0,8.0,18.0,0,0,0,0,2023-09-17,98,0,13.8,12.5,0.4,0.6,16.6,12.5,0.2,0.8
2023,Singapore Grand Prix,22,TSU,AlphaTauri,15.0,15.0,19.0,0,0,0,0,2023-09-17,59,0,15.2,16.5,0.0,0.4,14.0,16.0,0.2,0.4
2023,Japanese Grand Prix,1,VER,Red Bull Racing,1.0,1.0,1.0,1,1,1,1,2023-09-24,37,0,1.8,1.5,1.0,0.0,4.6,8.666666666666666,1.0,0.0
2023,Japanese Grand Prix,4,NOR,McLaren,3.0,3.0,2.0,1,1,1,1,2023-09-24,100,0,4.6,2.5,0.8,0.0,4.0,3.3333333333333335,1.0,0.0
2023,Japanese Grand Prix,81,PIA,McLaren,2.0,2.0,3.0,1,1,1,1,2023-09-24,13,1,8.6,3.5,0.6,0.19999999999999996,3.6,3.5,1.0,0.0
2023,Japanese Grand Prix,16,LEC,Ferrari,4.0,4.0,4.0,1,0,1,1,2023-09-24,120,0,5.2,5.0,1.0,0.0,6.0,7.333333333333333,1.0,0.0
2023,Japanese Grand Prix,44,HAM,Mercedes,7.0,7.0,5.0,1,0,1,1,2023-09-24,119,0,4.2,4.0,1.0,0.0,6.8,8.333333333333334,0.8,0.19999999999999996
2023,Japanese Grand Prix,55,SAI,Ferrari,6.0,6.0,6.0,1,0,0,1,2023-09-24,120,0,6.0,8.0,1.0,0.0,4.8,8.5,1.0,0.0
2023,Japanese Grand Prix,63,RUS,Mercedes,8.0,8.0,7.0,1,0,0,1,2023-09-24,100,0,10.6,12.0,0.6,0.4,6.8,9.5,0.8,0.19999999999999996
2023,Japanese Grand Prix,14,ALO,Aston Martin,10.0,10.0,8.0,1,0,0,1,2023-09-24,80,0,7.6,8.5,0.8,0.0,11.0,10.75,0.6,0.19999999999999996
2023,Japanese Grand Prix,31,OCO,Alpine,14.0,14.0,9.0,1,0,0,1,2023-09-24,99,0,15.8,12.5,0.2,0.8,16.6,13.333333333333334,0.2,0.8
2023,Japanese Grand Prix,10,GAS,Alpine,12.0,12.0,10.0,1,0,0,1,2023-09-24,120,0,13.2,12.5,0.4,0.4,14.4,13.5,0.4,0.6
2023,Japanese Grand Prix,40,LAW,AlphaTauri,11.0,11.0,11.0,0,0,0,0,2023-09-24,1,1,9.0,16.0,1.0,0.0,14.6,16.0,0.2,0.6
2023,Japanese Grand Prix,22,TSU,AlphaTauri,9.0,9.0,12.0,0,0,0,0,2023-09-24,60,0,16.6,16.5,0.0,0.6,13.4,15.0,0.2,0.8
2023,Japanese Grand Prix,24,ZHO,Alfa Romeo,19.0,19.0,13.0,0,0,0,0,2023-09-24,37,0,14.2,11.0,0.0,0.6,14.4,9.666666666666666,0.0,0.6
2023,Japanese Grand Prix,27,HUL,Haas F1 Team,18.0,18.0,14.0,0,0,0,0,2023-09-24,59,0,15.0,10.5,0.0,0.6,14.6,16.0,0.2,0.6
2023,Japanese Grand Prix,20,MAG,Haas F1 Team,15.0,15.0,15.0,0,0,0,0,2023-09-24,97,0,16.2,19.0,0.2,0.8,13.6,14.5,0.2,0.6
2023,Japanese Grand Prix,23,ALB,Williams,13.0,13.0,16.0,0,0,0,0,2023-09-24,76,0,9.6,12.0,0.4,0.19999999999999996,13.0,16.666666666666668,0.0,0.4
2023,Japanese Grand Prix,2,SAR,Williams,20.0,20.0,17.0,0,0,0,0,2023-09-24,33,0,15.2,17.0,0.0,0.6,14.0,18.0,0.0,0.6
2023,Japanese Grand Prix,18,STR,Aston Martin,17.0,17.0,18.0,0,0,0,0,2023-09-24,118,0,9.6,13.0,0.8,0.19999999999999996,11.2,11.333333333333334,0.6,0.19999999999999996
2023,Japanese Grand Prix,11,PER,Red Bull Racing,5.0,5.0,19.0,0,0,0,0,2023-09-24,118,0,5.2,12.0,1.0,0.0,3.6,5.5,1.0,0.0
2023,Japanese Grand Prix,77,BOT,Alfa Romeo,16.0,16.0,20.0,0,0,0,0,2023-09-24,120,0,13.2,11.0,0.2,0.6,14.0,6.0,0.0,0.8
2023,Qatar Grand Prix,1,VER,Red Bull Racing,1.0,1.0,1.0,1,1,1,1,2023-10-08,38,0,1.8,1.5,1.0,0.0,7.2,9.0,0.8,0.19999999999999996
2023,Qatar Grand Prix,81,PIA,McLaren,6.0,6.0,2.0,1,1,1,1,2023-10-08,14,1,7.0,3.5,0.8,0.19999999999999996,3.8,4.0,1.0,0.0
2023,Qatar Grand Prix,4,NOR,McLaren,10.0,10.0,3.0,1,1,1,1,2023-10-08,101,0,2.4,2.5,1.0,0.0,3.2,10.466084656084657,1.0,0.0
2023,Qatar Grand Prix,63,RUS,Mercedes,2.0,2.0,4.0,1,0,1,1,2023-10-08,101,0,8.2,12.0,0.8,0.19999999999999996,7.4,18.0,0.8,0.19999999999999996
2023,Qatar Grand Prix,16,LEC,Ferrari,5.0,5.0,5.0,1,0,1,1,2023-10-08,121,0,5.2,5.0,1.0,0.0,4.6,11.0,1.0,0.0
2023,Qatar Grand Prix,14,ALO,Aston Martin,4.0,4.0,6.0,1,0,0,1,2023-10-08,81,0,8.8,8.5,0.8,0.0,12.0,11.0,0.6,0.4
2023,Qatar Grand Prix,31,OCO,Alpine,8.0,8.0,7.0,1,0,0,1,2023-10-08,100,0,16.0,12.5,0.2,0.8,12.6,15.0,0.6,0.4
2023,Qatar Grand Prix,77,BOT,Alfa Romeo,9.0,9.0,8.0,1,0,0,1,2023-10-08,121,0,15.2,11.0,0.0,0.8,15.6,5.0,0.0,0.8
2023,Qatar Grand Prix,24,ZHO,Alfa Romeo,19.0,19.0,9.0,1,0,0,1,2023-10-08,38,0,13.6,11.0,0.0,0.6,14.0,10.466084656084657,0.2,0.6
2023,Qatar Grand Prix,11,PER,Red Bull Racing,20.0,20.0,10.0,1,0,0,1,2023-10-08,119,0,7.8,12.0,0.8,0.19999999999999996,6.8,10.466084656084657,0.8,0.19999999999999996
2023,Qatar Grand Prix,18,STR,Aston Martin,16.0,16.0,11.0,1,0,0,0,2023-10-08,119,0,12.0,13.0,0.6,0.4,11.4,14.0,0.6,0.4
2023,Qatar Grand Prix,10,GAS,Alpine,7.0,7.0,12.0,1,0,0,0,2023-10-08,121,0,12.8,12.5,0.6,0.4,10.0,10.466084656084657,0.8,0.19999999999999996
2023,Qatar Grand Prix,23,ALB,Williams,13.0,13.0,13.0,1,0,0,0,2023-10-08,77,0,11.4,12.0,0.2,0.4,15.2,20.0,0.0,0.6
2023,Qatar Grand Prix,20,MAG,Haas F1 Team,18.0,18.0,14.0,0,0,0,0,2023-10-08,98,0,15.8,19.0,0.2,0.8,13.8,19.0,0.2,0.6
2023,Qatar Grand Prix,22,TSU,AlphaTauri,11.0,11.0,15.0,0,0,0,0,2023-10-08,61,0,16.2,16.5,0.0,0.8,13.2,17.0,0.2,0.8
2023,Qatar Grand Prix,27,HUL,Haas F1 Team,14.0,14.0,16.0,0,0,0,0,2023-10-08,60,0,14.8,10.5,0.0,0.6,13.2,10.466084656084657,0.2,0.6
2023,Qatar Grand Prix,40,LAW,AlphaTauri,17.0,17.0,17.0,0,0,0,0,2023-10-08,2,1,10.0,10.431010928961749,0.5,0.5,13.2,10.466084656084657,0.2,0.8
2023,Qatar Grand Prix,2,SAR,Williams,15.0,15.0,18.0,0,0,0,0,2023-10-08,34,0,14.6,17.0,0.0,0.6,14.2,10.466084656084657,0.0,0.4
2023,Qatar Grand Prix,44,HAM,Mercedes,3.0,3.0,19.0,0,0,0,0,2023-10-08,120,0,4.6,4.0,1.0,0.0,7.0,10.466084656084657,0.8,0.19999999999999996
2023,Qatar Grand Prix,55,SAI,Ferrari,12.0,12.0,20.0,0,0,0,0,2023-10-08,121,0,6.2,8.0,1.0,0.0,4.0,10.466084656084657,1.0,0.0
2023,United States Grand Prix,1,VER,Red Bull Racing,6.0,6.0,1.0,1,1,1,1,2023-10-22,39,0,1.8,1.5,1.0,0.0,7.8,10.466084656084657,0.8,0.19999999999999996
2023,United States Grand Prix,4,NOR,McLaren,2.0,2.0,2.0,1,1,1,1,2023-10-22,102,0,2.2,2.5,1.0,0.0,3.4,10.466084656084657,1.0,0.0
2023,United States Grand Prix,55,SAI,Ferrari,4.0,4.0,3.0,1,1,1,1,2023-10-22,122,0,9.0,8.0,0.8,0.19999999999999996,7.8,10.466084656084657,0.8,0.19999999999999996
2023,United States Grand Prix,11,PER,Red Bull Racing,9.0,9.0,4.0,1,0,1,1,2023-10-22,120,0,9.2,12.0,0.8,0.19999999999999996,6.4,10.466084656084657,0.8,0.19999999999999996
2023,United States Grand Prix,63,RUS,Mercedes,5.0,5.0,5.0,1,0,1,1,2023-10-22,102,0,7.6,12.0,0.8,0.19999999999999996,10.2,10.466084656084657,0.6,0.4
2023,United States Grand Prix,10,GAS,Alpine,7.0,7.0,6.0,1,0,0,1,2023-10-22,122,0,13.2,12.5,0.4,0.4,11.2,10.466084656084657,0.6,0.19999999999999996
2023,United States Grand Prix,18,STR,Aston Martin,20.0,20.0,7.0,1,0,0,1,2023-10-22,120,0,12.4,13.0,0.4,0.4,11.6,10.466084656084657,0.4,0.19999999999999996
2023,United States Grand Prix,22,TSU,AlphaTauri,11.0,11.0,8.0,1,0,0,1,2023-10-22,62,0,15.4,16.5,0.0,0.8,14.8,10.466084656084657,0.0,1.0
2023,United States Grand Prix,23,ALB,Williams,15.0,15.0,9.0,1,0,0,1,2023-10-22,78,0,11.8,12.0,0.2,0.4,15.6,10.466084656084657,0.0,0.6
2023,United States Grand Prix,2,SAR,Williams,16.0,16.0,10.0,1,0,0,1,2023-10-22,35,0,15.6,17.0,0.0,0.6,14.6,10.466084656084657,0.2,0.6
2023,United States Grand Prix,27,HUL,Haas F1 Team,18.0,18.0,11.0,1,0,0,0,2023-10-22,61,0,14.0,10.5,0.0,0.6,14.4,10.466084656084657,0.0,0.8
2023,United States Grand Prix,77,BOT,Alfa Romeo,13.0,13.0,12.0,1,0,0,0,2023-10-22,122,0,13.8,11.0,0.2,0.6,13.4,10.466084656084657,0.4,0.6
2023,United States Grand Prix,24,ZHO,Alfa Romeo,12.0,12.0,13.0,0,0,0,0,2023-10-22,39,0,13.0,11.0,0.2,0.4,12.4,10.466084656084657,0.4,0.4
2023,United States Grand Prix,20,MAG,Haas F1 Team,17.0,17.0,14.0,0,0,0,0,2023-10-22,99,0,15.0,19.0,0.2,0.8,14.0,10.466084656084657,0.0,0.8
2023,United States Grand Prix,3,RIC,AlphaTauri,14.0,14.0,15.0,0,0,0,0,2023-10-22,108,0,13.0,13.0,0.4,0.6,12.6,10.466084656084657,0.2,0.8
2023,United States Grand Prix,14,ALO,Aston Martin,19.0,19.0,16.0,0,0,0,0,2023-10-22,82,0,9.0,8.5,0.8,0.0,10.0,10.466084656084657,0.6,0.19999999999999996
2023,United States Grand Prix,81,PIA,McLaren,10.0,10.0,17.0,0,0,0,0,2023-10-22,15,1,4.2,3.5,1.0,0.0,2.4,10.466084656084657,1.0,0.0
2023,United States Grand Prix,31,OCO,Alpine,8.0,8.0,18.0,0,0,0,0,2023-10-22,101,0,14.6,12.5,0.4,0.6,8.8,10.466084656084657,0.8,0.0
2023,United States Grand Prix,44,HAM,Mercedes,3.0,3.0,19.0,0,0,0,0,2023-10-22,121,0,6.8,4.0,0.8,0.19999999999999996,8.0,10.466084656084657,0.8,0.19999999999999996
2023,United States Grand Prix,16,LEC,Ferrari,1.0,1.0,20.0,0,0,0,0,2023-10-22,122,0,5.8,5.0,1.0,0.0,7.6,10.466084656084657,0.8,0.19999999999999996
2023,Mexico City Grand Prix,1,VER,Red Bull Racing,3.0,3.0,1.0,1,1,1,1,2023-10-29,40,0,1.8,2.0,1.0,0.0,7.0,10.466084656084657,0.8,0.19999999999999996
2023,Mexico City Grand Prix,44,HAM,Mercedes,6.0,6.0,2.0,1,1,1,1,2023-10-29,122,0,10.0,1.0,0.6,0.4,10.8,10.466084656084657,0.6,0.4
2023,Mexico City Grand Prix,16,LEC,Ferrari,1.0,1.0,3.0,1,1,1,1,2023-10-29,123,0,8.0,6.0,0.8,0.19999999999999996,10.8,10.466084656084657,0.6,0.4
2023,Mexico City Grand Prix,55,SAI,Ferrari,2.0,2.0,4.0,1,0,1,1,2023-10-29,123,0,7.6,11.0,0.8,0.19999999999999996,10.2,10.466084656084657,0.6,0.4
2023,Mexico City Grand Prix,4,NOR,McLaren,17.0,17.0,5.0,1,0,1,1,2023-10-29,103,0,2.2,3.0,1.0,0.0,5.4,10.466084656084657,0.8,0.19999999999999996
2023,Mexico City Grand Prix,63,RUS,Mercedes,8.0,8.0,6.0,1,0,0,1,2023-10-29,103,0,7.6,18.0,0.8,0.19999999999999996,9.8,10.466084656084657,0.6,0.4
2023,Mexico City Grand Prix,3,RIC,AlphaTauri,4.0,4.0,7.0,1,0,0,1,2023-10-29,109,0,12.8,12.0,0.4,0.8,13.4,10.466084656084657,0.2,0.8
2023,Mexico City Grand Prix,81,PIA,McLaren,7.0,7.0,8.0,1,0,0,1,2023-10-29,16,1,6.8,4.0,0.8,0.19999999999999996,5.8,10.466084656084657,0.8,0.19999999999999996
2023,Mexico City Grand Prix,23,ALB,Williams,14.0,14.0,9.0,1,0,0,1,2023-10-29,79,0,12.0,16.0,0.2,0.4,13.4,10.466084656084657,0.4,0.4
2023,Mexico City Grand Prix,31,OCO,Alpine,15.0,15.0,10.0,1,0,0,1,2023-10-29,102,0,14.2,12.0,0.4,0.6,10.6,10.466084656084657,0.6,0.19999999999999996
2023,Mexico City Grand Prix,10,GAS,Alpine,11.0,11.0,11.0,1,0,0,0,2023-10-29,123,0,10.8,15.0,0.6,0.19999999999999996,10.6,10.466084656084657,0.6,0.19999999999999996
2023,Mexico City Grand Prix,22,TSU,AlphaTauri,18.0,18.0,12.0,1,0,0,0,2023-10-29,63,0,13.8,17.0,0.2,0.8,12.4,10.466084656084657,0.4,0.6
2023,Mexico City Grand Prix,27,HUL,Haas F1 Team,12.0,12.0,13.0,1,0,0,0,2023-10-29,62,0,13.6,10.0,0.0,0.6,14.0,10.466084656084657,0.0,0.8
2023,Mexico City Grand Prix,24,ZHO,Alfa Romeo,10.0,10.0,14.0,1,0,0,0,2023-10-29,40,0,12.6,5.0,0.2,0.6,12.4,10.466084656084657,0.4,0.4
2023,Mexico City Grand Prix,77,BOT,Alfa Romeo,9.0,9.0,15.0,1,0,0,0,2023-10-29,123,0,13.8,7.0,0.2,0.6,11.2,10.466084656084657,0.4,0.19999999999999996
2023,Mexico City Grand Prix,2,SAR,Williams,19.0,19.0,16.0,0,0,0,0,2023-10-29,36,0,15.4,20.0,0.2,0.6,11.8,10.466084656084657,0.6,0.19999999999999996
2023,Mexico City Grand Prix,18,STR,Aston Martin,0.0,0.0,17.0,0,0,0,0,2023-10-29,121,0,12.0,13.0,0.4,0.4,11.6,10.466084656084657,0.4,0.4
2023,Mexico City Grand Prix,14,ALO,Aston Martin,13.0,13.0,18.0,0,0,0,0,2023-10-29,83,0,10.8,8.0,0.6,0.19999999999999996,11.4,10.466084656084657,0.4,0.4
2023,Mexico City Grand Prix,20,MAG,Haas F1 Team,16.0,16.0,19.0,0,0,0,0,2023-10-29,100,0,14.0,19.0,0.2,0.8,13.6,10.466084656084657,0.0,0.6
2023,Mexico City Grand Prix,11,PER,Red Bull Racing,5.0,5.0,20.0,0,0,0,0,2023-10-29,121,0,8.8,9.0,0.8,0.19999999999999996,3.4,10.466084656084657,1.0,0.0
2023,São Paulo Grand Prix,1,VER,Red Bull Racing,1.0,1.0,1.0,1,1,1,1,2023-11-05,41,0,1.8,10.431010928961749,1.0,0.0,7.2,10.466084656084657,0.8,0.19999999999999996
2023,São Paulo Grand Prix,4,NOR,McLaren,6.0,6.0,2.0,1,1,1,1,2023-11-05,104,0,2.8,10.431010928961749,1.0,0.0,7.0,10.466084656084657,0.8,0.19999999999999996
2023,São Paulo Grand Prix,14,ALO,Aston Martin,4.0,4.0,3.0,1,1,1,1,2023-11-05,84,0,12.6,10.431010928961749,0.4,0.4,13.8,10.466084656084657,0.2,0.6
2023,São Paulo Grand Prix,11,PER,Red Bull Racing,9.0,9.0,4.0,1,0,1,1,2023-11-05,122,0,12.2,10.431010928961749,0.6,0.4,5.4,10.466084656084657,0.8,0.19999999999999996
2023,São Paulo Grand Prix,18,STR,Aston Martin,3.0,3.0,5.0,1,0,1,1,2023-11-05,122,0,12.6,14.0,0.4,0.6,12.2,10.466084656084657,0.4,0.6
2023,São Paulo Grand Prix,55,SAI,Ferrari,7.0,7.0,6.0,1,0,0,1,2023-11-05,124,0,6.8,10.431010928961749,0.8,0.19999999999999996,10.0,10.466084656084657,0.6,0.4
2023,São Paulo Grand Prix,10,GAS,Alpine,15.0,15.0,7.0,1,0,0,1,2023-11-05,124,0,9.0,10.431010928961749,0.6,0.0,11.4,10.466084656084657,0.4,0.19999999999999996
2023,São Paulo Grand Prix,44,HAM,Mercedes,5.0,5.0,8.0,1,0,0,1,2023-11-05,123,0,9.6,10.431010928961749,0.6,0.4,10.2,10.466084656084657,0.6,0.4
2023,São Paulo Grand Prix,22,TSU,AlphaTauri,16.0,16.0,9.0,1,0,0,1,2023-11-05,64,0,13.2,10.431010928961749,0.2,0.6,11.8,10.466084656084657,0.4,0.4
2023,São Paulo Grand Prix,31,OCO,Alpine,14.0,14.0,10.0,0,0,0,1,2023-11-05,103,0,12.4,10.431010928961749,0.6,0.4,10.4,10.466084656084657,0.6,0.19999999999999996
2023,São Paulo Grand Prix,2,SAR,Williams,19.0,19.0,11.0,0,0,0,0,2023-11-05,37,0,15.0,10.431010928961749,0.2,0.6,12.4,10.466084656084657,0.6,0.4
2023,São Paulo Grand Prix,27,HUL,Haas F1 Team,11.0,11.0,12.0,0,0,0,0,2023-11-05,63,0,13.4,10.431010928961749,0.0,0.4,14.6,10.466084656084657,0.0,0.6
2023,São Paulo Grand Prix,3,RIC,AlphaTauri,17.0,17.0,13.0,0,0,0,0,2023-11-05,110,0,12.8,12.333333333333334,0.4,0.6,10.2,10.466084656084657,0.6,0.19999999999999996
2023,São Paulo Grand Prix,81,PIA,McLaren,10.0,10.0,14.0,0,0,0,0,2023-11-05,17,1,7.4,10.431010928961749,0.8,0.19999999999999996,6.8,10.466084656084657,0.8,0.19999999999999996
2023,São Paulo Grand Prix,63,RUS,Mercedes,8.0,8.0,15.0,0,0,0,0,2023-11-05,104,0,7.6,10.431010928961749,0.8,0.19999999999999996,8.0,10.466084656084657,0.8,0.19999999999999996
2023,São Paulo Grand Prix,77,BOT,Alfa Romeo,18.0,18.0,16.0,0,0,0,0,2023-11-05,124,0,14.4,10.431010928961749,0.2,0.4,12.6,10.466084656084657,0.2,0.19999999999999996
2023,São Paulo Grand Prix,24,ZHO,Alfa Romeo,20.0,20.0,17.0,0,0,0,0,2023-11-05,41,0,12.2,10.431010928961749,0.2,0.4,14.0,10.466084656084657,0.0,0.4
2023,São Paulo Grand Prix,20,MAG,Haas F1 Team,12.0,12.0,18.0,0,0,0,0,2023-11-05,101,0,14.4,10.431010928961749,0.2,0.8,13.8,10.466084656084657,0.0,0.6
2023,São Paulo Grand Prix,23,ALB,Williams,13.0,13.0,19.0,0,0,0,0,2023-11-05,80,0,11.6,10.431010928961749,0.4,0.19999999999999996,11.0,10.466084656084657,0.6,0.4
2023,São Paulo Grand Prix,16,LEC,Ferrari,2.0,2.0,20.0,0,0,0,0,2023-11-05,124,0,7.2,10.431010928961749,0.8,0.19999999999999996,7.2,10.466084656084657,0.8,0.19999999999999996
2023,Las Vegas Grand Prix,1,VER,Red Bull Racing,2.0,2.0,1.0,1,1,1,1,2023-11-18,42,0,1.0,10.431010928961749,1.0,0.0,6.0,10.466084656084657,0.8,0.19999999999999996
2023,Las Vegas Grand Prix,16,LEC,Ferrari,1.0,1.0,2.0,1,1,1,1,2023-11-18,125,0,10.4,10.431010928961749,0.6,0.4,10.6,10.466084656084657,0.6,0.4
2023,Las Vegas Grand Prix,11,PER,Red Bull Racing,11.0,11.0,3.0,1,1,1,1,2023-11-18,123,0,11.4,10.431010928961749,0.6,0.4,5.4,10.466084656084657,0.8,0.19999999999999996
2023,Las Vegas Grand Prix,31,OCO,Alpine,16.0,16.0,4.0,1,0,1,1,2023-11-18,104,0,10.8,10.431010928961749,0.8,0.4,11.2,10.466084656084657,0.6,0.4
2023,Las Vegas Grand Prix,18,STR,Aston Martin,19.0,19.0,5.0,1,0,1,1,2023-11-18,123,0,11.6,10.431010928961749,0.4,0.4,11.8,10.466084656084657,0.4,0.6
2023,Las Vegas Grand Prix,55,SAI,Ferrari,12.0,12.0,6.0,1,0,0,1,2023-11-18,125,0,7.8,10.431010928961749,0.8,0.19999999999999996,7.0,10.466084656084657,0.8,0.19999999999999996
2023,Las Vegas Grand Prix,44,HAM,Mercedes,10.0,10.0,7.0,1,0,0,1,2023-11-18,124,0,10.6,10.431010928961749,0.6,0.4,10.0,10.466084656084657,0.6,0.4
2023,Las Vegas Grand Prix,63,RUS,Mercedes,3.0,3.0,8.0,1,0,0,1,2023-11-18,105,0,7.4,10.431010928961749,0.8,0.19999999999999996,7.6,10.466084656084657,0.8,0.19999999999999996
2023,Las Vegas Grand Prix,14,ALO,Aston Martin,9.0,9.0,9.0,1,0,0,1,2023-11-18,85,0,10.2,10.431010928961749,0.6,0.4,9.6,10.466084656084657,0.6,0.4
2023,Las Vegas Grand Prix,81,PIA,McLaren,18.0,18.0,10.0,1,0,0,1,2023-11-18,18,1,8.8,10.431010928961749,0.6,0.4,9.2,10.466084656084657,0.6,0.4
2023,Las Vegas Grand Prix,10,GAS,Alpine,4.0,4.0,11.0,1,0,0,0,2023-11-18,125,0,9.2,10.431010928961749,0.6,0.0,8.4,10.466084656084657,0.8,0.19999999999999996
2023,Las Vegas Grand Prix,23,ALB,Williams,5.0,5.0,12.0,1,0,0,0,2023-11-18,81,0,13.2,10.431010928961749,0.4,0.4,13.0,10.466084656084657,0.4,0.6
2023,Las Vegas Grand Prix,20,MAG,Haas F1 Team,8.0,8.0,13.0,1,0,0,0,2023-11-18,102,0,16.0,10.431010928961749,0.0,1.0,15.2,10.466084656084657,0.0,0.8
2023,Las Vegas Grand Prix,3,RIC,AlphaTauri,14.0,14.0,14.0,1,0,0,0,2023-11-18,111,0,11.4,11.5,0.4,0.6,11.2,10.466084656084657,0.4,0.4
2023,Las Vegas Grand Prix,24,ZHO,Alfa Romeo,17.0,17.0,15.0,1,0,0,0,2023-11-18,42,0,13.2,10.431010928961749,0.2,0.6,15.0,10.466084656084657,0.0,0.6
2023,Las Vegas Grand Prix,2,SAR,Williams,6.0,6.0,16.0,1,0,0,0,2023-11-18,38,0,14.4,10.431010928961749,0.2,0.8,13.4,10.466084656084657,0.2,0.6
2023,Las Vegas Grand Prix,77,BOT,Alfa Romeo,7.0,7.0,17.0,1,0,0,0,2023-11-18,125,0,14.2,10.431010928961749,0.2,0.4,15.4,10.466084656084657,0.0,0.4
2023,Las Vegas Grand Prix,22,TSU,AlphaTauri,20.0,20.0,18.0,0,0,0,0,2023-11-18,65,0,11.2,10.431010928961749,0.4,0.4,11.0,10.466084656084657,0.4,0.19999999999999996
2023,Las Vegas Grand Prix,27,HUL,Haas F1 Team,13.0,13.0,19.0,0,0,0,0,2023-11-18,64,0,13.2,10.431010928961749,0.0,0.6,15.0,10.466084656084657,0.0,0.6
2023,Las Vegas Grand Prix,4,NOR,McLaren,15.0,15.0,20.0,0,0,0,0,2023-11-18,105,0,2.8,10.431010928961749,1.0,0.0,7.8,10.466084656084657,0.8,0.19999999999999996
2023,Abu Dhabi Grand Prix,1,VER,Red Bull Racing,1.0,1.0,1.0,1,1,1,1,2023-11-26,43,0,1.0,10.431010928961749,1.0,0.0,5.8,10.466084656084657,0.8,0.19999999999999996
2023,Abu Dhabi Grand Prix,16,LEC,Ferrari,2.0,2.0,2.0,1,1,1,1,2023-11-26,126,0,10.0,10.431010928961749,0.6,0.4,7.6,10.466084656084657,0.8,0.19999999999999996
2023,Abu Dhabi Grand Prix,63,RUS,Mercedes,4.0,4.0,3.0,1,1,1,1,2023-11-26,106,0,7.6,10.431010928961749,0.8,0.19999999999999996,8.8,10.466084656084657,0.8,0.19999999999999996
2023,Abu Dhabi Grand Prix,11,PER,Red Bull Racing,9.0,9.0,4.0,1,0,1,1,2023-11-26,124,0,8.2,10.431010928961749,0.8,0.19999999999999996,2.0,10.466084656084657,1.0,0.0
2023,Abu Dhabi Grand Prix,4,NOR,McLaren,5.0,5.0,5.0,1,0,1,1,2023-11-26,106,0,6.4,10.431010928961749,0.8,0.19999999999999996,10.8,10.466084656084657,0.6,0.4
2023,Abu Dhabi Grand Prix,81,PIA,McLaren,3.0,3.0,6.0,1,0,0,1,2023-11-26,19,1,10.2,10.431010928961749,0.6,0.4,10.2,10.466084656084657,0.6,0.4
2023,Abu Dhabi Grand Prix,14,ALO,Aston Martin,7.0,7.0,7.0,1,0,0,1,2023-11-26,86,0,10.4,10.431010928961749,0.6,0.4,8.0,10.466084656084657,0.8,0.19999999999999996
2023,Abu Dhabi Grand Prix,22,TSU,AlphaTauri,6.0,6.0,8.0,1,0,0,1,2023-11-26,66,0,12.4,10.431010928961749,0.4,0.4,13.2,10.466084656084657,0.2,0.4
2023,Abu Dhabi Grand Prix,44,HAM,Mercedes,11.0,11.0,9.0,1,0,0,1,2023-11-26,125,0,11.0,10.431010928961749,0.6,0.4,8.2,10.466084656084657,0.8,0.19999999999999996
2023,Abu Dhabi Grand Prix,18,STR,Aston Martin,13.0,13.0,10.0,1,0,0,1,2023-11-26,124,0,9.0,10.431010928961749,0.6,0.19999999999999996,5.8,10.466084656084657,1.0,0.0
2023,Abu Dhabi Grand Prix,3,RIC,AlphaTauri,15.0,15.0,11.0,1,0,0,0,2023-11-26,112,0,12.4,13.0,0.2,0.6,12.4,10.466084656084657,0.4,0.4
2023,Abu Dhabi Grand Prix,31,OCO,Alpine,12.0,12.0,12.0,1,0,0,0,2023-11-26,105,0,9.8,10.431010928961749,0.8,0.4,8.6,10.466084656084657,0.6,0.19999999999999996
2023,Abu Dhabi Grand Prix,10,GAS,Alpine,10.0,10.0,13.0,1,0,0,0,2023-11-26,126,0,9.4,10.431010928961749,0.4,0.0,8.8,10.466084656084657,0.6,0.19999999999999996
2023,Abu Dhabi Grand Prix,23,ALB,Williams,14.0,14.0,14.0,1,0,0,0,2023-11-26,82,0,12.4,10.431010928961749,0.4,0.19999999999999996,14.8,10.466084656084657,0.0,0.6
2023,Abu Dhabi Grand Prix,27,HUL,Haas F1 Team,8.0,8.0,15.0,1,0,0,0,2023-11-26,65,0,14.2,10.431010928961749,0.0,0.6,16.2,10.466084656084657,0.0,0.8
2023,Abu Dhabi Grand Prix,2,SAR,Williams,20.0,20.0,16.0,1,0,0,0,2023-11-26,39,0,14.2,10.431010928961749,0.2,0.6,14.4,10.466084656084657,0.0,0.4
2023,Abu Dhabi Grand Prix,24,ZHO,Alfa Romeo,19.0,19.0,17.0,1,0,0,0,2023-11-26,43,0,13.6,10.431010928961749,0.2,0.4,16.0,10.466084656084657,0.0,0.4
2023,Abu Dhabi Grand Prix,55,SAI,Ferrari,16.0,16.0,18.0,0,0,0,0,2023-11-26,126,0,7.8,10.431010928961749,0.8,0.19999999999999996,7.2,10.466084656084657,0.8,0.19999999999999996
2023,Abu Dhabi Grand Prix,77,BOT,Alfa Romeo,18.0,18.0,19.0,0,0,0,0,2023-11-26,126,0,13.6,10.431010928961749,0.2,0.19999999999999996,16.4,10.466084656084657,0.0,0.4
2023,Abu Dhabi Grand Prix,20,MAG,Haas F1 Team,17.0,17.0,20.0,0,0,0,0,2023-11-26,103,0,15.6,10.431010928961749,0.0,0.8,15.4,10.466084656084657,0.0,0.6
2024,Pre-Season Testing,4,NOR,McLaren,1.0,1.0,1.0,1,1,1,1,2024-02-23,107,0,6.8,10.431010928961749,0.8,0.19999999999999996,11.0,10.466084656084657,0.6,0.4
2024,Pre-Season Testing,1,VER,Red Bull Racing,2.0,2.0,2.0,1,1,1,1,2024-02-23,44,0,1.0,10.431010928961749,1.0,0.0,2.6,10.466084656084657,1.0,0.0
2024,Pre-Season Testing,81,PIA,McLaren,5.0,5.0,3.0,1,1,1,1,2024-02-23,20,0,11.0,1.0,0.6,0.4,8.4,1.0,0.8,0.19999999999999996
2024,Pre-Season Testing,63,RUS,Mercedes,4.0,4.0,4.0,1,0,1,1,2024-02-23,107,0,7.4,10.431010928961749,0.8,0.19999999999999996,8.4,10.466084656084657,0.8,0.19999999999999996
2024,Pre-Season Testing,16,LEC,Ferrari,9.0,9.0,5.0,1,0,1,1,2024-02-23,127,0,9.4,10.431010928961749,0.6,0.4,9.6,10.466084656084657,0.6,0.4
2024,Pre-Season Testing,44,HAM,Mercedes,3.0,3.0,6.0,1,0,0,1,2024-02-23,126,0,9.0,4.0,0.8,0.19999999999999996,6.2,4.0,1.0,0.0
2024,Pre-Season Testing,55,SAI,Ferrari,10.0,10.0,7.0,1,0,0,1,2024-02-23,127,0,7.4,9.0,0.8,0.19999999999999996,6.6,9.0,0.8,0.19999999999999996
2024,Pre-Season Testing,14,ALO,Aston Martin,7.0,7.0,8.0,0,0,0,1,2024-02-23,87,0,10.6,10.431010928961749,0.6,0.4,7.2,10.466084656084657,1.0,0.0
2024,Pre-Season Testing,27,HUL,Haas F1 Team,6.0,6.0,9.0,0,0,0,1,2024-02-23,66,0,14.0,10.431010928961749,0.0,0.4,17.0,10.466084656084657,0.0,0.6
2024,Pre-Season Testing,11,PER,Red Bull Racing,13.0,13.0,10.0,0,0,0,1,2024-02-23,125,0,7.0,2.0,0.8,0.19999999999999996,2.2,2.0,1.0,0.0
2024,Pre-Season Testing,43,COL,Williams,12.0,12.0,11.0,0,0,0,0,2024-02-23,0,1,15.4,10.431010928961749,0.0,0.19999999999999996,15.4,10.466084656084657,0.0,0.19999999999999996
2024,Pre-Season Testing,22,TSU,RB,8.0,8.0,12.0,0,0,0,0,2024-02-23,67,0,11.0,10.431010928961749,0.6,0.19999999999999996,10.46767559177338,10.466084656084657,0.5013969732246799,0.4282353511835468
2024,Pre-Season Testing,31,OCO,Alpine,15.0,15.0,13.0,0,0,0,0,2024-02-23,106,0,10.8,10.431010928961749,0.6,0.4,10.0,10.466084656084657,0.4,0.19999999999999996
2024,Pre-Season Testing,18,STR,Aston Martin,17.0,17.0,14.0,0,0,0,0,2024-02-23,125,0,8.8,7.0,0.8,0.19999999999999996,7.8,7.0,1.0,0.19999999999999996
2024,Pre-Season Testing,24,ZHO,Kick Sauber,20.0,20.0,15.0,0,0,0,0,2024-02-23,44,0,15.2,10.431010928961749,0.0,0.4,10.46767559177338,10.466084656084657,0.5013969732246799,0.4282353511835468
2024,Pre-Season Testing,77,BOT,Kick Sauber,19.0,19.0,16.0,0,0,0,0,2024-02-23,127,0,15.8,20.0,0.0,0.4,15.0,20.0,0.0,1.0
2024,Pre-Season Testing,10,GAS,Alpine,18.0,18.0,17.0,0,0,0,0,2024-02-23,127,0,9.6,15.0,0.4,0.0,10.6,15.0,0.2,0.19999999999999996
2024,Pre-Season Testing,3,RIC,RB,16.0,16.0,18.0,0,0,0,0,2024-02-23,113,0,12.0,8.0,0.2,0.4,12.0,8.0,0.0,1.0
2024,Pre-Season Testing,20,MAG,Haas F1 Team,14.0,14.0,19.0,0,0,0,0,2024-02-23,104,0,16.8,6.0,0.0,0.8,15.2,6.0,0.2,0.6
2024,Pre-Season Testing,23,ALB,Williams,11.0,11.0,20.0,0,0,0,0,2024-02-23,83,0,12.6,12.0,0.4,0.19999999999999996,13.8,12.0,0.0,0.19999999999999996
2024,Bahrain Grand Prix,1,VER,Red Bull Racing,1.0,1.0,1.0,1,1,1,1,2024-03-02,45,0,1.2,2.0,1.0,0.0,4.0,7.5,1.0,0.19999999999999996
2024,Bahrain Grand Prix,11,PER,Red Bull Racing,5.0,5.0,2.0,1,1,1,1,2024-03-02,126,0,8.2,13.0,0.8,0.4,3.6,5.333333333333333,1.0,0.19999999999999996
2024,Bahrain Grand Prix,55,SAI,Ferrari,4.0,4.0,3.0,1,1,1,1,2024-03-02,128,0,8.2,10.0,0.8,0.19999999999999996,7.6,9.5,0.8,0.19999999999999996
2024,Bahrain Grand Prix,16,LEC,Ferrari,2.0,2.0,4.0,1,0,1,1,2024-03-02,128,0,6.4,9.0,0.8,0.19999999999999996,7.0,7.666666666666667,0.8,0.19999999999999996
2024,Bahrain Grand Prix,63,RUS,Mercedes,3.0,3.0,5.0,1,0,1,1,2024-03-02,108,0,7.2,4.0,0.8,0.19999999999999996,6.0,3.5,1.0,0.0
2024,Bahrain Grand Prix,4,NOR,McLaren,7.0,7.0,6.0,1,0,0,1,2024-03-02,108,0,6.6,1.0,0.8,0.19999999999999996,7.0,3.0,0.8,0.19999999999999996
2024,Bahrain Grand Prix,44,HAM,Mercedes,9.0,9.0,7.0,1,0,0,1,2024-03-02,127,0,6.4,3.0,1.0,0.0,5.4,3.3333333333333335,1.0,0.0
2024,Bahrain Grand Prix,81,PIA,McLaren,8.0,8.0,8.0,1,0,0,1,2024-03-02,21,0,8.2,5.0,0.8,0.19999999999999996,4.2,4.333333333333333,1.0,0.0
2024,Bahrain Grand Prix,14,ALO,Aston Martin,6.0,6.0,9.0,1,0,0,1,2024-03-02,88,0,9.0,7.0,0.8,0.4,9.6,12.0,0.8,0.4
2024,Bahrain Grand Prix,18,STR,Aston Martin,12.0,12.0,10.0,1,0,0,1,2024-03-02,126,0,10.2,17.0,0.6,0.4,9.6,10.0,0.8,0.4
2024,Bahrain Grand Prix,24,ZHO,Kick Sauber,17.0,17.0,11.0,0,0,0,0,2024-03-02,45,0,15.6,20.0,0.0,0.4,15.5,19.5,0.0,1.0
2024,Bahrain Grand Prix,20,MAG,Haas F1 Team,15.0,15.0,12.0,0,0,0,0,2024-03-02,105,0,17.8,14.0,0.0,0.8,16.4,10.0,0.2,0.8
2024,Bahrain Grand Prix,3,RIC,RB,14.0,14.0,13.0,0,0,0,0,2024-03-02,114,0,12.6,16.0,0.2,0.4,15.0,12.0,0.0,1.0
2024,Bahrain Grand Prix,22,TSU,RB,11.0,11.0,14.0,0,0,0,0,2024-03-02,68,0,11.8,8.0,0.4,0.4,14.333333333333334,12.666666666666666,0.0,1.0
2024,Bahrain Grand Prix,23,ALB,Williams,13.0,13.0,15.0,0,0,0,0,2024-03-02,84,0,14.8,11.0,0.2,0.4,15.4,11.5,0.0,0.4
2024,Bahrain Grand Prix,27,HUL,Haas F1 Team,10.0,10.0,16.0,0,0,0,0,2024-03-02,67,0,13.6,6.0,0.2,0.6,15.0,11.666666666666666,0.2,0.8
2024,Bahrain Grand Prix,31,OCO,Alpine,19.0,19.0,17.0,0,0,0,0,2024-03-02,107,0,9.8,15.0,0.6,0.4,13.2,16.5,0.0,0.4
2024,Bahrain Grand Prix,10,GAS,Alpine,20.0,20.0,18.0,0,0,0,0,2024-03-02,128,0,11.8,18.0,0.2,0.19999999999999996,14.4,17.333333333333332,0.0,0.6
2024,Bahrain Grand Prix,77,BOT,Kick Sauber,16.0,16.0,19.0,0,0,0,0,2024-03-02,128,0,16.6,19.0,0.0,0.6,14.0,18.666666666666668,0.0,1.0
2024,Bahrain Grand Prix,2,SAR,Williams,18.0,18.0,20.0,0,0,0,0,2024-03-02,40,0,13.8,12.0,0.2,0.4,15.2,12.0,0.0,0.6
2024,Saudi Arabian Grand Prix,1,VER,Red Bull Racing,1.0,1.0,1.0,1,1,1,1,2024-03-09,46,0,1.2,1.5,1.0,0.0,3.8,5.25,1.0,0.19999999999999996
2024,Saudi Arabian Grand Prix,11,PER,Red Bull Racing,3.0,3.0,2.0,1,1,1,1,2024-03-09,127,0,4.6,9.0,1.0,0.19999999999999996,3.2,4.4,1.0,0.19999999999999996
2024,Saudi Arabian Grand Prix,16,LEC,Ferrari,2.0,2.0,3.0,1,1,1,1,2024-03-09,129,0,6.6,5.5,0.8,0.19999999999999996,7.4,6.25,0.8,0.19999999999999996
2024,Saudi Arabian Grand Prix,81,PIA,McLaren,5.0,5.0,4.0,1,0,1,1,2024-03-09,22,0,8.2,6.5,0.8,0.19999999999999996,4.8,5.25,1.0,0.0
2024,Saudi Arabian Grand Prix,14,ALO,Aston Martin,4.0,4.0,5.0,1,0,1,1,2024-03-09,89,0,7.2,6.5,1.0,0.19999999999999996,10.2,10.5,0.8,0.4
2024,Saudi Arabian Grand Prix,63,RUS,Mercedes,7.0,7.0,6.0,1,0,0,1,2024-03-09,109,0,7.0,3.5,0.8,0.19999999999999996,6.2,4.75,1.0,0.0
2024,Saudi Arabian Grand Prix,38,BEA,Ferrari,11.0,11.0,7.0,1,0,0,1,2024-03-09,0,1,4.4,5.4,1.0,0.0,4.4,5.4,1.0,0.0
2024,Saudi Arabian Grand Prix,4,NOR,McLaren,6.0,6.0,8.0,1,0,0,1,2024-03-09,109,0,6.8,4.0,0.8,0.19999999999999996,4.4,5.2,1.0,0.0
2024,Saudi Arabian Grand Prix,44,HAM,Mercedes,8.0,8.0,9.0,1,0,0,1,2024-03-09,128,0,7.4,6.0,1.0,0.0,5.6,5.2,1.0,0.0
2024,Saudi Arabian Grand Prix,27,HUL,Haas F1 Team,15.0,15.0,10.0,1,0,0,1,2024-03-09,68,0,14.2,8.0,0.2,0.8,15.2,11.25,0.2,1.0
2024,Saudi Arabian Grand Prix,23,ALB,Williams,12.0,12.0,11.0,1,0,0,0,2024-03-09,85,0,16.0,12.0,0.0,0.6,16.4,13.5,0.0,0.8
2024,Saudi Arabian Grand Prix,20,MAG,Haas F1 Team,13.0,13.0,12.0,1,0,0,0,2024-03-09,106,0,16.4,14.5,0.0,0.8,13.2,12.0,0.4,0.8
2024,Saudi Arabian Grand Prix,31,OCO,Alpine,17.0,17.0,13.0,0,0,0,0,2024-03-09,108,0,11.2,17.0,0.4,0.6,15.6,18.0,0.0,0.8
2024,Saudi Arabian Grand Prix,2,SAR,Williams,19.0,19.0,14.0,0,0,0,0,2024-03-09,41,0,15.8,18.0,0.0,0.6,15.4,13.2,0.0,0.8
2024,Saudi Arabian Grand Prix,22,TSU,RB,9.0,9.0,15.0,0,0,0,0,2024-03-09,69,0,12.2,9.5,0.4,0.6,14.25,12.25,0.0,1.0
2024,Saudi Arabian Grand Prix,3,RIC,RB,14.0,14.0,16.0,0,0,0,0,2024-03-09,115,0,13.8,15.0,0.0,0.6,14.4,11.6,0.0,1.0
2024,Saudi Arabian Grand Prix,77,BOT,Kick Sauber,16.0,16.0,17.0,0,0,0,0,2024-03-09,129,0,17.4,17.5,0.0,0.8,15.25,18.0,0.0,1.0
2024,Saudi Arabian Grand Prix,24,ZHO,Kick Sauber,20.0,20.0,18.0,0,0,0,0,2024-03-09,46,0,15.0,18.5,0.0,0.6,15.6,17.6,0.0,1.0
2024,Saudi Arabian Grand Prix,18,STR,Aston Martin,10.0,10.0,19.0,0,0,0,0,2024-03-09,127,0,8.8,14.5,0.8,0.19999999999999996,9.2,9.2,0.8,0.4
2024,Saudi Arabian Grand Prix,10,GAS,Alpine,18.0,18.0,20.0,0,0,0,0,2024-03-09,129,0,13.2,19.0,0.2,0.4,15.6,17.8,0.0,1.0
2024,Australian Grand Prix,55,SAI,Ferrari,2.0,2.0,1.0,1,1,1,1,2024-03-24,129,0,8.0,7.0,0.8,0.19999999999999996,4.8,5.8,1.0,0.0
2024,Australian Grand Prix,16,LEC,Ferrari,4.0,5.0,2.0,1,1,1,1,2024-03-24,130,0,3.2,4.333333333333333,1.0,0.0,3.6,4.2,1.0,0.0
2024,Australian Grand Prix,4,NOR,McLaren,3.0,4.0,3.0,1,1,1,1,2024-03-24,110,0,8.0,4.666666666666667,0.8,0.19999999999999996,5.8,6.2,1.0,0.0
2024,Australian Grand Prix,81,PIA,McLaren,5.0,6.0,4.0,1,0,1,1,2024-03-24,23,0,6.2,6.0,1.0,0.0,5.8,6.0,1.0,0.0
2024,Australian Grand Prix,11,PER,Red Bull Racing,6.0,3.0,5.0,1,0,1,1,2024-03-24,128,0,4.2,7.0,1.0,0.19999999999999996,3.2,4.6,1.0,0.19999999999999996
2024,Australian Grand Prix,18,STR,Aston Martin,9.0,9.0,6.0,1,0,0,1,2024-03-24,128,0,11.6,13.0,0.6,0.4,11.4,9.8,0.6,0.4
2024,Australian Grand Prix,22,TSU,RB,8.0,8.0,7.0,1,0,0,1,2024-03-24,70,0,13.4,9.333333333333334,0.2,0.8,15.2,12.8,0.0,1.0
2024,Australian Grand Prix,14,ALO,Aston Martin,10.0,10.0,8.0,1,0,0,1,2024-03-24,90,0,7.6,5.666666666666667,1.0,0.19999999999999996,9.8,8.2,0.8,0.19999999999999996
2024,Australian Grand Prix,27,HUL,Haas F1 Team,16.0,16.0,9.0,1,0,0,1,2024-03-24,69,0,13.8,10.333333333333334,0.4,0.6,13.8,13.4,0.2,0.6
2024,Australian Grand Prix,20,MAG,Haas F1 Team,14.0,14.0,10.0,0,0,0,1,2024-03-24,107,0,15.2,14.0,0.0,0.6,11.8,13.8,0.4,0.4
2024,Australian Grand Prix,23,ALB,Williams,12.0,12.0,11.0,0,0,0,0,2024-03-24,86,0,14.4,12.0,0.0,0.4,16.0,14.6,0.0,0.8
2024,Australian Grand Prix,3,RIC,RB,18.0,18.0,12.0,0,0,0,0,2024-03-24,116,0,14.4,14.666666666666666,0.0,0.6,13.0,11.2,0.2,0.8
2024,Australian Grand Prix,10,GAS,Alpine,17.0,17.0,13.0,0,0,0,0,2024-03-24,130,0,15.8,18.666666666666668,0.0,0.6,17.0,18.4,0.0,1.0
2024,Australian Grand Prix,77,BOT,Kick Sauber,13.0,13.0,14.0,0,0,0,0,2024-03-24,130,0,17.6,17.0,0.0,0.8,16.2,17.6,0.0,1.0
2024,Australian Grand Prix,24,ZHO,Kick Sauber,19.0,19.0,15.0,0,0,0,0,2024-03-24,47,0,15.2,19.0,0.0,0.6,15.8,16.4,0.0,1.0
2024,Australian Grand Prix,31,OCO,Alpine,15.0,15.0,16.0,0,0,0,0,2024-03-24,109,0,11.8,17.0,0.2,0.6,16.2,18.2,0.0,1.0
2024,Australian Grand Prix,63,RUS,Mercedes,7.0,7.0,17.0,0,0,0,0,2024-03-24,110,0,5.2,4.666666666666667,1.0,0.0,6.6,6.0,1.0,0.0
2024,Australian Grand Prix,44,HAM,Mercedes,11.0,11.0,18.0,0,0,0,0,2024-03-24,129,0,7.6,6.666666666666667,1.0,0.0,8.8,6.8,0.8,0.19999999999999996
2024,Australian Grand Prix,1,VER,Red Bull Racing,1.0,1.0,19.0,0,0,0,0,2024-03-24,47,0,1.2,1.3333333333333333,1.0,0.0,2.2,2.6,1.0,0.0
2024,Japanese Grand Prix,1,VER,Red Bull Racing,1.0,1.0,1.0,1,1,1,1,2024-04-07,48,0,4.8,1.25,0.8,0.19999999999999996,5.8,2.6,0.8,0.19999999999999996
2024,Japanese Grand Prix,11,PER,Red Bull Racing,2.0,2.0,2.0,1,1,1,1,2024-04-07,129,0,4.6,6.0,1.0,0.19999999999999996,5.6,1.8,0.8,0.19999999999999996
2024,Japanese Grand Prix,55,SAI,Ferrari,4.0,4.0,3.0,1,1,1,1,2024-04-07,130,0,7.0,5.333333333333333,0.8,0.19999999999999996,3.4,4.4,1.0,0.0
2024,Japanese Grand Prix,16,LEC,Ferrari,8.0,8.0,4.0,1,0,1,1,2024-04-07,131,0,3.2,4.5,1.0,0.0,3.2,4.8,1.0,0.0
2024,Japanese Grand Prix,4,NOR,McLaren,3.0,3.0,5.0,1,0,1,1,2024-04-07,111,0,4.6,4.5,1.0,0.0,5.4,5.8,1.0,0.0
2024,Japanese Grand Prix,14,ALO,Aston Martin,5.0,5.0,6.0,1,0,0,1,2024-04-07,91,0,7.4,6.75,1.0,0.19999999999999996,9.6,9.0,0.8,0.19999999999999996
2024,Japanese Grand Prix,63,RUS,Mercedes,9.0,9.0,7.0,1,0,0,1,2024-04-07,111,0,7.0,5.25,0.8,0.19999999999999996,11.4,8.4,0.6,0.4
2024,Japanese Grand Prix,81,PIA,McLaren,6.0,6.0,8.0,1,0,0,1,2024-04-07,24,0,5.0,6.0,1.0,0.0,4.8,4.8,1.0,0.0
2024,Japanese Grand Prix,44,HAM,Mercedes,7.0,7.0,9.0,1,0,0,1,2024-04-07,130,0,9.8,7.75,0.8,0.19999999999999996,11.4,8.4,0.6,0.4
2024,Japanese Grand Prix,22,TSU,RB,10.0,10.0,10.0,0,0,0,1,2024-04-07,71,0,11.2,9.0,0.4,0.6,12.8,12.0,0.2,0.8
2024,Japanese Grand Prix,27,HUL,Haas F1 Team,12.0,12.0,11.0,0,0,0,0,2024-04-07,70,0,11.8,11.75,0.6,0.4,11.4,13.6,0.6,0.4
2024,Japanese Grand Prix,18,STR,Aston Martin,16.0,16.0,12.0,0,0,0,0,2024-04-07,129,0,11.8,12.0,0.6,0.4,8.8,7.6,0.8,0.19999999999999996
2024,Japanese Grand Prix,20,MAG,Haas F1 Team,18.0,18.0,13.0,0,0,0,0,2024-04-07,108,0,14.6,14.0,0.2,0.8,10.4,14.0,0.6,0.4
2024,Japanese Grand Prix,77,BOT,Kick Sauber,13.0,13.0,14.0,0,0,0,0,2024-04-07,131,0,17.0,16.0,0.0,1.0,16.6,16.8,0.0,1.0
2024,Japanese Grand Prix,31,OCO,Alpine,15.0,15.0,15.0,0,0,0,0,2024-04-07,110,0,14.2,16.5,0.0,0.8,16.0,17.4,0.0,1.0
2024,Japanese Grand Prix,10,GAS,Alpine,17.0,17.0,16.0,0,0,0,0,2024-04-07,131,0,16.2,18.25,0.0,0.8,15.4,16.4,0.0,1.0
2024,Japanese Grand Prix,2,SAR,Williams,19.0,19.0,17.0,0,0,0,0,2024-04-07,42,0,15.4,18.5,0.0,0.6,14.2,14.8,0.0,0.8
2024,Japanese Grand Prix,24,ZHO,Kick Sauber,20.0,20.0,18.0,0,0,0,0,2024-04-07,48,0,15.2,19.0,0.0,0.8,15.6,16.2,0.0,1.0
2024,Japanese Grand Prix,3,RIC,RB,11.0,11.0,19.0,0,0,0,0,2024-04-07,117,0,14.0,15.5,0.0,0.8,12.0,11.8,0.4,0.8
2024,Japanese Grand Prix,23,ALB,Williams,14.0,14.0,20.0,0,0,0,0,2024-04-07,87,0,14.2,12.0,0.0,0.6,14.6,16.0,0.0,0.8
2024,Chinese Grand Prix,1,VER,Red Bull Racing,1.0,1.0,1.0,1,1,1,1,2024-04-21,49,0,4.8,1.2,0.8,0.19999999999999996,5.8,2.0,0.8,0.19999999999999996
2024,Chinese Grand Prix,4,NOR,McLaren,4.0,4.0,2.0,1,1,1,1,2024-04-21,112,0,4.6,4.2,1.0,0.0,5.6,5.0,1.0,0.0
2024,Chinese Grand Prix,11,PER,Red Bull Racing,2.0,2.0,3.0,1,1,1,1,2024-04-21,130,0,4.2,5.2,1.0,0.19999999999999996,5.6,1.6,0.8,0.19999999999999996
2024,Chinese Grand Prix,16,LEC,Ferrari,6.0,6.0,4.0,1,0,1,1,2024-04-21,132,0,3.6,5.2,1.0,0.0,3.4,6.0,1.0,0.0
2024,Chinese Grand Prix,55,SAI,Ferrari,7.0,7.0,5.0,1,0,1,1,2024-04-21,131,0,6.4,5.0,0.8,0.19999999999999996,2.8,5.0,1.0,0.0
2024,Chinese Grand Prix,63,RUS,Mercedes,8.0,8.0,6.0,1,0,0,1,2024-04-21,112,0,7.8,6.0,0.8,0.19999999999999996,12.0,8.4,0.6,0.4
2024,Chinese Grand Prix,14,ALO,Aston Martin,3.0,3.0,7.0,1,0,0,1,2024-04-21,92,0,7.2,6.4,1.0,0.19999999999999996,10.2,10.0,0.6,0.4
2024,Chinese Grand Prix,81,PIA,McLaren,5.0,5.0,8.0,1,0,0,1,2024-04-21,25,0,5.4,6.0,1.0,0.0,4.4,4.6,1.0,0.0
2024,Chinese Grand Prix,44,HAM,Mercedes,18.0,18.0,9.0,1,0,0,1,2024-04-21,131,0,9.8,7.6,0.8,0.19999999999999996,11.4,8.4,0.6,0.4
2024,Chinese Grand Prix,27,HUL,Haas F1 Team,9.0,9.0,10.0,1,0,0,1,2024-04-21,71,0,11.0,11.8,0.6,0.6,11.0,14.6,0.4,0.6
2024,Chinese Grand Prix,31,OCO,Alpine,13.0,13.0,11.0,1,0,0,0,2024-04-21,111,0,14.8,16.2,0.0,1.0,16.0,16.4,0.0,1.0
2024,Chinese Grand Prix,23,ALB,Williams,14.0,14.0,12.0,1,0,0,0,2024-04-21,88,0,15.4,12.4,0.0,0.8,14.6,15.2,0.0,0.8
2024,Chinese Grand Prix,10,GAS,Alpine,15.0,15.0,13.0,1,0,0,0,2024-04-21,132,0,16.8,18.0,0.0,1.0,14.2,15.4,0.0,0.8
2024,Chinese Grand Prix,24,ZHO,Kick Sauber,16.0,16.0,14.0,1,0,0,0,2024-04-21,49,0,15.4,19.2,0.0,1.0,15.8,17.0,0.0,1.0
2024,Chinese Grand Prix,18,STR,Aston Martin,11.0,11.0,15.0,1,0,0,0,2024-04-21,130,0,12.2,12.8,0.4,0.6,7.8,8.6,0.8,0.19999999999999996
2024,Chinese Grand Prix,20,MAG,Haas F1 Team,17.0,17.0,16.0,1,0,0,0,2024-04-21,109,0,13.2,14.8,0.2,0.8,10.6,13.8,0.6,0.6
2024,Chinese Grand Prix,2,SAR,Williams,20.0,20.0,17.0,1,0,0,0,2024-04-21,43,0,16.6,18.666666666666668,0.0,0.6,14.8,15.6,0.0,0.8
2024,Chinese Grand Prix,3,RIC,RB,12.0,12.0,18.0,0,0,0,0,2024-04-21,118,0,15.6,14.6,0.0,1.0,12.8,12.2,0.4,0.8
2024,Chinese Grand Prix,22,TSU,RB,19.0,19.0,19.0,0,0,0,0,2024-04-21,72,0,11.6,9.2,0.4,0.8,13.2,11.8,0.4,0.8
2024,Chinese Grand Prix,77,BOT,Kick Sauber,10.0,10.0,20.0,0,0,0,0,2024-04-21,132,0,16.0,15.4,0.0,1.0,15.0,16.2,0.0,0.8
2024,Miami Grand Prix,4,NOR,McLaren,5.0,5.0,1.0,1,1,1,1,2024-05-05,113,0,4.8,4.8,1.0,0.0,5.4,4.8,1.0,0.0
2024,Miami Grand Prix,1,VER,Red Bull Racing,1.0,1.0,2.0,1,1,1,1,2024-05-05,50,0,4.6,1.0,0.8,0.19999999999999996,5.2,1.4,0.8,0.19999999999999996
2024,Miami Grand Prix,16,LEC,Ferrari,2.0,2.0,3.0,1,1,1,1,2024-05-05,133,0,3.4,4.6,1.0,0.0,3.6,6.0,1.0,0.0
2024,Miami Grand Prix,11,PER,Red Bull Racing,4.0,4.0,4.0,1,0,1,1,2024-05-05,131,0,2.8,3.0,1.0,0.0,1.8,1.4,1.0,0.0
2024,Miami Grand Prix,55,SAI,Ferrari,3.0,3.0,5.0,1,0,1,1,2024-05-05,132,0,3.8,5.4,1.0,0.0,3.8,5.4,1.0,0.0
2024,Miami Grand Prix,44,HAM,Mercedes,8.0,8.0,6.0,1,0,0,1,2024-05-05,132,0,10.4,10.6,0.8,0.19999999999999996,9.8,10.6,0.8,0.19999999999999996
2024,Miami Grand Prix,22,TSU,RB,10.0,10.0,7.0,1,0,0,1,2024-05-05,73,0,13.0,11.4,0.4,0.8,15.6,14.0,0.2,1.0
2024,Miami Grand Prix,63,RUS,Mercedes,7.0,7.0,8.0,1,0,0,1,2024-05-05,113,0,8.2,6.8,0.8,0.19999999999999996,7.4,10.0,1.0,0.0
2024,Miami Grand Prix,14,ALO,Aston Martin,15.0,15.0,9.0,1,0,0,1,2024-05-05,93,0,7.0,5.6,1.0,0.0,9.6,9.0,0.6,0.19999999999999996
2024,Miami Grand Prix,31,OCO,Alpine,13.0,13.0,10.0,1,0,0,1,2024-05-05,112,0,14.4,15.8,0.0,0.8,14.2,15.0,0.0,0.6
2024,Miami Grand Prix,27,HUL,Haas F1 Team,9.0,9.0,11.0,1,0,0,0,2024-05-05,72,0,11.2,12.4,0.6,0.4,12.0,14.0,0.4,0.6
2024,Miami Grand Prix,10,GAS,Alpine,12.0,12.0,12.0,1,0,0,0,2024-05-05,133,0,16.0,17.4,0.0,0.8,13.0,14.6,0.2,0.4
2024,Miami Grand Prix,81,PIA,McLaren,6.0,6.0,13.0,1,0,0,0,2024-05-05,26,0,6.4,6.0,1.0,0.0,4.8,4.6,1.0,0.0
2024,Miami Grand Prix,24,ZHO,Kick Sauber,19.0,20.0,14.0,1,0,0,0,2024-05-05,50,0,15.2,18.4,0.0,0.8,16.2,15.6,0.0,0.8
2024,Miami Grand Prix,3,RIC,RB,20.0,18.0,15.0,1,0,0,0,2024-05-05,119,0,15.6,13.8,0.0,1.0,14.6,12.4,0.4,0.8
2024,Miami Grand Prix,77,BOT,Kick Sauber,16.0,16.0,16.0,1,0,0,0,2024-05-05,133,0,16.8,13.6,0.0,1.0,16.0,15.8,0.0,0.6
2024,Miami Grand Prix,18,STR,Aston Martin,11.0,11.0,17.0,1,0,0,0,2024-05-05,131,0,12.4,11.6,0.4,0.4,9.8,10.0,0.6,0.19999999999999996
2024,Miami Grand Prix,23,ALB,Williams,14.0,14.0,18.0,1,0,0,0,2024-05-05,89,0,13.8,13.0,0.0,0.6,15.4,15.8,0.0,0.6
2024,Miami Grand Prix,20,MAG,Haas F1 Team,18.0,19.0,19.0,1,0,0,0,2024-05-05,110,0,12.6,15.4,0.2,0.6,12.2,13.0,0.2,0.4
2024,Miami Grand Prix,2,SAR,Williams,17.0,17.0,20.0,0,0,0,0,2024-05-05,44,0,16.8,19.0,0.0,0.6,16.8,16.2,0.0,0.4
2024,Emilia Romagna Grand Prix,1,VER,Red Bull Racing,1.0,1.0,1.0,1,1,1,1,2024-05-19,51,0,4.8,1.0,0.8,0.19999999999999996,2.4,2.0,1.0,0.0
2024,Emilia Romagna Grand Prix,4,NOR,McLaren,2.0,3.0,2.0,1,1,1,1,2024-05-19,114,0,3.8,4.4,1.0,0.0,6.4,5.2,0.8,0.0
2024,Emilia Romagna Grand Prix,16,LEC,Ferrari,3.0,4.0,3.0,1,1,1,1,2024-05-19,134,0,3.2,4.6,1.0,0.0,4.2,5.2,1.0,0.0
2024,Emilia Romagna Grand Prix,81,PIA,McLaren,5.0,2.0,4.0,1,0,1,1,2024-05-19,27,0,7.4,5.6,0.8,0.0,5.2,4.6,0.8,0.0
2024,Emilia Romagna Grand Prix,55,SAI,Ferrari,4.0,5.0,5.0,1,0,1,1,2024-05-19,133,0,3.4,4.0,1.0,0.0,4.0,4.4,1.0,0.0
2024,Emilia Romagna Grand Prix,44,HAM,Mercedes,8.0,8.0,6.0,1,0,0,1,2024-05-19,133,0,10.2,10.4,0.8,0.19999999999999996,7.6,9.6,1.0,0.0
2024,Emilia Romagna Grand Prix,63,RUS,Mercedes,6.0,6.0,7.0,1,0,0,1,2024-05-19,114,0,8.8,7.6,0.8,0.19999999999999996,7.0,9.8,1.0,0.0
2024,Emilia Romagna Grand Prix,11,PER,Red Bull Racing,11.0,11.0,8.0,1,0,0,1,2024-05-19,132,0,3.2,2.8,1.0,0.0,2.2,1.8,1.0,0.0
2024,Emilia Romagna Grand Prix,18,STR,Aston Martin,13.0,13.0,9.0,1,0,0,1,2024-05-19,132,0,13.8,11.4,0.2,0.4,12.0,11.2,0.4,0.19999999999999996
2024,Emilia Romagna Grand Prix,22,TSU,RB,7.0,7.0,10.0,0,0,0,1,2024-05-19,74,0,11.6,11.2,0.6,0.6,15.6,14.0,0.2,0.6
2024,Emilia Romagna Grand Prix,27,HUL,Haas F1 Team,10.0,10.0,11.0,0,0,0,0,2024-05-19,73,0,10.2,12.2,0.6,0.19999999999999996,13.8,14.4,0.2,0.19999999999999996
2024,Emilia Romagna Grand Prix,20,MAG,Haas F1 Team,18.0,18.0,12.0,0,0,0,0,2024-05-19,111,0,14.0,16.2,0.2,0.4,13.4,12.8,0.2,0.19999999999999996
2024,Emilia Romagna Grand Prix,3,RIC,RB,9.0,9.0,13.0,0,0,0,0,2024-05-19,120,0,16.0,14.6,0.0,0.8,13.8,13.2,0.4,0.6
2024,Emilia Romagna Grand Prix,31,OCO,Alpine,12.0,12.0,14.0,0,0,0,0,2024-05-19,113,0,13.0,14.6,0.2,0.6,12.4,14.0,0.2,0.19999999999999996
2024,Emilia Romagna Grand Prix,24,ZHO,Kick Sauber,17.0,17.0,15.0,0,0,0,0,2024-05-19,51,0,15.8,19.0,0.0,0.6,16.4,16.4,0.0,0.4
2024,Emilia Romagna Grand Prix,10,GAS,Alpine,15.0,15.0,16.0,0,0,0,0,2024-05-19,134,0,14.8,15.8,0.0,0.6,12.0,13.0,0.2,0.19999999999999996
2024,Emilia Romagna Grand Prix,2,SAR,Williams,19.0,20.0,17.0,0,0,0,0,2024-05-19,45,0,17.6,18.6,0.0,0.8,17.4,15.8,0.0,0.4
2024,Emilia Romagna Grand Prix,77,BOT,Kick Sauber,16.0,16.0,18.0,0,0,0,0,2024-05-19,134,0,16.2,13.6,0.0,0.8,15.8,15.8,0.0,0.4
2024,Emilia Romagna Grand Prix,14,ALO,Aston Martin,20.0,19.0,19.0,0,0,0,0,2024-05-19,94,0,7.0,7.4,1.0,0.0,11.4,10.6,0.6,0.0
2024,Emilia Romagna Grand Prix,23,ALB,Williams,14.0,14.0,20.0,0,0,0,0,2024-05-19,90,0,14.4,13.2,0.0,0.4,16.8,17.0,0.0,0.4
2024,Monaco Grand Prix,16,LEC,Ferrari,1.0,1.0,1.0,1,1,1,1,2024-05-26,135,0,3.2,5.0,1.0,0.0,4.2,4.2,1.0,0.0
2024,Monaco Grand Prix,81,PIA,McLaren,2.0,2.0,2.0,1,1,1,1,2024-05-26,28,0,7.4,5.0,0.8,0.0,5.6,4.2,0.8,0.0
2024,Monaco Grand Prix,55,SAI,Ferrari,3.0,3.0,3.0,1,1,1,1,2024-05-26,134,0,3.8,4.2,1.0,0.0,3.4,3.0,1.0,0.0
2024,Monaco Grand Prix,4,NOR,McLaren,4.0,4.0,4.0,1,0,1,1,2024-05-26,115,0,2.6,3.8,1.0,0.0,4.4,3.6,0.8,0.0
2024,Monaco Grand Prix,63,RUS,Mercedes,5.0,5.0,5.0,1,0,1,1,2024-05-26,115,0,9.0,7.4,0.8,0.19999999999999996,7.2,9.4,1.0,0.0
2024,Monaco Grand Prix,1,VER,Red Bull Racing,6.0,6.0,6.0,1,0,0,1,2024-05-26,52,0,4.8,1.0,0.8,0.19999999999999996,3.6,3.8,1.0,0.0
2024,Monaco Grand Prix,44,HAM,Mercedes,7.0,7.0,7.0,1,0,0,1,2024-05-26,134,0,9.6,10.4,0.8,0.19999999999999996,6.4,6.8,1.0,0.0
2024,Monaco Grand Prix,22,TSU,RB,8.0,8.0,8.0,0,0,0,1,2024-05-26,75,0,10.6,10.8,0.8,0.6,12.8,12.6,0.4,0.6
2024,Monaco Grand Prix,23,ALB,Williams,9.0,9.0,9.0,0,0,0,1,2024-05-26,91,0,16.2,13.6,0.0,0.6,18.4,17.0,0.0,0.6
2024,Monaco Grand Prix,10,GAS,Alpine,10.0,10.0,10.0,0,0,0,1,2024-05-26,135,0,14.0,15.2,0.0,0.6,13.0,13.4,0.2,0.4
2024,Monaco Grand Prix,14,ALO,Aston Martin,14.0,14.0,11.0,0,0,0,0,2024-05-26,95,0,9.8,10.4,0.8,0.19999999999999996,13.8,13.8,0.4,0.19999999999999996
2024,Monaco Grand Prix,3,RIC,RB,12.0,12.0,12.0,0,0,0,0,2024-05-26,121,0,15.4,13.6,0.0,0.8,10.6,10.4,0.6,0.6
2024,Monaco Grand Prix,77,BOT,Kick Sauber,17.0,17.0,13.0,0,0,0,0,2024-05-26,135,0,16.4,13.6,0.0,0.8,16.6,15.8,0.0,0.6
2024,Monaco Grand Prix,18,STR,Aston Martin,13.0,13.0,14.0,0,0,0,0,2024-05-26,133,0,11.8,12.0,0.4,0.19999999999999996,13.0,14.4,0.4,0.4
2024,Monaco Grand Prix,2,SAR,Williams,15.0,15.0,15.0,0,0,0,0,2024-05-26,46,0,17.0,19.0,0.0,0.8,16.8,14.8,0.2,0.8
2024,Monaco Grand Prix,24,ZHO,Kick Sauber,18.0,18.0,16.0,0,0,0,0,2024-05-26,52,0,15.2,18.4,0.0,0.6,15.2,17.2,0.0,0.6
2024,Monaco Grand Prix,31,OCO,Alpine,11.0,11.0,17.0,0,0,0,0,2024-05-26,114,0,13.2,13.6,0.2,0.6,12.4,12.4,0.4,0.6
2024,Monaco Grand Prix,11,PER,Red Bull Racing,16.0,16.0,18.0,0,0,0,0,2024-05-26,133,0,4.4,4.4,1.0,0.0,4.2,4.6,1.0,0.0
2024,Monaco Grand Prix,27,HUL,Haas F1 Team,19.0,14.0,19.0,0,0,0,0,2024-05-26,74,0,10.4,11.2,0.4,0.4,13.8,14.6,0.0,0.4
2024,Monaco Grand Prix,20,MAG,Haas F1 Team,20.0,15.0,20.0,0,0,0,0,2024-05-26,112,0,14.0,17.2,0.2,0.6,14.4,14.0,0.0,0.6
2024,Canadian Grand Prix,1,VER,Red Bull Racing,2.0,2.0,1.0,1,1,1,1,2024-06-09,53,0,2.2,2.0,1.0,0.0,7.4,7.6,0.8,0.19999999999999996
2024,Canadian Grand Prix,4,NOR,McLaren,3.0,3.0,2.0,1,1,1,1,2024-06-09,116,0,2.8,3.8,1.0,0.0,5.0,3.4,0.8,0.0
2024,Canadian Grand Prix,63,RUS,Mercedes,1.0,1.0,3.0,1,1,1,1,2024-06-09,116,0,6.6,7.0,1.0,0.0,6.6,6.6,1.0,0.0
2024,Canadian Grand Prix,44,HAM,Mercedes,7.0,7.0,4.0,1,0,1,1,2024-06-09,135,0,7.4,9.6,1.0,0.0,5.6,6.5,1.0,0.0
2024,Canadian Grand Prix,81,PIA,McLaren,4.0,4.0,5.0,1,0,1,1,2024-06-09,29,0,7.0,4.2,0.8,0.0,2.8,2.75,1.0,0.0
2024,Canadian Grand Prix,14,ALO,Aston Martin,6.0,6.0,6.0,1,0,0,1,2024-06-09,96,0,10.4,11.2,0.6,0.4,14.0,14.0,0.2,0.6
2024,Canadian Grand Prix,18,STR,Aston Martin,9.0,9.0,7.0,1,0,0,1,2024-06-09,134,0,13.4,12.8,0.2,0.4,11.8,14.75,0.4,0.6
2024,Canadian Grand Prix,3,RIC,RB,5.0,5.0,8.0,1,0,0,1,2024-06-09,122,0,15.4,12.4,0.0,0.8,11.6,10.8,0.4,0.8
2024,Canadian Grand Prix,10,GAS,Alpine,15.0,15.0,9.0,1,0,0,1,2024-06-09,136,0,13.4,13.8,0.2,0.6,13.8,12.0,0.2,0.8
2024,Canadian Grand Prix,31,OCO,Alpine,18.0,18.0,10.0,1,0,0,1,2024-06-09,115,0,13.4,12.8,0.2,0.6,13.2,12.0,0.4,0.8
2024,Canadian Grand Prix,27,HUL,Haas F1 Team,17.0,17.0,11.0,1,0,0,0,2024-06-09,75,0,12.4,10.8,0.2,0.6,16.2,15.2,0.0,0.8
2024,Canadian Grand Prix,20,MAG,Haas F1 Team,14.0,14.0,12.0,1,0,0,0,2024-06-09,113,0,16.0,17.4,0.0,0.6,14.6,14.25,0.0,0.8
2024,Canadian Grand Prix,77,BOT,Kick Sauber,19.0,19.0,13.0,1,0,0,0,2024-06-09,136,0,16.2,14.4,0.0,0.8,15.6,16.8,0.0,0.8
2024,Canadian Grand Prix,22,TSU,RB,8.0,8.0,14.0,1,0,0,0,2024-06-09,76,0,10.8,10.8,0.8,0.8,10.2,9.0,0.6,0.8
2024,Canadian Grand Prix,24,ZHO,Kick Sauber,20.0,20.0,15.0,0,0,0,0,2024-06-09,53,0,15.4,18.2,0.0,0.6,15.0,17.0,0.0,0.8
2024,Canadian Grand Prix,55,SAI,Ferrari,12.0,12.0,16.0,0,0,0,0,2024-06-09,135,0,4.2,4.4,1.0,0.0,3.4,3.2,1.0,0.0
2024,Canadian Grand Prix,23,ALB,Williams,10.0,10.0,17.0,0,0,0,0,2024-06-09,92,0,15.8,13.0,0.2,0.6,16.2,15.0,0.2,1.0
2024,Canadian Grand Prix,11,PER,Red Bull Racing,16.0,16.0,18.0,0,0,0,0,2024-06-09,134,0,7.0,7.0,0.8,0.19999999999999996,6.8,8.5,0.8,0.19999999999999996
2024,Canadian Grand Prix,16,LEC,Ferrari,11.0,11.0,19.0,0,0,0,0,2024-06-09,136,0,3.0,4.2,1.0,0.0,5.6,3.25,0.8,0.19999999999999996
2024,Canadian Grand Prix,2,SAR,Williams,13.0,13.0,20.0,0,0,0,0,2024-06-09,47,0,17.2,18.2,0.0,0.8,15.6,14.5,0.2,1.0
2024,Spanish Grand Prix,1,VER,Red Bull Racing,2.0,2.0,1.0,1,1,1,1,2024-06-23,54,0,2.2,2.25,1.0,0.0,10.2,11.0,0.6,0.4
2024,Spanish Grand Prix,4,NOR,McLaren,1.0,1.0,2.0,1,1,1,1,2024-06-23,117,0,2.2,4.0,1.0,0.0,3.4,2.6666666666666665,1.0,0.0
2024,Spanish Grand Prix,44,HAM,Mercedes,3.0,3.0,3.0,1,1,1,1,2024-06-23,136,0,6.4,10.25,1.0,0.0,5.2,6.0,1.0,0.0
2024,Spanish Grand Prix,63,RUS,Mercedes,4.0,4.0,4.0,1,0,1,1,2024-06-23,117,0,5.8,6.5,1.0,0.0,4.4,6.0,1.0,0.0
2024,Spanish Grand Prix,16,LEC,Ferrari,5.0,5.0,5.0,1,0,1,1,2024-06-23,137,0,6.0,3.25,0.8,0.19999999999999996,8.8,3.0,0.6,0.4
2024,Spanish Grand Prix,55,SAI,Ferrari,6.0,6.0,6.0,1,0,0,1,2024-06-23,136,0,6.8,4.5,0.8,0.19999999999999996,8.8,2.0,0.6,0.4
2024,Spanish Grand Prix,81,PIA,McLaren,9.0,9.0,7.0,1,0,0,1,2024-06-23,30,0,6.4,3.75,0.8,0.0,3.0,3.0,1.0,0.0
2024,Spanish Grand Prix,11,PER,Red Bull Racing,11.0,11.0,8.0,1,0,0,1,2024-06-23,135,0,10.2,8.25,0.6,0.4,8.8,11.0,0.6,0.4
2024,Spanish Grand Prix,10,GAS,Alpine,7.0,7.0,9.0,1,0,0,1,2024-06-23,137,0,12.0,13.0,0.4,0.4,12.4,12.0,0.6,0.6
2024,Spanish Grand Prix,31,OCO,Alpine,8.0,8.0,10.0,1,0,0,1,2024-06-23,116,0,12.4,12.25,0.4,0.4,11.0,10.5,0.8,0.4
2024,Spanish Grand Prix,27,HUL,Haas F1 Team,13.0,13.0,11.0,1,0,0,0,2024-06-23,76,0,12.4,10.5,0.2,0.4,14.8,15.666666666666666,0.0,0.6
2024,Spanish Grand Prix,14,ALO,Aston Martin,10.0,10.0,12.0,0,0,0,0,2024-06-23,97,0,10.4,12.75,0.6,0.4,11.4,15.333333333333334,0.4,0.6
2024,Spanish Grand Prix,24,ZHO,Kick Sauber,15.0,15.0,13.0,0,0,0,0,2024-06-23,54,0,14.8,17.75,0.0,0.6,15.0,17.0,0.0,0.8
2024,Spanish Grand Prix,18,STR,Aston Martin,14.0,14.0,14.0,0,0,0,0,2024-06-23,135,0,12.4,12.0,0.4,0.19999999999999996,10.0,13.5,0.4,0.6
2024,Spanish Grand Prix,3,RIC,RB,18.0,18.0,15.0,0,0,0,0,2024-06-23,123,0,13.2,12.75,0.2,0.6,11.0,9.666666666666666,0.4,0.6
2024,Spanish Grand Prix,77,BOT,Kick Sauber,12.0,12.0,16.0,0,0,0,0,2024-06-23,137,0,16.0,14.75,0.0,0.6,14.0,17.5,0.0,0.8
2024,Spanish Grand Prix,20,MAG,Haas F1 Team,16.0,16.0,17.0,0,0,0,0,2024-06-23,114,0,15.8,17.25,0.0,0.4,14.6,14.5,0.0,0.4
2024,Spanish Grand Prix,23,ALB,Williams,20.0,20.0,18.0,0,0,0,0,2024-06-23,93,0,15.2,12.75,0.2,0.6,16.2,12.666666666666666,0.2,1.0
2024,Spanish Grand Prix,22,TSU,RB,17.0,17.0,19.0,0,0,0,0,2024-06-23,77,0,11.6,11.0,0.6,0.6,11.4,10.0,0.4,0.6
2024,Spanish Grand Prix,2,SAR,Williams,19.0,19.0,20.0,0,0,0,0,2024-06-23,48,0,17.8,18.0,0.0,0.8,15.8,12.0,0.2,1.0
2024,Austrian Grand Prix,63,RUS,Mercedes,3.0,3.0,1.0,1,1,1,1,2024-06-30,118,0,5.4,6.0,1.0,0.0,4.2,7.0,1.0,0.0
2024,Austrian Grand Prix,81,PIA,McLaren,7.0,7.0,2.0,1,1,1,1,2024-06-30,31,0,6.2,3.3333333333333335,0.8,0.0,4.0,4.0,1.0,0.0
2024,Austrian Grand Prix,55,SAI,Ferrari,4.0,4.0,3.0,1,1,1,1,2024-06-30,137,0,7.0,3.6666666666666665,0.8,0.19999999999999996,9.8,3.0,0.6,0.4
2024,Austrian Grand Prix,44,HAM,Mercedes,5.0,5.0,4.0,1,0,1,1,2024-06-30,137,0,5.2,7.666666666666667,1.0,0.0,3.0,10.466084656084657,1.0,0.0
2024,Austrian Grand Prix,1,VER,Red Bull Racing,1.0,1.0,5.0,1,0,1,1,2024-06-30,55,0,2.2,2.6666666666666665,1.0,0.0,9.2,16.0,0.6,0.4
2024,Austrian Grand Prix,27,HUL,Haas F1 Team,9.0,9.0,6.0,1,0,0,1,2024-06-30,77,0,12.6,11.0,0.0,0.4,14.2,15.0,0.0,0.4
2024,Austrian Grand Prix,11,PER,Red Bull Racing,8.0,8.0,7.0,1,0,0,1,2024-06-30,136,0,11.2,10.333333333333334,0.6,0.4,6.6,10.466084656084657,0.8,0.19999999999999996
2024,Austrian Grand Prix,20,MAG,Haas F1 Team,12.0,12.0,8.0,1,0,0,1,2024-06-30,115,0,16.0,17.333333333333332,0.0,0.6,11.4,10.466084656084657,0.2,0.19999999999999996
2024,Austrian Grand Prix,3,RIC,RB,11.0,11.0,9.0,1,0,0,1,2024-06-30,124,0,12.6,13.0,0.2,0.6,13.6,12.0,0.2,0.6
2024,Austrian Grand Prix,10,GAS,Alpine,13.0,13.0,10.0,1,0,0,1,2024-06-30,138,0,11.2,12.333333333333334,0.6,0.4,11.0,11.0,0.8,0.19999999999999996
2024,Austrian Grand Prix,16,LEC,Ferrari,6.0,6.0,11.0,1,0,0,0,2024-06-30,138,0,6.2,2.3333333333333335,0.8,0.19999999999999996,9.8,10.466084656084657,0.6,0.4
2024,Austrian Grand Prix,31,OCO,Alpine,10.0,10.0,12.0,1,0,0,0,2024-06-30,117,0,12.2,12.0,0.6,0.4,9.6,10.466084656084657,1.0,0.0
2024,Austrian Grand Prix,18,STR,Aston Martin,17.0,17.0,13.0,0,0,0,0,2024-06-30,136,0,12.2,12.333333333333334,0.4,0.4,10.6,13.0,0.4,0.6
2024,Austrian Grand Prix,22,TSU,RB,14.0,14.0,14.0,0,0,0,0,2024-06-30,78,0,11.6,8.333333333333334,0.6,0.6,13.0,10.466084656084657,0.4,0.4
2024,Austrian Grand Prix,23,ALB,Williams,16.0,16.0,15.0,0,0,0,0,2024-06-30,94,0,16.4,12.333333333333334,0.2,0.8,18.0,15.0,0.0,1.0
2024,Austrian Grand Prix,77,BOT,Kick Sauber,18.0,18.0,16.0,0,0,0,0,2024-06-30,138,0,15.2,16.333333333333332,0.0,0.6,14.6,18.0,0.0,0.8
2024,Austrian Grand Prix,24,ZHO,Kick Sauber,20.0,20.0,17.0,0,0,0,0,2024-06-30,55,0,14.6,18.333333333333332,0.0,0.8,14.6,10.466084656084657,0.0,0.8
2024,Austrian Grand Prix,14,ALO,Aston Martin,15.0,15.0,18.0,0,0,0,0,2024-06-30,98,0,11.4,16.0,0.4,0.6,10.4,10.466084656084657,0.4,0.6
2024,Austrian Grand Prix,2,SAR,Williams,19.0,19.0,19.0,0,0,0,0,2024-06-30,49,0,18.4,17.333333333333332,0.0,1.0,18.0,10.466084656084657,0.0,1.0
2024,Austrian Grand Prix,4,NOR,McLaren,2.0,2.0,20.0,0,0,0,0,2024-06-30,118,0,2.2,4.0,1.0,0.0,3.6,10.466084656084657,1.0,0.0
2024,British Grand Prix,44,HAM,Mercedes,2.0,2.0,1.0,1,1,1,1,2024-07-07,138,0,4.8,7.5,1.0,0.0,3.2,10.466084656084657,1.0,0.0
2024,British Grand Prix,1,VER,Red Bull Racing,4.0,4.0,2.0,1,1,1,1,2024-07-07,56,0,2.8,3.5,1.0,0.0,7.8,10.466084656084657,0.8,0.19999999999999996
2024,British Grand Prix,4,NOR,McLaren,3.0,3.0,3.0,1,1,1,1,2024-07-07,119,0,6.0,3.5,0.8,0.19999999999999996,7.2,10.466084656084657,0.8,0.19999999999999996
2024,British Grand Prix,81,PIA,McLaren,5.0,5.0,4.0,1,0,1,1,2024-07-07,32,0,4.0,2.0,1.0,0.0,6.8,10.466084656084657,0.8,0.19999999999999996
2024,British Grand Prix,55,SAI,Ferrari,7.0,7.0,5.0,1,0,1,1,2024-07-07,138,0,6.6,4.0,0.8,0.19999999999999996,8.8,10.466084656084657,0.6,0.19999999999999996
2024,British Grand Prix,27,HUL,Haas F1 Team,6.0,6.0,6.0,1,0,0,1,2024-07-07,78,0,11.6,12.0,0.2,0.4,10.8,10.466084656084657,0.4,0.19999999999999996
2024,British Grand Prix,18,STR,Aston Martin,8.0,8.0,7.0,1,0,0,1,2024-07-07,137,0,11.4,13.0,0.4,0.6,12.8,10.466084656084657,0.2,0.8
2024,British Grand Prix,14,ALO,Aston Martin,10.0,10.0,8.0,1,0,0,1,2024-07-07,99,0,13.2,16.5,0.2,0.8,12.8,10.466084656084657,0.2,0.8
2024,British Grand Prix,23,ALB,Williams,9.0,9.0,9.0,1,0,0,1,2024-07-07,95,0,15.8,11.5,0.2,1.0,18.4,10.466084656084657,0.0,1.0
2024,British Grand Prix,22,TSU,RB,13.0,13.0,10.0,1,0,0,1,2024-07-07,79,0,13.0,7.5,0.4,0.8,14.2,10.466084656084657,0.2,0.6
2024,British Grand Prix,2,SAR,Williams,12.0,12.0,11.0,1,0,0,0,2024-07-07,50,0,18.2,17.5,0.0,1.0,16.2,10.466084656084657,0.2,0.8
2024,British Grand Prix,20,MAG,Haas F1 Team,17.0,17.0,12.0,1,0,0,0,2024-07-07,116,0,13.8,16.5,0.2,0.6,9.6,10.466084656084657,0.6,0.19999999999999996
2024,British Grand Prix,3,RIC,RB,15.0,15.0,13.0,0,0,0,0,2024-07-07,125,0,11.4,10.5,0.4,0.6,13.4,10.466084656084657,0.4,0.6
2024,British Grand Prix,16,LEC,Ferrari,11.0,11.0,14.0,0,0,0,0,2024-07-07,139,0,7.8,2.5,0.6,0.19999999999999996,6.0,10.466084656084657,0.8,0.0
2024,British Grand Prix,77,BOT,Kick Sauber,16.0,16.0,15.0,0,0,0,0,2024-07-07,139,0,15.2,16.5,0.0,0.8,15.4,10.466084656084657,0.0,1.0
2024,British Grand Prix,31,OCO,Alpine,18.0,18.0,16.0,0,0,0,0,2024-07-07,118,0,12.6,11.5,0.4,0.4,10.2,10.466084656084657,0.8,0.0
2024,British Grand Prix,11,PER,Red Bull Racing,20.0,20.0,17.0,0,0,0,0,2024-07-07,137,0,11.8,13.5,0.6,0.4,4.6,10.466084656084657,1.0,0.0
2024,British Grand Prix,24,ZHO,Kick Sauber,14.0,14.0,18.0,0,0,0,0,2024-07-07,56,0,15.2,17.5,0.0,1.0,15.4,10.466084656084657,0.0,1.0
2024,British Grand Prix,63,RUS,Mercedes,1.0,1.0,19.0,0,0,0,0,2024-07-07,119,0,4.0,5.5,1.0,0.0,2.6,10.466084656084657,1.0,0.0
2024,British Grand Prix,10,GAS,Alpine,19.0,19.0,20.0,0,0,0,0,2024-07-07,139,0,10.8,12.5,0.8,0.4,11.4,10.466084656084657,0.6,0.19999999999999996
2024,Hungarian Grand Prix,81,PIA,McLaren,2.0,2.0,1.0,1,1,1,1,2024-07-21,33,0,4.0,2.0,1.0,0.0,7.2,10.466084656084657,0.8,0.19999999999999996
2024,Hungarian Grand Prix,4,NOR,McLaren,1.0,1.0,2.0,1,1,1,1,2024-07-21,120,0,6.2,4.0,0.8,0.19999999999999996,6.0,2.0,0.8,0.19999999999999996
2024,Hungarian Grand Prix,44,HAM,Mercedes,5.0,5.0,3.0,1,1,1,1,2024-07-21,139,0,3.8,7.0,1.0,0.0,5.8,10.466084656084657,0.8,0.19999999999999996
2024,Hungarian Grand Prix,16,LEC,Ferrari,6.0,6.0,4.0,1,0,1,1,2024-07-21,140,0,10.0,1.0,0.4,0.4,7.8,10.466084656084657,0.6,0.19999999999999996
2024,Hungarian Grand Prix,1,VER,Red Bull Racing,3.0,3.0,5.0,1,0,1,1,2024-07-21,57,0,3.0,6.0,1.0,0.0,7.8,10.466084656084657,0.8,0.19999999999999996
2024,Hungarian Grand Prix,55,SAI,Ferrari,4.0,4.0,6.0,1,0,0,1,2024-07-21,139,0,6.6,3.0,0.8,0.19999999999999996,7.4,6.0,0.6,0.19999999999999996
2024,Hungarian Grand Prix,11,PER,Red Bull Racing,16.0,16.0,7.0,1,0,0,1,2024-07-21,138,0,13.6,16.0,0.4,0.6,7.2,3.0,0.8,0.19999999999999996
2024,Hungarian Grand Prix,63,RUS,Mercedes,17.0,17.0,8.0,1,0,0,1,2024-07-21,120,0,6.4,5.0,0.8,0.19999999999999996,5.6,5.0,0.8,0.19999999999999996
2024,Hungarian Grand Prix,22,TSU,RB,10.0,10.0,9.0,1,0,0,1,2024-07-21,80,0,13.0,8.0,0.4,0.6,13.0,10.466084656084657,0.4,0.6
2024,Hungarian Grand Prix,18,STR,Aston Martin,8.0,8.0,10.0,1,0,0,1,2024-07-21,138,0,11.0,13.0,0.4,0.6,12.0,10.466084656084657,0.4,0.6
2024,Hungarian Grand Prix,14,ALO,Aston Martin,7.0,7.0,11.0,1,0,0,0,2024-07-21,100,0,11.0,14.0,0.4,0.6,11.2,8.0,0.6,0.4
2024,Hungarian Grand Prix,3,RIC,RB,9.0,9.0,12.0,0,0,0,0,2024-07-21,126,0,11.4,12.0,0.4,0.6,11.0,10.0,0.6,0.4
2024,Hungarian Grand Prix,27,HUL,Haas F1 Team,11.0,11.0,13.0,0,0,0,0,2024-07-21,79,0,10.6,14.0,0.4,0.19999999999999996,9.8,10.466084656084657,0.6,0.19999999999999996
2024,Hungarian Grand Prix,23,ALB,Williams,13.0,13.0,14.0,0,0,0,0,2024-07-21,96,0,13.6,9.0,0.4,0.8,14.8,10.466084656084657,0.2,0.6
2024,Hungarian Grand Prix,20,MAG,Haas F1 Team,15.0,15.0,15.0,0,0,0,0,2024-07-21,117,0,13.8,15.0,0.2,0.4,9.0,11.0,0.6,0.19999999999999996
2024,Hungarian Grand Prix,77,BOT,Kick Sauber,12.0,12.0,16.0,0,0,0,0,2024-07-21,140,0,14.6,17.0,0.0,0.8,16.4,10.466084656084657,0.0,1.0
2024,Hungarian Grand Prix,2,SAR,Williams,14.0,14.0,17.0,0,0,0,0,2024-07-21,51,0,17.0,15.0,0.0,0.8,13.6,13.0,0.2,0.6
2024,Hungarian Grand Prix,31,OCO,Alpine,19.0,19.0,18.0,0,0,0,0,2024-07-21,119,0,13.0,11.0,0.4,0.4,13.6,10.466084656084657,0.4,0.4
2024,Hungarian Grand Prix,24,ZHO,Kick Sauber,18.0,18.0,19.0,0,0,0,0,2024-07-21,57,0,15.8,18.0,0.0,1.0,16.4,12.0,0.0,1.0
2024,Hungarian Grand Prix,10,GAS,Alpine,20.0,20.0,20.0,0,0,0,0,2024-07-21,140,0,11.6,10.0,0.8,0.4,15.2,19.0,0.2,0.6
2024,Belgian Grand Prix,44,HAM,Mercedes,3.0,4.0,1.0,1,1,1,1,2024-07-28,140,0,3.0,5.0,1.0,0.0,7.0,11.0,0.8,0.19999999999999996
2024,Belgian Grand Prix,81,PIA,McLaren,5.0,6.0,2.0,1,1,1,1,2024-07-28,34,0,3.8,2.0,1.0,0.0,6.0,1.5,0.8,0.19999999999999996
2024,Belgian Grand Prix,16,LEC,Ferrari,1.0,2.0,3.0,1,1,1,1,2024-07-28,141,0,10.6,6.0,0.4,0.4,8.0,5.0,0.6,0.19999999999999996
2024,Belgian Grand Prix,1,VER,Red Bull Racing,11.0,1.0,4.0,1,0,1,1,2024-07-28,58,0,2.8,3.0,1.0,0.0,7.6,9.5,0.8,0.19999999999999996
2024,Belgian Grand Prix,4,NOR,McLaren,4.0,5.0,5.0,1,0,1,1,2024-07-28,121,0,5.8,1.0,0.8,0.19999999999999996,2.4,3.0,1.0,0.0
2024,Belgian Grand Prix,55,SAI,Ferrari,7.0,8.0,6.0,1,0,0,1,2024-07-28,140,0,7.2,4.0,0.8,0.19999999999999996,6.4,4.0,0.8,0.19999999999999996
2024,Belgian Grand Prix,11,PER,Red Bull Racing,2.0,3.0,7.0,1,0,0,1,2024-07-28,139,0,11.4,16.0,0.6,0.4,7.0,6.666666666666667,0.8,0.19999999999999996
2024,Belgian Grand Prix,14,ALO,Aston Martin,8.0,9.0,8.0,1,0,0,1,2024-07-28,101,0,11.0,7.0,0.4,0.4,10.8,7.5,0.6,0.19999999999999996
2024,Belgian Grand Prix,31,OCO,Alpine,9.0,10.0,9.0,1,0,0,1,2024-07-28,120,0,13.2,19.0,0.4,0.4,17.2,19.5,0.0,0.8
2024,Belgian Grand Prix,3,RIC,RB,13.0,13.0,10.0,1,0,0,1,2024-07-28,127,0,11.4,9.0,0.4,0.6,11.6,9.5,0.4,0.6
2024,Belgian Grand Prix,18,STR,Aston Martin,15.0,15.0,11.0,1,0,0,0,2024-07-28,139,0,10.2,8.0,0.6,0.4,8.8,8.0,0.8,0.0
2024,Belgian Grand Prix,23,ALB,Williams,10.0,11.0,12.0,1,0,0,0,2024-07-28,97,0,14.6,13.0,0.2,0.8,14.0,13.5,0.2,0.6
2024,Belgian Grand Prix,10,GAS,Alpine,12.0,12.0,13.0,1,0,0,0,2024-07-28,141,0,13.6,20.0,0.6,0.4,16.6,16.333333333333332,0.2,0.8
2024,Belgian Grand Prix,20,MAG,Haas F1 Team,17.0,17.0,14.0,1,0,0,0,2024-07-28,118,0,12.8,15.0,0.2,0.4,10.8,13.0,0.4,0.4
2024,Belgian Grand Prix,77,BOT,Kick Sauber,14.0,14.0,15.0,1,0,0,0,2024-07-28,141,0,15.2,12.0,0.0,0.8,17.0,15.0,0.0,1.0
2024,Belgian Grand Prix,22,TSU,RB,20.0,18.0,16.0,1,0,0,0,2024-07-28,81,0,13.2,10.0,0.4,0.4,10.8,10.666666666666666,0.6,0.4
2024,Belgian Grand Prix,2,SAR,Williams,18.0,19.0,17.0,1,0,0,0,2024-07-28,52,0,17.4,14.0,0.0,0.8,12.6,12.666666666666666,0.2,0.4
2024,Belgian Grand Prix,27,HUL,Haas F1 Team,16.0,16.0,18.0,1,0,0,0,2024-07-28,80,0,9.4,11.0,0.4,0.19999999999999996,12.0,14.333333333333334,0.2,0.4
2024,Belgian Grand Prix,24,ZHO,Kick Sauber,19.0,20.0,19.0,0,0,0,0,2024-07-28,58,0,16.4,18.0,0.0,1.0,16.6,14.666666666666666,0.0,0.8
2024,Belgian Grand Prix,63,RUS,Mercedes,6.0,7.0,20.0,0,0,0,0,2024-07-28,121,0,7.0,17.0,0.8,0.19999999999999996,6.4,8.666666666666666,0.8,0.19999999999999996
2024,Dutch Grand Prix,4,NOR,McLaren,1.0,1.0,1.0,1,1,1,1,2024-08-25,122,0,6.4,3.0,0.8,0.19999999999999996,2.8,3.5,1.0,0.0
2024,Dutch Grand Prix,1,VER,Red Bull Racing,2.0,2.0,2.0,1,1,1,1,2024-08-25,59,0,3.4,2.0,1.0,0.0,8.0,5.75,0.8,0.19999999999999996
2024,Dutch Grand Prix,16,LEC,Ferrari,6.0,6.0,3.0,1,1,1,1,2024-08-25,142,0,7.4,4.0,0.6,0.19999999999999996,6.6,5.0,0.8,0.19999999999999996
2024,Dutch Grand Prix,81,PIA,McLaren,3.0,3.0,4.0,1,0,1,1,2024-08-25,35,0,3.2,4.0,1.0,0.0,2.2,3.0,1.0,0.0
2024,Dutch Grand Prix,55,SAI,Ferrari,10.0,10.0,5.0,1,0,1,1,2024-08-25,141,0,5.2,6.0,1.0,0.0,4.4,5.2,1.0,0.0
2024,Dutch Grand Prix,11,PER,Red Bull Racing,5.0,5.0,6.0,1,0,0,1,2024-08-25,140,0,9.2,9.5,0.8,0.19999999999999996,5.0,5.0,1.0,0.0
2024,Dutch Grand Prix,63,RUS,Mercedes,4.0,4.0,7.0,1,0,0,1,2024-08-25,122,0,10.4,12.0,0.6,0.4,10.2,8.25,0.6,0.4
2024,Dutch Grand Prix,44,HAM,Mercedes,14.0,11.0,8.0,1,0,0,1,2024-08-25,141,0,2.4,4.5,1.0,0.0,7.8,7.4,0.8,0.19999999999999996
2024,Dutch Grand Prix,10,GAS,Alpine,9.0,9.0,9.0,0,0,0,1,2024-08-25,142,0,14.4,16.0,0.4,0.4,16.0,15.25,0.2,0.6
2024,Dutch Grand Prix,14,ALO,Aston Martin,7.0,7.0,10.0,0,0,0,1,2024-08-25,102,0,11.4,8.0,0.4,0.4,9.6,9.75,0.6,0.0
2024,Dutch Grand Prix,27,HUL,Haas F1 Team,12.0,13.0,11.0,0,0,0,0,2024-08-25,81,0,10.8,13.5,0.4,0.19999999999999996,14.4,14.75,0.0,0.4
2024,Dutch Grand Prix,3,RIC,RB,13.0,15.0,12.0,0,0,0,0,2024-08-25,128,0,11.8,11.0,0.4,0.6,12.0,12.5,0.4,0.4
2024,Dutch Grand Prix,18,STR,Aston Martin,8.0,8.0,13.0,0,0,0,0,2024-08-25,140,0,11.0,11.5,0.4,0.4,10.0,9.2,0.6,0.19999999999999996
2024,Dutch Grand Prix,23,ALB,Williams,19.0,10.0,14.0,0,0,0,0,2024-08-25,98,0,13.6,12.0,0.2,0.6,14.2,14.25,0.0,0.4
2024,Dutch Grand Prix,31,OCO,Alpine,15.0,16.0,15.0,0,0,0,0,2024-08-25,121,0,13.0,14.5,0.4,0.4,13.8,14.0,0.4,0.6
2024,Dutch Grand Prix,2,SAR,Williams,18.0,20.0,16.0,0,0,0,0,2024-08-25,53,0,16.8,16.5,0.0,0.6,14.8,13.4,0.0,0.6
2024,Dutch Grand Prix,22,TSU,RB,11.0,12.0,17.0,0,0,0,0,2024-08-25,82,0,13.6,14.0,0.4,0.4,11.8,13.0,0.4,0.4
2024,Dutch Grand Prix,20,MAG,Haas F1 Team,20.0,14.0,18.0,0,0,0,0,2024-08-25,119,0,13.2,16.0,0.2,0.4,14.2,14.4,0.0,0.6
2024,Dutch Grand Prix,77,BOT,Kick Sauber,16.0,17.0,19.0,0,0,0,0,2024-08-25,142,0,15.6,13.0,0.0,0.8,17.4,16.0,0.0,0.8
2024,Dutch Grand Prix,24,ZHO,Kick Sauber,17.0,18.0,20.0,0,0,0,0,2024-08-25,59,0,17.2,19.0,0.0,1.0,17.6,16.2,0.0,0.8
2024,Azerbaijan Grand Prix,81,PIA,McLaren,2.0,2.0,1.0,1,1,1,1,2024-09-15,36,0,2.6,3.6666666666666665,1.0,0.0,2.8,3.2,1.0,0.0
2024,Azerbaijan Grand Prix,16,LEC,Ferrari,1.0,1.0,2.0,1,1,1,1,2024-09-15,143,0,7.0,4.666666666666667,0.6,0.19999999999999996,4.6,6.0,1.0,0.0
2024,Azerbaijan Grand Prix,63,RUS,Mercedes,5.0,5.0,3.0,1,1,1,1,2024-09-15,123,0,11.0,9.333333333333334,0.6,0.4,8.8,8.6,0.8,0.19999999999999996
2024,Azerbaijan Grand Prix,4,NOR,McLaren,15.0,15.0,4.0,1,0,1,1,2024-09-15,123,0,6.2,2.3333333333333335,0.8,0.19999999999999996,2.6,3.75,1.0,0.0
2024,Azerbaijan Grand Prix,1,VER,Red Bull Racing,6.0,6.0,5.0,1,0,1,1,2024-09-15,60,0,3.6,2.0,1.0,0.0,5.2,5.4,1.0,0.0
2024,Azerbaijan Grand Prix,14,ALO,Aston Martin,7.0,7.0,6.0,1,0,0,1,2024-09-15,103,0,11.0,7.666666666666667,0.6,0.4,10.6,9.2,0.4,0.4
2024,Azerbaijan Grand Prix,23,ALB,Williams,9.0,9.0,7.0,1,0,0,1,2024-09-15,99,0,12.8,11.333333333333334,0.2,0.6,15.2,14.8,0.0,0.6
2024,Azerbaijan Grand Prix,43,COL,Williams,8.0,8.0,8.0,1,0,0,1,2024-09-15,1,1,11.0,12.0,0.0,1.0,13.2,15.0,0.2,0.4
2024,Azerbaijan Grand Prix,44,HAM,Mercedes,19.0,19.0,9.0,1,0,0,1,2024-09-15,142,0,3.4,6.666666666666667,1.0,0.0,7.8,6.5,0.8,0.19999999999999996
2024,Azerbaijan Grand Prix,50,BEA,Haas F1 Team,10.0,10.0,10.0,1,0,0,1,2024-09-15,0,1,15.2,15.0,0.0,0.6,15.2,15.0,0.0,0.6
2024,Azerbaijan Grand Prix,27,HUL,Haas F1 Team,12.0,12.0,11.0,1,0,0,0,2024-09-15,82,0,10.8,13.333333333333334,0.4,0.4,14.2,15.0,0.2,0.4
2024,Azerbaijan Grand Prix,10,GAS,Alpine,18.0,18.0,12.0,1,0,0,0,2024-09-15,143,0,14.4,13.666666666666666,0.4,0.6,13.2,13.4,0.4,0.6
2024,Azerbaijan Grand Prix,3,RIC,RB,14.0,14.0,13.0,1,0,0,0,2024-09-15,129,0,11.2,12.333333333333334,0.4,0.6,13.4,13.4,0.2,0.6
2024,Azerbaijan Grand Prix,24,ZHO,Kick Sauber,17.0,17.0,14.0,1,0,0,0,2024-09-15,60,0,18.6,18.666666666666668,0.0,1.0,18.4,17.4,0.0,0.8
2024,Azerbaijan Grand Prix,31,OCO,Alpine,20.0,20.0,15.0,0,0,0,0,2024-09-15,122,0,14.0,15.0,0.2,0.6,11.6,11.75,0.4,0.4
2024,Azerbaijan Grand Prix,77,BOT,Kick Sauber,16.0,16.0,16.0,0,0,0,0,2024-09-15,143,0,16.2,14.333333333333334,0.0,0.8,17.4,17.25,0.0,0.6
2024,Azerbaijan Grand Prix,11,PER,Red Bull Racing,4.0,4.0,17.0,0,0,0,0,2024-09-15,141,0,8.8,8.0,0.8,0.19999999999999996,4.8,2.75,1.0,0.0
2024,Azerbaijan Grand Prix,55,SAI,Ferrari,3.0,3.0,18.0,0,0,0,0,2024-09-15,142,0,5.0,7.333333333333333,1.0,0.0,3.8,6.5,1.0,0.0
2024,Azerbaijan Grand Prix,18,STR,Aston Martin,13.0,13.0,19.0,0,0,0,0,2024-09-15,141,0,10.8,10.333333333333334,0.4,0.4,9.6,9.75,0.6,0.4
2024,Azerbaijan Grand Prix,22,TSU,RB,11.0,11.0,20.0,0,0,0,0,2024-09-15,83,0,13.2,13.333333333333334,0.4,0.4,13.6,14.5,0.2,0.4
2024,Singapore Grand Prix,4,NOR,McLaren,1.0,1.0,1.0,1,1,1,1,2024-09-22,124,0,3.0,2.3333333333333335,1.0,0.0,3.0,3.0,1.0,0.0
2024,Singapore Grand Prix,1,VER,Red Bull Racing,2.0,2.0,2.0,1,1,1,1,2024-09-22,61,0,3.6,2.0,1.0,0.0,7.4,3.3333333333333335,0.8,0.19999999999999996
2024,Singapore Grand Prix,81,PIA,McLaren,5.0,5.0,3.0,1,1,1,1,2024-09-22,37,0,2.4,3.6666666666666665,1.0,0.0,2.2,1.6666666666666667,1.0,0.0
2024,Singapore Grand Prix,63,RUS,Mercedes,4.0,4.0,4.0,1,0,1,1,2024-09-22,124,0,11.4,9.333333333333334,0.6,0.4,9.4,7.333333333333333,0.8,0.19999999999999996
2024,Singapore Grand Prix,16,LEC,Ferrari,9.0,9.0,5.0,1,0,1,1,2024-09-22,144,0,5.2,4.666666666666667,0.8,0.19999999999999996,6.8,8.0,0.8,0.19999999999999996
2024,Singapore Grand Prix,44,HAM,Mercedes,3.0,3.0,6.0,1,0,0,1,2024-09-22,143,0,4.4,6.666666666666667,1.0,0.0,6.2,6.333333333333333,1.0,0.0
2024,Singapore Grand Prix,55,SAI,Ferrari,10.0,10.0,7.0,1,0,0,1,2024-09-22,143,0,8.0,7.333333333333333,0.8,0.19999999999999996,6.6,8.333333333333334,0.8,0.19999999999999996
2024,Singapore Grand Prix,14,ALO,Aston Martin,7.0,7.0,8.0,0,0,0,1,2024-09-22,104,0,8.6,7.666666666666667,0.8,0.19999999999999996,11.8,10.0,0.4,0.6
2024,Singapore Grand Prix,27,HUL,Haas F1 Team,6.0,6.0,9.0,0,0,0,1,2024-09-22,83,0,11.8,13.333333333333334,0.2,0.4,13.6,14.333333333333334,0.2,0.4
2024,Singapore Grand Prix,11,PER,Red Bull Racing,13.0,13.0,10.0,0,0,0,1,2024-09-22,142,0,10.8,8.0,0.6,0.4,6.4,3.0,0.8,0.19999999999999996
2024,Singapore Grand Prix,43,COL,Williams,12.0,12.0,11.0,0,0,0,0,2024-09-22,2,1,9.5,12.0,0.5,0.5,12.4,16.333333333333332,0.4,0.4
2024,Singapore Grand Prix,22,TSU,RB,8.0,8.0,12.0,0,0,0,0,2024-09-22,84,0,14.4,13.333333333333334,0.4,0.4,15.6,15.0,0.0,0.6
2024,Singapore Grand Prix,31,OCO,Alpine,15.0,15.0,13.0,0,0,0,0,2024-09-22,123,0,14.6,15.0,0.2,0.8,12.8,12.333333333333334,0.2,0.6
2024,Singapore Grand Prix,18,STR,Aston Martin,17.0,17.0,14.0,0,0,0,0,2024-09-22,142,0,12.0,10.333333333333334,0.4,0.4,11.2,7.333333333333333,0.6,0.8
2024,Singapore Grand Prix,24,ZHO,Kick Sauber,20.0,20.0,15.0,0,0,0,0,2024-09-22,61,0,18.0,18.666666666666668,0.0,0.8,17.6,18.333333333333332,0.0,0.8
2024,Singapore Grand Prix,77,BOT,Kick Sauber,19.0,19.0,16.0,0,0,0,0,2024-09-22,144,0,16.2,14.333333333333334,0.0,0.8,16.8,18.333333333333332,0.0,0.8
2024,Singapore Grand Prix,10,GAS,Alpine,18.0,18.0,17.0,0,0,0,0,2024-09-22,144,0,14.8,13.666666666666666,0.2,0.6,12.8,13.333333333333334,0.2,0.8
2024,Singapore Grand Prix,3,RIC,RB,16.0,16.0,18.0,0,0,0,0,2024-09-22,130,0,12.0,12.333333333333334,0.2,0.6,14.8,11.666666666666666,0.0,0.8
2024,Singapore Grand Prix,20,MAG,Haas F1 Team,14.0,14.0,19.0,0,0,0,0,2024-09-22,120,0,13.4,15.333333333333334,0.2,0.4,11.8,11.0,0.4,0.6
2024,Singapore Grand Prix,23,ALB,Williams,11.0,11.0,20.0,0,0,0,0,2024-09-22,100,0,11.2,11.333333333333334,0.4,0.4,11.2,14.0,0.4,0.6
2024,United States Grand Prix,16,LEC,Ferrari,4.0,4.0,1.0,1,1,1,1,2024-10-20,145,0,3.4,5.75,1.0,0.0,7.4,9.666666666666666,0.8,0.19999999999999996
2024,United States Grand Prix,55,SAI,Ferrari,3.0,3.0,2.0,1,1,1,1,2024-10-20,144,0,8.4,8.0,0.8,0.19999999999999996,6.6,9.5,0.8,0.19999999999999996
2024,United States Grand Prix,1,VER,Red Bull Racing,2.0,2.0,3.0,1,1,1,1,2024-10-20,62,0,3.6,2.0,1.0,0.0,8.0,6.666666666666667,0.8,0.4
2024,United States Grand Prix,4,NOR,McLaren,1.0,1.0,4.0,1,0,1,1,2024-10-20,125,0,2.6,2.0,1.0,0.0,2.6,3.0,1.0,0.0
2024,United States Grand Prix,81,PIA,McLaren,5.0,5.0,5.0,1,0,1,1,2024-10-20,38,0,2.2,4.0,1.0,0.0,2.6,3.0,1.0,0.0
2024,United States Grand Prix,63,RUS,Mercedes,20.0,20.0,6.0,1,0,0,1,2024-10-20,125,0,8.4,8.0,0.8,0.19999999999999996,6.0,6.0,1.0,0.0
2024,United States Grand Prix,11,PER,Red Bull Racing,9.0,9.0,7.0,1,0,0,1,2024-10-20,143,0,9.4,9.25,0.8,0.4,7.4,7.5,0.8,0.4
2024,United States Grand Prix,27,HUL,Haas F1 Team,11.0,11.0,8.0,1,0,0,1,2024-10-20,84,0,12.4,11.5,0.2,0.6,13.4,11.333333333333334,0.4,0.6
2024,United States Grand Prix,30,LAW,RB,19.0,19.0,9.0,1,0,0,1,2024-10-20,0,1,16.0,12.0,0.0,0.8,16.0,12.0,0.0,0.8
2024,United States Grand Prix,43,COL,Williams,15.0,15.0,10.0,1,0,0,1,2024-10-20,3,1,10.0,12.0,0.3333333333333333,0.6666666666666667,12.4,14.333333333333334,0.4,0.6
2024,United States Grand Prix,20,MAG,Haas F1 Team,8.0,8.0,11.0,1,0,0,0,2024-10-20,121,0,15.6,15.0,0.0,0.6,11.4,10.0,0.6,0.4
2024,United States Grand Prix,10,GAS,Alpine,6.0,6.0,12.0,1,0,0,0,2024-10-20,145,0,14.2,14.75,0.2,0.6,14.4,16.333333333333332,0.0,0.8
2024,United States Grand Prix,14,ALO,Aston Martin,7.0,7.0,13.0,0,0,0,0,2024-10-20,105,0,8.6,7.5,0.8,0.4,12.0,10.666666666666666,0.4,0.8
2024,United States Grand Prix,22,TSU,RB,10.0,10.0,14.0,0,0,0,0,2024-10-20,85,0,14.8,12.0,0.2,0.6,14.4,12.0,0.2,0.6
2024,United States Grand Prix,18,STR,Aston Martin,13.0,13.0,15.0,0,0,0,0,2024-10-20,143,0,13.4,12.0,0.2,0.6,12.0,12.0,0.4,0.8
2024,United States Grand Prix,23,ALB,Williams,14.0,14.0,16.0,0,0,0,0,2024-10-20,101,0,13.4,11.25,0.2,0.6,11.2,11.5,0.6,0.4
2024,United States Grand Prix,77,BOT,Kick Sauber,16.0,16.0,17.0,0,0,0,0,2024-10-20,145,0,16.4,15.5,0.0,0.8,16.2,19.0,0.0,0.8
2024,United States Grand Prix,31,OCO,Alpine,12.0,12.0,18.0,0,0,0,0,2024-10-20,124,0,14.0,15.0,0.2,0.8,13.8,16.5,0.0,0.6
2024,United States Grand Prix,24,ZHO,Kick Sauber,18.0,18.0,19.0,0,0,0,0,2024-10-20,62,0,17.4,19.0,0.0,0.8,15.6,19.5,0.0,0.8
2024,United States Grand Prix,44,HAM,Mercedes,17.0,17.0,20.0,0,0,0,0,2024-10-20,144,0,5.4,5.75,1.0,0.0,5.6,3.5,1.0,0.0
2024,Mexico City Grand Prix,55,SAI,Ferrari,1.0,1.0,1.0,1,1,1,1,2024-10-27,145,0,7.6,9.333333333333334,0.8,0.19999999999999996,6.6,9.5,0.8,0.19999999999999996
2024,Mexico City Grand Prix,4,NOR,McLaren,3.0,3.0,2.0,1,1,1,1,2024-10-27,126,0,3.0,2.3333333333333335,1.0,0.0,3.4,3.0,1.0,0.0
2024,Mexico City Grand Prix,16,LEC,Ferrari,4.0,4.0,3.0,1,1,1,1,2024-10-27,146,0,2.8,5.666666666666667,1.0,0.0,3.2,9.5,1.0,0.0
2024,Mexico City Grand Prix,44,HAM,Mercedes,6.0,6.0,4.0,1,0,1,1,2024-10-27,145,0,8.8,6.0,0.8,0.19999999999999996,9.0,3.5,0.8,0.19999999999999996
2024,Mexico City Grand Prix,63,RUS,Mercedes,5.0,5.0,5.0,1,0,1,1,2024-10-27,126,0,8.0,5.0,0.8,0.19999999999999996,8.0,3.5,0.8,0.19999999999999996
2024,Mexico City Grand Prix,1,VER,Red Bull Racing,2.0,2.0,6.0,1,0,0,1,2024-10-27,63,0,3.2,1.6666666666666667,1.0,0.0,7.8,7.5,0.8,0.4
2024,Mexico City Grand Prix,20,MAG,Haas F1 Team,7.0,7.0,7.0,1,0,0,1,2024-10-27,122,0,15.4,15.0,0.0,0.6,11.6,10.0,0.4,0.4
2024,Mexico City Grand Prix,81,PIA,McLaren,17.0,17.0,8.0,1,0,0,1,2024-10-27,39,0,3.0,4.666666666666667,1.0,0.0,3.0,3.0,1.0,0.0
2024,Mexico City Grand Prix,27,HUL,Haas F1 Team,10.0,10.0,9.0,0,0,0,1,2024-10-27,85,0,11.4,11.666666666666666,0.4,0.4,10.8,10.0,0.6,0.4
2024,Mexico City Grand Prix,10,GAS,Alpine,8.0,8.0,10.0,0,0,0,1,2024-10-27,146,0,12.6,13.0,0.2,0.4,15.0,16.5,0.0,0.8
2024,Mexico City Grand Prix,18,STR,Aston Martin,14.0,14.0,11.0,0,0,0,0,2024-10-27,144,0,14.4,13.333333333333334,0.0,0.8,13.8,12.0,0.2,1.0
2024,Mexico City Grand Prix,43,COL,Williams,16.0,16.0,12.0,0,0,0,0,2024-10-27,4,1,10.0,12.0,0.5,0.5,13.0,11.5,0.4,0.6
2024,Mexico City Grand Prix,31,OCO,Alpine,0.0,0.0,13.0,0,0,0,0,2024-10-27,125,0,14.0,13.666666666666666,0.2,0.8,14.0,16.5,0.2,0.8
2024,Mexico City Grand Prix,77,BOT,Kick Sauber,15.0,15.0,14.0,0,0,0,0,2024-10-27,146,0,16.6,16.666666666666668,0.0,0.8,16.6,19.5,0.0,1.0
2024,Mexico City Grand Prix,24,ZHO,Kick Sauber,19.0,19.0,15.0,0,0,0,0,2024-10-27,63,0,17.4,19.333333333333332,0.0,0.8,16.2,19.5,0.0,1.0
2024,Mexico City Grand Prix,30,LAW,RB,12.0,12.0,16.0,0,0,0,0,2024-10-27,1,1,9.0,12.0,1.0,0.0,14.6,12.0,0.2,0.8
2024,Mexico City Grand Prix,11,PER,Red Bull Racing,18.0,18.0,17.0,0,0,0,0,2024-10-27,144,0,9.4,7.0,0.8,0.4,5.6,7.5,1.0,0.19999999999999996
2024,Mexico City Grand Prix,14,ALO,Aston Martin,13.0,13.0,18.0,0,0,0,0,2024-10-27,106,0,9.0,7.666666666666667,0.8,0.6,12.2,12.0,0.2,1.0
2024,Mexico City Grand Prix,23,ALB,Williams,9.0,9.0,19.0,0,0,0,0,2024-10-27,102,0,13.8,10.666666666666666,0.2,0.6,13.8,11.5,0.2,0.8
2024,Mexico City Grand Prix,22,TSU,RB,11.0,11.0,20.0,0,0,0,0,2024-10-27,86,0,15.8,12.666666666666666,0.0,0.8,13.8,12.0,0.2,0.8
2024,São Paulo Grand Prix,1,VER,Red Bull Racing,17.0,17.0,1.0,1,1,1,1,2024-11-03,64,0,3.6,2.0,1.0,0.0,8.6,13.0,0.8,0.4
2024,São Paulo Grand Prix,31,OCO,Alpine,4.0,4.0,2.0,1,1,1,1,2024-11-03,126,0,14.8,15.5,0.0,1.0,14.0,18.0,0.2,0.8
2024,São Paulo Grand Prix,10,GAS,Alpine,13.0,13.0,3.0,1,1,1,1,2024-11-03,147,0,12.0,13.5,0.4,0.6,11.0,10.466084656084657,0.4,0.6
2024,São Paulo Grand Prix,63,RUS,Mercedes,2.0,2.0,4.0,1,0,1,1,2024-11-03,127,0,5.0,4.0,1.0,0.0,8.2,3.0,0.8,0.19999999999999996
2024,São Paulo Grand Prix,16,LEC,Ferrari,6.0,6.0,5.0,1,0,1,1,2024-11-03,147,0,2.8,7.5,1.0,0.0,2.8,10.0,1.0,0.0
2024,São Paulo Grand Prix,4,NOR,McLaren,1.0,1.0,6.0,1,0,0,1,2024-11-03,127,0,2.4,1.0,1.0,0.0,4.4,5.0,1.0,0.0
2024,São Paulo Grand Prix,22,TSU,RB,3.0,3.0,7.0,1,0,0,1,2024-11-03,87,0,16.6,10.0,0.0,1.0,15.4,16.0,0.2,0.8
2024,São Paulo Grand Prix,81,PIA,McLaren,8.0,8.0,8.0,1,0,0,1,2024-11-03,40,0,4.2,4.0,1.0,0.0,5.0,10.466084656084657,1.0,0.0
2024,São Paulo Grand Prix,30,LAW,RB,5.0,5.0,9.0,1,0,0,1,2024-11-03,2,1,12.5,10.431010928961749,0.5,0.5,13.2,10.466084656084657,0.4,0.6
2024,São Paulo Grand Prix,44,HAM,Mercedes,14.0,14.0,10.0,1,0,0,1,2024-11-03,146,0,9.4,7.0,0.8,0.19999999999999996,7.8,10.466084656084657,0.8,0.19999999999999996
2024,São Paulo Grand Prix,11,PER,Red Bull Racing,12.0,12.0,11.0,1,0,0,0,2024-11-03,145,0,11.4,9.0,0.6,0.6,6.8,10.466084656084657,0.8,0.19999999999999996
2024,São Paulo Grand Prix,50,BEA,Haas F1 Team,15.0,15.0,12.0,1,0,0,0,2024-11-03,1,1,10.0,14.0,1.0,0.0,10.8,14.0,0.6,0.4
2024,São Paulo Grand Prix,77,BOT,Kick Sauber,11.0,11.0,13.0,1,0,0,0,2024-11-03,147,0,16.4,18.0,0.0,1.0,16.2,19.0,0.0,1.0
2024,São Paulo Grand Prix,14,ALO,Aston Martin,9.0,9.0,14.0,1,0,0,0,2024-11-03,107,0,11.0,7.0,0.6,0.8,14.2,17.0,0.0,1.0
2024,São Paulo Grand Prix,24,ZHO,Kick Sauber,19.0,19.0,15.0,1,0,0,0,2024-11-03,64,0,16.6,19.0,0.0,0.8,15.6,10.466084656084657,0.0,0.8
2024,São Paulo Grand Prix,55,SAI,Ferrari,20.0,20.0,16.0,0,0,0,0,2024-11-03,146,0,6.6,10.0,0.8,0.19999999999999996,2.4,10.466084656084657,1.0,0.0
2024,São Paulo Grand Prix,43,COL,Williams,16.0,16.0,17.0,0,0,0,0,2024-11-03,5,1,10.4,12.0,0.4,0.6,15.4,11.0,0.2,0.8
2024,São Paulo Grand Prix,23,ALB,Williams,7.0,7.0,18.0,0,0,0,0,2024-11-03,103,0,15.2,10.5,0.2,0.8,14.8,10.466084656084657,0.2,0.8
2024,São Paulo Grand Prix,18,STR,Aston Martin,10.0,10.0,19.0,0,0,0,0,2024-11-03,145,0,14.4,12.5,0.0,1.0,14.2,10.466084656084657,0.0,0.8
2024,São Paulo Grand Prix,27,HUL,Haas F1 Team,18.0,18.0,20.0,0,0,0,0,2024-11-03,86,0,9.6,9.5,0.6,0.6,9.4,10.466084656084657,0.6,0.19999999999999996
2024,Las Vegas Grand Prix,63,RUS,Mercedes,1.0,1.0,1.0,1,1,1,1,2024-11-23,128,0,4.4,4.0,1.0,0.0,8.6,10.466084656084657,0.8,0.19999999999999996
2024,Las Vegas Grand Prix,44,HAM,Mercedes,10.0,10.0,2.0,1,1,1,1,2024-11-23,147,0,9.8,3.0,0.8,0.19999999999999996,4.8,10.466084656084657,1.0,0.0
2024,Las Vegas Grand Prix,55,SAI,Ferrari,2.0,2.0,3.0,1,1,1,1,2024-11-23,147,0,8.8,10.0,0.6,0.4,5.4,10.466084656084657,0.8,0.19999999999999996
2024,Las Vegas Grand Prix,16,LEC,Ferrari,4.0,4.0,4.0,1,0,1,1,2024-11-23,148,0,3.2,9.0,1.0,0.0,5.6,10.466084656084657,0.8,0.19999999999999996
2024,Las Vegas Grand Prix,1,VER,Red Bull Racing,5.0,5.0,5.0,1,0,1,1,2024-11-23,65,0,3.4,2.0,1.0,0.0,8.4,10.466084656084657,0.6,0.19999999999999996
2024,Las Vegas Grand Prix,4,NOR,McLaren,6.0,6.0,6.0,1,0,0,1,2024-11-23,128,0,3.4,1.0,1.0,0.0,5.8,10.466084656084657,1.0,0.0
2024,Las Vegas Grand Prix,81,PIA,McLaren,8.0,8.0,7.0,1,0,0,1,2024-11-23,41,0,5.0,5.0,1.0,0.0,6.0,10.466084656084657,1.0,0.0
2024,Las Vegas Grand Prix,27,HUL,Haas F1 Team,9.0,9.0,8.0,1,0,0,1,2024-11-23,87,0,11.4,6.0,0.6,0.6,11.8,10.466084656084657,0.4,0.4
2024,Las Vegas Grand Prix,22,TSU,RB,7.0,7.0,9.0,1,0,0,1,2024-11-23,88,0,14.6,8.0,0.2,0.8,13.2,10.466084656084657,0.4,0.6
2024,Las Vegas Grand Prix,11,PER,Red Bull Racing,15.0,15.0,10.0,1,0,0,1,2024-11-23,146,0,12.4,13.0,0.4,0.6,8.0,10.466084656084657,0.6,0.19999999999999996
2024,Las Vegas Grand Prix,14,ALO,Aston Martin,16.0,16.0,11.0,1,0,0,0,2024-11-23,108,0,11.8,7.0,0.4,0.6,15.4,10.466084656084657,0.0,0.8
2024,Las Vegas Grand Prix,20,MAG,Haas F1 Team,12.0,12.0,12.0,1,0,0,0,2024-11-23,123,0,13.8,15.0,0.2,0.4,11.2,10.466084656084657,0.6,0.4
2024,Las Vegas Grand Prix,24,ZHO,Kick Sauber,13.0,13.0,13.0,1,0,0,0,2024-11-23,65,0,15.6,20.0,0.0,0.6,15.2,10.466084656084657,0.0,0.6
2024,Las Vegas Grand Prix,43,COL,Williams,20.0,20.0,14.0,1,0,0,0,2024-11-23,6,1,11.6,12.0,0.4,0.6,16.4,10.466084656084657,0.0,1.0
2024,Las Vegas Grand Prix,18,STR,Aston Martin,18.0,18.0,15.0,1,0,0,0,2024-11-23,146,0,15.6,17.0,0.0,1.0,14.6,10.466084656084657,0.0,0.6
2024,Las Vegas Grand Prix,30,LAW,RB,14.0,14.0,16.0,1,0,0,0,2024-11-23,3,1,11.333333333333334,10.431010928961749,0.6666666666666666,0.33333333333333337,12.2,10.466084656084657,0.6,0.4
2024,Las Vegas Grand Prix,31,OCO,Alpine,11.0,11.0,17.0,0,0,0,0,2024-11-23,127,0,12.2,15.0,0.2,0.8,9.2,10.466084656084657,0.6,0.6
2024,Las Vegas Grand Prix,77,BOT,Kick Sauber,19.0,19.0,18.0,0,0,0,0,2024-11-23,148,0,15.2,19.0,0.0,0.8,14.0,10.466084656084657,0.0,0.4
2024,Las Vegas Grand Prix,23,ALB,Williams,17.0,17.0,19.0,0,0,0,0,2024-11-23,104,0,16.0,11.0,0.2,0.8,16.0,10.466084656084657,0.0,0.8
2024,Las Vegas Grand Prix,10,GAS,Alpine,3.0,3.0,20.0,0,0,0,0,2024-11-23,148,0,10.8,18.0,0.4,0.4,9.0,10.466084656084657,0.6,0.6
2024,Qatar Grand Prix,1,VER,Red Bull Racing,2.0,2.0,1.0,1,1,1,1,2024-12-01,66,0,3.4,2.0,1.0,0.0,8.8,10.466084656084657,0.6,0.19999999999999996
2024,Qatar Grand Prix,16,LEC,Ferrari,5.0,5.0,2.0,1,1,1,1,2024-12-01,149,0,3.6,9.0,1.0,0.0,6.2,10.466084656084657,0.8,0.19999999999999996
2024,Qatar Grand Prix,81,PIA,McLaren,4.0,4.0,3.0,1,1,1,1,2024-12-01,42,0,6.2,5.0,1.0,0.0,7.0,10.466084656084657,1.0,0.0
2024,Qatar Grand Prix,63,RUS,Mercedes,1.0,1.0,4.0,1,0,1,1,2024-12-01,129,0,4.0,4.0,1.0,0.0,4.4,10.466084656084657,1.0,0.0
2024,Qatar Grand Prix,10,GAS,Alpine,11.0,11.0,5.0,1,0,1,1,2024-12-01,149,0,12.4,18.0,0.4,0.6,11.0,10.466084656084657,0.4,0.6
2024,Qatar Grand Prix,55,SAI,Ferrari,7.0,7.0,6.0,1,0,0,1,2024-12-01,148,0,5.8,10.0,0.8,0.19999999999999996,6.0,10.466084656084657,0.8,0.19999999999999996
2024,Qatar Grand Prix,14,ALO,Aston Martin,8.0,8.0,7.0,1,0,0,1,2024-12-01,109,0,12.8,7.0,0.2,0.6,15.4,10.466084656084657,0.0,0.4
2024,Qatar Grand Prix,24,ZHO,Kick Sauber,12.0,12.0,8.0,1,0,0,1,2024-12-01,66,0,15.4,20.0,0.0,0.6,14.8,10.466084656084657,0.0,0.4
2024,Qatar Grand Prix,20,MAG,Haas F1 Team,10.0,10.0,9.0,1,0,0,1,2024-12-01,124,0,13.4,14.0,0.2,0.4,12.2,10.466084656084657,0.4,0.4
2024,Qatar Grand Prix,4,NOR,McLaren,3.0,3.0,10.0,1,0,0,1,2024-12-01,129,0,3.8,1.0,1.0,0.0,6.0,10.466084656084657,1.0,0.0
2024,Qatar Grand Prix,77,BOT,Kick Sauber,13.0,13.0,11.0,1,0,0,0,2024-12-01,149,0,15.6,19.0,0.0,0.8,13.4,10.466084656084657,0.2,0.19999999999999996
2024,Qatar Grand Prix,44,HAM,Mercedes,6.0,6.0,12.0,1,0,0,0,2024-12-01,148,0,8.4,3.0,0.8,0.19999999999999996,4.2,10.466084656084657,1.0,0.0
2024,Qatar Grand Prix,22,TSU,RB,14.0,14.0,13.0,1,0,0,0,2024-12-01,89,0,12.4,8.0,0.4,0.6,12.2,10.466084656084657,0.6,0.19999999999999996
2024,Qatar Grand Prix,30,LAW,RB,17.0,17.0,14.0,1,0,0,0,2024-12-01,4,1,12.5,10.431010928961749,0.5,0.25,10.8,10.466084656084657,0.6,0.0
2024,Qatar Grand Prix,23,ALB,Williams,16.0,16.0,15.0,0,0,0,0,2024-12-01,105,0,18.4,11.0,0.0,1.0,17.4,10.466084656084657,0.0,0.8
2024,Qatar Grand Prix,27,HUL,Haas F1 Team,18.0,18.0,16.0,0,0,0,0,2024-12-01,88,0,10.8,6.0,0.8,0.6,12.2,10.466084656084657,0.4,0.19999999999999996
2024,Qatar Grand Prix,11,PER,Red Bull Racing,9.0,9.0,17.0,0,0,0,0,2024-12-01,147,0,11.0,13.0,0.6,0.4,5.6,10.466084656084657,0.8,0.0
2024,Qatar Grand Prix,18,STR,Aston Martin,15.0,15.0,18.0,0,0,0,0,2024-12-01,147,0,14.8,17.0,0.0,0.8,13.2,10.466084656084657,0.2,0.19999999999999996
2024,Qatar Grand Prix,43,COL,Williams,19.0,19.0,19.0,0,0,0,0,2024-12-01,7,1,12.8,12.0,0.2,0.6,16.6,10.466084656084657,0.0,0.8
2024,Qatar Grand Prix,31,OCO,Alpine,20.0,20.0,20.0,0,0,0,0,2024-12-01,128,0,12.6,15.0,0.2,0.8,9.4,10.466084656084657,0.6,0.4
2024,Abu Dhabi Grand Prix,4,NOR,McLaren,1.0,1.0,1.0,1,1,1,1,2024-12-08,130,0,5.6,10.431010928961749,1.0,0.0,6.8,10.466084656084657,1.0,0.0
2024,Abu Dhabi Grand Prix,55,SAI,Ferrari,3.0,3.0,2.0,1,1,1,1,2024-12-08,149,0,5.6,10.431010928961749,0.8,0.19999999999999996,6.2,10.466084656084657,0.8,0.19999999999999996
2024,Abu Dhabi Grand Prix,16,LEC,Ferrari,19.0,19.0,3.0,1,1,1,1,2024-12-08,150,0,3.0,10.431010928961749,1.0,0.0,3.4,10.466084656084657,1.0,0.0
2024,Abu Dhabi Grand Prix,44,HAM,Mercedes,16.0,16.0,4.0,1,0,1,1,2024-12-08,149,0,9.6,10.431010928961749,0.6,0.19999999999999996,5.8,10.466084656084657,0.8,0.0
2024,Abu Dhabi Grand Prix,63,RUS,Mercedes,6.0,6.0,5.0,1,0,1,1,2024-12-08,130,0,4.0,10.431010928961749,1.0,0.0,4.6,10.466084656084657,0.8,0.0
2024,Abu Dhabi Grand Prix,1,VER,Red Bull Racing,4.0,4.0,6.0,1,0,0,1,2024-12-08,67,0,3.2,10.431010928961749,1.0,0.0,8.8,10.466084656084657,0.6,0.19999999999999996
2024,Abu Dhabi Grand Prix,10,GAS,Alpine,5.0,5.0,7.0,1,0,0,1,2024-12-08,150,0,10.0,10.431010928961749,0.6,0.4,13.0,10.466084656084657,0.4,0.6
2024,Abu Dhabi Grand Prix,27,HUL,Haas F1 Team,7.0,7.0,8.0,1,0,0,1,2024-12-08,89,0,12.2,10.431010928961749,0.6,0.6,13.0,10.466084656084657,0.4,0.4
2024,Abu Dhabi Grand Prix,14,ALO,Aston Martin,8.0,8.0,9.0,1,0,0,1,2024-12-08,110,0,12.6,10.431010928961749,0.2,0.4,14.0,10.466084656084657,0.2,0.4
2024,Abu Dhabi Grand Prix,81,PIA,McLaren,2.0,2.0,10.0,1,0,0,1,2024-12-08,43,0,6.2,10.431010928961749,1.0,0.0,5.4,10.466084656084657,1.0,0.0
2024,Abu Dhabi Grand Prix,23,ALB,Williams,18.0,18.0,11.0,0,0,0,0,2024-12-08,106,0,17.4,10.431010928961749,0.0,1.0,17.0,10.466084656084657,0.0,0.8
2024,Abu Dhabi Grand Prix,22,TSU,RB,11.0,11.0,12.0,0,0,0,0,2024-12-08,90,0,12.6,10.431010928961749,0.4,0.4,12.2,10.466084656084657,0.4,0.0
2024,Abu Dhabi Grand Prix,24,ZHO,Kick Sauber,15.0,15.0,13.0,0,0,0,0,2024-12-08,67,0,14.0,10.431010928961749,0.2,0.4,13.0,10.466084656084657,0.2,0.19999999999999996
2024,Abu Dhabi Grand Prix,18,STR,Aston Martin,13.0,13.0,14.0,0,0,0,0,2024-12-08,148,0,15.6,10.431010928961749,0.0,0.8,12.0,10.466084656084657,0.4,0.19999999999999996
2024,Abu Dhabi Grand Prix,61,DOO,Alpine,17.0,17.0,15.0,0,0,0,0,2024-12-08,0,1,13.8,10.431010928961749,0.4,0.6,13.8,10.466084656084657,0.4,0.6
2024,Abu Dhabi Grand Prix,20,MAG,Haas F1 Team,14.0,14.0,16.0,0,0,0,0,2024-12-08,125,0,11.6,14.0,0.4,0.19999999999999996,10.6,10.466084656084657,0.6,0.19999999999999996
2024,Abu Dhabi Grand Prix,30,LAW,RB,12.0,12.0,17.0,0,0,0,0,2024-12-08,5,1,12.8,10.431010928961749,0.4,0.19999999999999996,12.8,10.466084656084657,0.2,0.19999999999999996
2024,Abu Dhabi Grand Prix,77,BOT,Kick Sauber,9.0,9.0,18.0,0,0,0,0,2024-12-08,150,0,14.6,10.431010928961749,0.0,0.6,12.6,10.466084656084657,0.2,0.4
2024,Abu Dhabi Grand Prix,43,COL,Williams,20.0,20.0,19.0,0,0,0,0,2024-12-08,8,1,14.4,10.431010928961749,0.2,0.6,15.6,10.466084656084657,0.0,0.8
2024,Abu Dhabi Grand Prix,11,PER,Red Bull Racing,10.0,10.0,20.0,0,0,0,0,2024-12-08,148,0,12.4,10.431010928961749,0.4,0.4,7.8,10.466084656084657,0.8,0.19999999999999996
2025,Pre-Season Testing,63,RUS,Mercedes,1.0,1.0,1.0,1,1,1,1,2025-02-28,131,0,3.8,10.431010928961749,1.0,0.0,5.4,10.466084656084657,0.8,0.0
2025,Pre-Season Testing,1,VER,Red Bull Racing,2.0,2.0,2.0,1,1,1,1,2025-02-28,68,0,3.8,10.431010928961749,1.0,0.0,10.8,10.466084656084657,0.6,0.4
2025,Pre-Season Testing,4,NOR,McLaren,5.0,5.0,3.0,1,1,1,1,2025-02-28,131,0,5.0,10.431010928961749,1.0,0.0,6.2,10.466084656084657,1.0,0.0
2025,Pre-Season Testing,81,PIA,McLaren,3.0,3.0,4.0,1,0,1,1,2025-02-28,44,0,7.2,5.0,1.0,0.0,5.4,5.0,1.0,0.0
2025,Pre-Season Testing,12,ANT,Mercedes,4.0,4.0,5.0,1,0,1,1,2025-02-28,0,1,5.2,1.0,0.8,0.0,5.2,1.0,0.8,0.0
2025,Pre-Season Testing,16,LEC,Ferrari,7.0,7.0,6.0,1,0,0,1,2025-02-28,151,0,3.4,10.431010928961749,1.0,0.0,3.4,10.466084656084657,1.0,0.0
2025,Pre-Season Testing,14,ALO,Aston Martin,10.0,10.0,7.0,1,0,0,1,2025-02-28,111,0,11.8,10.431010928961749,0.4,0.19999999999999996,12.6,10.466084656084657,0.4,0.4
2025,Pre-Season Testing,44,HAM,Ferrari,6.0,6.0,8.0,1,0,0,1,2025-02-28,150,0,6.4,7.0,0.8,0.0,3.8,7.0,1.0,0.0
2025,Pre-Season Testing,87,BEA,Haas F1 Team,9.0,9.0,9.0,1,0,0,1,2025-02-28,0,1,12.2,10.431010928961749,0.4,0.4,12.2,10.466084656084657,0.4,0.4
2025,Pre-Season Testing,55,SAI,Williams,18.0,20.0,10.0,0,0,0,1,2025-02-28,150,0,5.6,10.431010928961749,0.8,0.19999999999999996,16.6,10.466084656084657,0.0,1.0
2025,Pre-Season Testing,6,HAD,Racing Bulls,8.0,8.0,11.0,0,0,0,0,2025-02-28,66,0,15.8,19.2,0.2,0.4,10.46767559177338,10.466084656084657,0.5013969732246799,0.4282353511835468
2025,Pre-Season Testing,22,TSU,Red Bull Racing,13.0,13.0,12.0,0,0,0,0,2025-02-28,91,0,12.2,2.0,0.4,0.4,9.2,2.0,0.6,0.4
2025,Pre-Season Testing,18,STR,Aston Martin,15.0,15.0,13.0,0,0,0,0,2025-02-28,149,0,15.4,10.0,0.0,0.8,11.0,10.0,0.6,0.4
2025,Pre-Season Testing,23,ALB,Williams,20.0,19.0,14.0,0,0,0,0,2025-02-28,107,0,16.4,20.0,0.0,1.0,14.8,20.0,0.2,1.0
2025,Pre-Season Testing,30,LAW,Racing Bulls,12.0,12.0,15.0,0,0,0,0,2025-02-28,6,0,14.4,8.0,0.2,0.4,11.0,8.0,0.0,1.0
2025,Pre-Season Testing,43,COL,Alpine,16.0,16.0,16.0,0,0,0,0,2025-02-28,9,0,16.2,10.431010928961749,0.0,0.8,13.4,10.466084656084657,0.4,0.6
2025,Pre-Season Testing,5,BOR,Kick Sauber,14.0,14.0,17.0,0,0,0,0,2025-02-28,105,0,9.8,12.0,0.6,0.19999999999999996,13.6,10.466084656084657,0.2,0.6
2025,Pre-Season Testing,31,OCO,Haas F1 Team,17.0,17.0,18.0,0,0,0,0,2025-02-28,129,0,14.0,9.0,0.2,0.8,11.6,9.0,0.6,0.4
2025,Pre-Season Testing,10,GAS,Alpine,19.0,18.0,19.0,0,0,0,0,2025-02-28,151,0,9.0,16.0,0.8,0.4,12.6,16.0,0.4,0.6
2025,Pre-Season Testing,27,HUL,Kick Sauber,11.0,11.0,20.0,0,0,0,0,2025-02-28,90,0,12.2,14.0,0.6,0.6,13.4,14.0,0.2,0.6
2025,Australian Grand Prix,4,NOR,McLaren,1.0,1.0,1.0,1,1,1,1,2025-03-16,132,0,5.2,5.0,1.0,0.0,5.6,4.0,1.0,0.0
2025,Australian Grand Prix,1,VER,Red Bull Racing,3.0,3.0,2.0,1,1,1,1,2025-03-16,69,0,3.0,2.0,1.0,0.0,11.4,7.5,0.4,0.6
2025,Australian Grand Prix,63,RUS,Mercedes,4.0,4.0,3.0,1,1,1,1,2025-03-16,132,0,3.0,1.0,1.0,0.0,5.4,2.5,0.8,0.0
2025,Australian Grand Prix,12,ANT,Mercedes,16.0,16.0,4.0,1,0,1,1,2025-03-16,1,1,5.0,4.0,1.0,0.0,3.6,3.0,1.0,0.0
2025,Australian Grand Prix,23,ALB,Williams,6.0,6.0,5.0,1,0,1,1,2025-03-16,108,0,15.4,19.0,0.0,1.0,14.6,19.5,0.2,1.0
2025,Australian Grand Prix,18,STR,Aston Martin,13.0,13.0,6.0,1,0,0,1,2025-03-16,150,0,15.8,15.0,0.0,0.8,12.2,12.5,0.4,0.6
2025,Australian Grand Prix,27,HUL,Kick Sauber,17.0,17.0,7.0,1,0,0,1,2025-03-16,91,0,14.4,11.0,0.4,0.6,15.8,12.5,0.0,0.8
2025,Australian Grand Prix,16,LEC,Ferrari,7.0,7.0,8.0,1,0,0,1,2025-03-16,152,0,4.0,7.0,1.0,0.0,5.0,6.5,1.0,0.0
2025,Australian Grand Prix,81,PIA,McLaren,2.0,2.0,9.0,1,0,0,1,2025-03-16,45,0,6.4,3.0,1.0,0.0,3.8,3.0,1.0,0.0
2025,Australian Grand Prix,44,HAM,Ferrari,8.0,8.0,10.0,1,0,0,1,2025-03-16,151,0,7.2,6.0,0.8,0.0,5.4,6.666666666666667,1.0,0.0
2025,Australian Grand Prix,10,GAS,Alpine,9.0,9.0,11.0,1,0,0,0,2025-03-16,152,0,10.8,18.0,0.6,0.4,15.4,17.0,0.2,0.8
2025,Australian Grand Prix,22,TSU,Racing Bulls,5.0,5.0,12.0,1,0,0,0,2025-03-16,92,0,10.6,13.0,0.4,0.4,13.0,10.0,0.0,1.0
2025,Australian Grand Prix,31,OCO,Haas F1 Team,19.0,19.0,13.0,1,0,0,0,2025-03-16,130,0,14.0,17.0,0.2,0.8,13.4,13.0,0.4,0.6
2025,Australian Grand Prix,87,BEA,Haas F1 Team,20.0,20.0,14.0,1,0,0,0,2025-03-16,1,1,9.0,9.0,1.0,0.0,12.8,15.0,0.4,0.4
2025,Australian Grand Prix,30,LAW,Red Bull Racing,18.0,18.0,15.0,0,0,0,0,2025-03-16,7,0,14.2,12.0,0.2,0.4,8.4,6.0,0.6,0.4
2025,Australian Grand Prix,5,BOR,Kick Sauber,15.0,15.0,16.0,0,0,0,0,2025-03-16,106,0,12.0,13.0,0.4,0.4,15.0,14.0,0.2,0.8
2025,Australian Grand Prix,14,ALO,Aston Martin,12.0,12.0,17.0,0,0,0,0,2025-03-16,112,0,9.6,10.0,0.6,0.0,9.8,12.666666666666666,0.6,0.4
2025,Australian Grand Prix,55,SAI,Williams,10.0,10.0,18.0,0,0,0,0,2025-03-16,151,0,7.4,20.0,0.8,0.4,11.8,15.0,0.4,0.8
2025,Australian Grand Prix,7,DOO,Alpine,14.0,14.0,19.0,0,0,0,0,2025-03-16,81,0,13.6,14.4,0.2,1.0,13.6,14.333333333333334,0.2,0.6
2025,Australian Grand Prix,6,HAD,Racing Bulls,11.0,11.0,20.0,0,0,0,0,2025-03-16,67,0,16.2,16.8,0.0,0.6,12.666666666666666,8.333333333333334,0.0,0.6666666666666667
2025,Chinese Grand Prix,81,PIA,McLaren,1.0,1.0,1.0,1,1,1,1,2025-03-23,46,0,6.6,2.5,1.0,0.0,5.4,2.75,1.0,0.0
2025,Chinese Grand Prix,4,NOR,McLaren,3.0,3.0,2.0,1,1,1,1,2025-03-23,133,0,4.2,3.0,1.0,0.0,3.6,2.4,1.0,0.0
2025,Chinese Grand Prix,63,RUS,Mercedes,2.0,2.0,3.0,1,1,1,1,2025-03-23,133,0,2.8,2.5,1.0,0.0,3.6,6.25,1.0,0.0
2025,Chinese Grand Prix,1,VER,Red Bull Racing,4.0,4.0,4.0,1,0,1,1,2025-03-23,70,0,3.2,2.5,1.0,0.0,10.2,9.0,0.4,0.6
2025,Chinese Grand Prix,31,OCO,Haas F1 Team,11.0,11.0,5.0,1,0,1,1,2025-03-23,131,0,14.0,18.0,0.2,0.6,14.0,16.25,0.2,0.4
2025,Chinese Grand Prix,12,ANT,Mercedes,8.0,8.0,6.0,1,0,0,1,2025-03-23,2,1,4.5,10.0,1.0,0.0,3.2,5.4,1.0,0.0
2025,Chinese Grand Prix,23,ALB,Williams,10.0,10.0,7.0,1,0,0,1,2025-03-23,109,0,12.8,12.5,0.2,0.8,13.2,13.75,0.4,0.8
2025,Chinese Grand Prix,87,BEA,Haas F1 Team,17.0,17.0,8.0,1,0,0,1,2025-03-23,2,1,11.5,14.5,0.5,0.0,11.8,15.2,0.4,0.19999999999999996
2025,Chinese Grand Prix,18,STR,Aston Martin,14.0,14.0,9.0,1,0,0,1,2025-03-23,151,0,13.2,14.0,0.2,0.6,11.4,12.5,0.4,0.6
2025,Chinese Grand Prix,55,SAI,Williams,15.0,15.0,10.0,1,0,0,1,2025-03-23,152,0,7.8,15.0,0.8,0.4,10.8,13.0,0.6,0.6
2025,Chinese Grand Prix,6,HAD,Racing Bulls,7.0,7.0,11.0,1,0,0,0,2025-03-23,68,0,16.8,15.0,0.0,0.8,14.5,9.0,0.0,0.75
2025,Chinese Grand Prix,30,LAW,Red Bull Racing,20.0,20.0,12.0,1,0,0,0,2025-03-23,8,0,15.4,15.0,0.0,0.6,7.0,8.0,0.6,0.4
2025,Chinese Grand Prix,7,DOO,Alpine,18.0,18.0,13.0,1,0,0,0,2025-03-23,82,0,15.8,14.8,0.0,1.0,16.0,14.25,0.0,0.8
2025,Chinese Grand Prix,5,BOR,Kick Sauber,19.0,19.0,14.0,0,0,0,0,2025-03-23,107,0,13.6,13.6,0.2,0.6,15.6,14.25,0.2,0.8
2025,Chinese Grand Prix,27,HUL,Kick Sauber,12.0,12.0,15.0,0,0,0,0,2025-03-23,92,0,11.8,14.0,0.6,0.4,14.8,15.2,0.2,0.8
2025,Chinese Grand Prix,22,TSU,Racing Bulls,9.0,9.0,16.0,0,0,0,0,2025-03-23,93,0,11.6,9.0,0.2,0.4,13.8,8.6,0.0,0.6
2025,Chinese Grand Prix,14,ALO,Aston Martin,13.0,13.0,17.0,0,0,0,0,2025-03-23,113,0,10.2,11.0,0.6,0.19999999999999996,10.4,12.8,0.6,0.4
2025,Chinese Grand Prix,16,LEC,Ferrari,6.0,6.0,18.0,0,0,0,0,2025-03-23,153,0,4.6,7.0,1.0,0.0,7.0,7.0,1.0,0.0
2025,Chinese Grand Prix,44,HAM,Ferrari,5.0,5.0,19.0,0,0,0,0,2025-03-23,152,0,7.2,7.0,0.8,0.0,10.0,6.8,0.8,0.19999999999999996
2025,Chinese Grand Prix,10,GAS,Alpine,16.0,16.0,20.0,0,0,0,0,2025-03-23,153,0,12.4,13.5,0.4,0.4,15.6,15.0,0.0,0.6
2025,Japanese Grand Prix,1,VER,Red Bull Racing,1.0,1.0,1.0,1,1,1,1,2025-04-06,71,0,3.0,3.0,1.0,0.0,9.0,11.6,0.4,0.4
2025,Japanese Grand Prix,4,NOR,McLaren,2.0,2.0,2.0,1,1,1,1,2025-04-06,134,0,3.4,3.0,1.0,0.0,3.4,2.0,1.0,0.0
2025,Japanese Grand Prix,81,PIA,McLaren,3.0,3.0,3.0,1,1,1,1,2025-04-06,47,0,5.4,2.0,1.0,0.0,3.0,1.8,1.0,0.0
2025,Japanese Grand Prix,16,LEC,Ferrari,4.0,4.0,4.0,1,0,1,1,2025-04-06,154,0,7.4,6.666666666666667,0.8,0.19999999999999996,12.6,6.4,0.6,0.4
2025,Japanese Grand Prix,63,RUS,Mercedes,5.0,5.0,5.0,1,0,1,1,2025-04-06,134,0,3.2,2.3333333333333335,1.0,0.0,4.2,6.8,1.0,0.0
2025,Japanese Grand Prix,12,ANT,Mercedes,6.0,6.0,6.0,1,0,0,1,2025-04-06,3,1,5.0,9.333333333333334,1.0,0.0,4.2,7.0,1.0,0.0
2025,Japanese Grand Prix,44,HAM,Ferrari,8.0,8.0,7.0,1,0,0,1,2025-04-06,153,0,10.6,6.333333333333333,0.6,0.19999999999999996,11.8,6.0,0.6,0.4
2025,Japanese Grand Prix,6,HAD,Racing Bulls,7.0,7.0,8.0,1,0,0,1,2025-04-06,69,0,15.4,12.4,0.0,0.6,14.8,8.8,0.0,0.6
2025,Japanese Grand Prix,23,ALB,Williams,9.0,9.0,9.0,1,0,0,1,2025-04-06,110,0,10.4,11.666666666666666,0.4,0.6,10.8,12.0,0.6,0.4
2025,Japanese Grand Prix,87,BEA,Haas F1 Team,10.0,10.0,10.0,1,0,0,1,2025-04-06,3,1,10.333333333333334,15.333333333333334,0.6666666666666666,0.0,11.6,16.8,0.4,0.19999999999999996
2025,Japanese Grand Prix,14,ALO,Aston Martin,12.0,13.0,11.0,1,0,0,0,2025-04-06,114,0,11.4,11.666666666666666,0.6,0.4,12.4,13.4,0.4,0.6
2025,Japanese Grand Prix,22,TSU,Red Bull Racing,14.0,15.0,12.0,1,0,0,0,2025-04-06,94,0,13.0,9.0,0.0,0.6,6.8,9.2,0.6,0.19999999999999996
2025,Japanese Grand Prix,10,GAS,Alpine,11.0,11.0,13.0,1,0,0,0,2025-04-06,154,0,12.4,14.333333333333334,0.4,0.4,16.4,15.0,0.0,0.6
2025,Japanese Grand Prix,55,SAI,Williams,15.0,12.0,14.0,1,0,0,0,2025-04-06,153,0,9.2,15.0,0.8,0.4,9.8,10.0,0.8,0.19999999999999996
2025,Japanese Grand Prix,7,DOO,Alpine,19.0,19.0,15.0,1,0,0,0,2025-04-06,83,0,16.0,15.6,0.0,0.8,15.2,13.6,0.0,0.4
2025,Japanese Grand Prix,27,HUL,Kick Sauber,16.0,16.0,16.0,1,0,0,0,2025-04-06,93,0,13.2,13.333333333333334,0.4,0.6,14.4,14.8,0.2,0.8
2025,Japanese Grand Prix,30,LAW,Racing Bulls,13.0,14.0,17.0,1,0,0,0,2025-04-06,9,0,14.6,16.666666666666668,0.0,0.6,13.4,7.8,0.2,0.4
2025,Japanese Grand Prix,31,OCO,Haas F1 Team,18.0,18.0,18.0,1,0,0,0,2025-04-06,132,0,14.6,15.666666666666666,0.2,0.6,10.0,15.4,0.6,0.0
2025,Japanese Grand Prix,5,BOR,Kick Sauber,17.0,17.0,19.0,1,0,0,0,2025-04-06,108,0,13.6,14.0,0.2,0.6,13.6,15.8,0.2,0.6
2025,Japanese Grand Prix,18,STR,Aston Martin,20.0,20.0,20.0,0,0,0,0,2025-04-06,152,0,12.0,14.0,0.4,0.6,12.0,13.0,0.4,0.4
2025,Bahrain Grand Prix,81,PIA,McLaren,1.0,1.0,1.0,1,1,1,1,2025-04-13,48,0,5.4,2.25,1.0,0.0,3.4,2.2,1.0,0.0
2025,Bahrain Grand Prix,63,RUS,Mercedes,3.0,2.0,2.0,1,1,1,1,2025-04-13,135,0,3.4,3.0,1.0,0.0,4.8,7.4,1.0,0.0
2025,Bahrain Grand Prix,4,NOR,McLaren,6.0,6.0,3.0,1,1,1,1,2025-04-13,135,0,1.8,2.75,1.0,0.0,1.8,2.0,1.0,0.0
2025,Bahrain Grand Prix,16,LEC,Ferrari,2.0,3.0,4.0,1,0,1,1,2025-04-13,155,0,7.8,6.0,0.8,0.19999999999999996,11.6,6.2,0.6,0.4
2025,Bahrain Grand Prix,44,HAM,Ferrari,9.0,9.0,5.0,1,0,1,1,2025-04-13,154,0,9.6,6.75,0.8,0.19999999999999996,10.4,5.2,0.6,0.4
2025,Bahrain Grand Prix,1,VER,Red Bull Racing,7.0,7.0,6.0,1,0,0,1,2025-04-13,72,0,3.0,2.5,1.0,0.0,8.8,11.6,0.4,0.19999999999999996
2025,Bahrain Grand Prix,10,GAS,Alpine,4.0,5.0,7.0,1,0,0,1,2025-04-13,155,0,14.0,13.5,0.2,0.4,16.0,15.6,0.0,0.4
2025,Bahrain Grand Prix,31,OCO,Haas F1 Team,14.0,14.0,8.0,1,0,0,1,2025-04-13,133,0,14.8,16.25,0.2,0.4,11.0,15.2,0.6,0.0
2025,Bahrain Grand Prix,22,TSU,Red Bull Racing,10.0,10.0,9.0,1,0,0,1,2025-04-13,95,0,12.8,10.5,0.0,0.6,7.0,9.4,0.6,0.0
2025,Bahrain Grand Prix,87,BEA,Haas F1 Team,20.0,20.0,10.0,1,0,0,1,2025-04-13,4,1,10.25,14.0,0.75,0.0,9.8,14.0,0.8,0.0
2025,Bahrain Grand Prix,12,ANT,Mercedes,5.0,4.0,11.0,1,0,0,0,2025-04-13,4,1,5.25,8.5,1.0,0.0,4.4,4.6,1.0,0.0
2025,Bahrain Grand Prix,23,ALB,Williams,15.0,15.0,12.0,1,0,0,0,2025-04-13,111,0,9.2,11.0,0.6,0.4,11.6,11.2,0.6,0.19999999999999996
2025,Bahrain Grand Prix,6,HAD,Racing Bulls,12.0,12.0,13.0,1,0,0,0,2025-04-13,70,0,13.8,10.6,0.2,0.6,14.4,9.6,0.2,0.4
2025,Bahrain Grand Prix,7,DOO,Alpine,11.0,11.0,14.0,1,0,0,0,2025-04-13,84,0,16.2,16.2,0.0,0.6,13.6,13.8,0.2,0.19999999999999996
2025,Bahrain Grand Prix,14,ALO,Aston Martin,13.0,13.0,15.0,1,0,0,0,2025-04-13,115,0,12.2,12.0,0.4,0.4,14.8,14.4,0.2,0.6
2025,Bahrain Grand Prix,30,LAW,Racing Bulls,17.0,17.0,16.0,1,0,0,0,2025-04-13,10,0,15.2,16.0,0.0,0.6,13.0,9.8,0.2,0.19999999999999996
2025,Bahrain Grand Prix,18,STR,Aston Martin,19.0,19.0,17.0,1,0,0,0,2025-04-13,153,0,12.4,15.5,0.4,0.6,14.4,14.6,0.2,0.4
2025,Bahrain Grand Prix,5,BOR,Kick Sauber,18.0,18.0,18.0,1,0,0,0,2025-04-13,109,0,15.2,14.8,0.2,0.6,16.0,15.8,0.0,0.6
2025,Bahrain Grand Prix,55,SAI,Williams,8.0,8.0,19.0,0,0,0,0,2025-04-13,154,0,10.8,14.25,0.6,0.4,10.4,12.2,0.6,0.0
2025,Bahrain Grand Prix,27,HUL,Kick Sauber,16.0,16.0,20.0,0,0,0,0,2025-04-13,94,0,13.2,14.0,0.4,0.4,16.4,16.4,0.0,0.4
2025,Saudi Arabian Grand Prix,81,PIA,McLaren,2.0,2.0,1.0,1,1,1,1,2025-04-20,49,0,3.6,2.0,1.0,0.0,2.2,3.0,1.0,0.0
2025,Saudi Arabian Grand Prix,1,VER,Red Bull Racing,1.0,1.0,2.0,1,1,1,1,2025-04-20,73,0,3.0,3.4,1.0,0.0,8.0,10.6,0.6,0.0
2025,Saudi Arabian Grand Prix,16,LEC,Ferrari,4.0,4.0,3.0,1,1,1,1,2025-04-20,156,0,8.0,5.4,0.8,0.19999999999999996,7.8,5.8,0.8,0.19999999999999996
2025,Saudi Arabian Grand Prix,4,NOR,McLaren,10.0,10.0,4.0,1,0,1,1,2025-04-20,136,0,2.2,3.4,1.0,0.0,2.0,2.8,1.0,0.0
2025,Saudi Arabian Grand Prix,63,RUS,Mercedes,3.0,3.0,5.0,1,0,1,1,2025-04-20,136,0,2.8,2.8,1.0,0.0,6.0,5.0,0.8,0.0
2025,Saudi Arabian Grand Prix,12,ANT,Mercedes,5.0,5.0,6.0,1,0,0,1,2025-04-20,5,1,6.4,7.6,0.8,0.0,5.8,4.0,0.8,0.0
2025,Saudi Arabian Grand Prix,44,HAM,Ferrari,7.0,7.0,7.0,1,0,0,1,2025-04-20,155,0,9.8,7.2,0.8,0.19999999999999996,4.6,5.6,1.0,0.0
2025,Saudi Arabian Grand Prix,55,SAI,Williams,6.0,6.0,8.0,1,0,0,1,2025-04-20,155,0,14.2,13.0,0.4,0.6,12.8,11.8,0.4,0.19999999999999996
2025,Saudi Arabian Grand Prix,23,ALB,Williams,11.0,11.0,9.0,1,0,0,1,2025-04-20,112,0,9.4,11.8,0.6,0.19999999999999996,12.4,10.0,0.4,0.19999999999999996
2025,Saudi Arabian Grand Prix,6,HAD,Racing Bulls,14.0,14.0,10.0,1,0,0,1,2025-04-20,71,0,12.6,9.0,0.2,0.4,14.0,11.8,0.2,0.19999999999999996
2025,Saudi Arabian Grand Prix,14,ALO,Aston Martin,13.0,13.0,11.0,1,0,0,0,2025-04-20,116,0,13.4,12.2,0.2,0.4,16.0,15.6,0.0,0.4
2025,Saudi Arabian Grand Prix,30,LAW,Racing Bulls,12.0,12.0,12.0,1,0,0,0,2025-04-20,11,0,15.0,16.2,0.0,0.4,12.8,12.8,0.4,0.0
2025,Saudi Arabian Grand Prix,87,BEA,Haas F1 Team,15.0,15.0,13.0,1,0,0,0,2025-04-20,5,1,10.2,15.2,0.8,0.0,10.8,15.8,0.8,0.0
2025,Saudi Arabian Grand Prix,31,OCO,Haas F1 Team,19.0,19.0,14.0,1,0,0,0,2025-04-20,134,0,12.4,15.8,0.4,0.19999999999999996,11.8,15.4,0.6,0.0
2025,Saudi Arabian Grand Prix,27,HUL,Kick Sauber,18.0,18.0,15.0,0,0,0,0,2025-04-20,95,0,15.6,14.4,0.2,0.6,17.6,15.8,0.0,0.4
2025,Saudi Arabian Grand Prix,18,STR,Aston Martin,16.0,16.0,16.0,0,0,0,0,2025-04-20,154,0,13.0,16.2,0.4,0.4,14.8,15.6,0.0,0.19999999999999996
2025,Saudi Arabian Grand Prix,7,DOO,Alpine,17.0,17.0,17.0,0,0,0,0,2025-04-20,85,0,16.0,16.0,0.0,0.4,13.8,12.4,0.2,0.19999999999999996
2025,Saudi Arabian Grand Prix,5,BOR,Kick Sauber,20.0,20.0,18.0,0,0,0,0,2025-04-20,110,0,16.8,16.6,0.0,0.6,17.6,17.0,0.0,0.4
2025,Saudi Arabian Grand Prix,22,TSU,Red Bull Racing,8.0,8.0,19.0,0,0,0,0,2025-04-20,96,0,12.2,10.4,0.2,0.4,6.0,6.8,0.8,0.0
2025,Saudi Arabian Grand Prix,10,GAS,Alpine,9.0,9.0,20.0,0,0,0,0,2025-04-20,156,0,14.0,11.8,0.2,0.4,13.2,12.6,0.2,0.19999999999999996
2025,Miami Grand Prix,81,PIA,McLaren,4.0,4.0,1.0,1,1,1,1,2025-05-04,50,0,3.0,1.8,1.0,0.0,2.4,4.4,1.0,0.0
2025,Miami Grand Prix,4,NOR,McLaren,2.0,2.0,2.0,1,1,1,1,2025-05-04,137,0,2.4,4.4,1.0,0.0,2.0,4.6,1.0,0.0
2025,Miami Grand Prix,63,RUS,Mercedes,5.0,5.0,3.0,1,1,1,1,2025-05-04,137,0,3.6,3.2,1.0,0.0,6.0,4.0,0.8,0.0
2025,Miami Grand Prix,1,VER,Red Bull Racing,1.0,1.0,4.0,1,0,1,1,2025-05-04,74,0,3.0,3.2,1.0,0.0,9.6,8.2,0.6,0.19999999999999996
2025,Miami Grand Prix,23,ALB,Williams,7.0,7.0,5.0,1,0,1,1,2025-05-04,113,0,8.4,10.2,0.8,0.0,12.4,10.4,0.4,0.19999999999999996
2025,Miami Grand Prix,12,ANT,Mercedes,3.0,3.0,6.0,1,0,0,1,2025-05-04,6,1,6.6,7.8,0.8,0.0,5.4,3.8,0.8,0.0
2025,Miami Grand Prix,16,LEC,Ferrari,8.0,8.0,7.0,1,0,0,1,2025-05-04,157,0,7.4,4.8,0.8,0.19999999999999996,5.2,6.2,1.0,0.0
2025,Miami Grand Prix,44,HAM,Ferrari,12.0,12.0,8.0,1,0,0,1,2025-05-04,156,0,9.6,7.4,0.8,0.19999999999999996,5.2,6.2,1.0,0.0
2025,Miami Grand Prix,55,SAI,Williams,6.0,6.0,9.0,1,0,0,1,2025-05-04,156,0,13.8,10.2,0.4,0.4,10.6,9.4,0.6,0.19999999999999996
2025,Miami Grand Prix,22,TSU,Red Bull Racing,10.0,10.0,10.0,1,0,0,1,2025-05-04,97,0,13.6,9.4,0.2,0.4,8.0,5.4,0.8,0.19999999999999996
2025,Miami Grand Prix,6,HAD,Racing Bulls,11.0,11.0,11.0,1,0,0,0,2025-05-04,72,0,12.4,10.2,0.4,0.19999999999999996,13.6,13.8,0.2,0.0
2025,Miami Grand Prix,31,OCO,Haas F1 Team,9.0,9.0,12.0,1,0,0,0,2025-05-04,135,0,11.6,16.2,0.4,0.0,12.6,17.2,0.4,0.0
2025,Miami Grand Prix,10,GAS,Alpine,20.0,18.0,13.0,1,0,0,0,2025-05-04,157,0,14.2,10.0,0.2,0.4,14.6,12.2,0.2,0.4
2025,Miami Grand Prix,27,HUL,Kick Sauber,16.0,16.0,14.0,0,0,0,0,2025-05-04,96,0,14.6,15.8,0.2,0.6,18.0,17.8,0.0,0.6
2025,Miami Grand Prix,14,ALO,Aston Martin,17.0,17.0,15.0,0,0,0,0,2025-05-04,117,0,14.2,12.8,0.0,0.4,15.8,16.2,0.0,0.4
2025,Miami Grand Prix,18,STR,Aston Martin,18.0,19.0,16.0,0,0,0,0,2025-05-04,155,0,13.6,16.4,0.4,0.4,14.8,15.6,0.0,0.4
2025,Miami Grand Prix,30,LAW,Racing Bulls,15.0,15.0,17.0,0,0,0,0,2025-05-04,12,0,14.4,16.2,0.0,0.19999999999999996,12.4,13.2,0.2,0.0
2025,Miami Grand Prix,5,BOR,Kick Sauber,13.0,13.0,18.0,0,0,0,0,2025-05-04,111,0,17.0,17.8,0.0,0.6,17.0,17.6,0.0,0.8
2025,Miami Grand Prix,87,BEA,Haas F1 Team,19.0,20.0,19.0,0,0,0,0,2025-05-04,6,1,11.0,16.4,0.6,0.0,11.4,15.4,0.4,0.0
2025,Miami Grand Prix,7,DOO,Alpine,14.0,14.0,20.0,0,0,0,0,2025-05-04,86,0,15.6,15.8,0.0,0.4,14.2,12.0,0.2,0.4
2025,Emilia Romagna Grand Prix,1,VER,Red Bull Racing,2.0,2.0,1.0,1,1,1,1,2025-05-18,75,0,3.4,2.8,1.0,0.0,8.8,6.0,0.8,0.19999999999999996
2025,Emilia Romagna Grand Prix,4,NOR,McLaren,4.0,4.0,2.0,1,1,1,1,2025-05-18,138,0,2.6,4.6,1.0,0.0,2.2,4.8,1.0,0.0
2025,Emilia Romagna Grand Prix,81,PIA,McLaren,1.0,1.0,3.0,1,1,1,1,2025-05-18,51,0,1.4,2.2,1.0,0.0,2.0,4.4,1.0,0.0
2025,Emilia Romagna Grand Prix,44,HAM,Ferrari,12.0,12.0,4.0,1,0,1,1,2025-05-18,157,0,9.2,8.2,0.8,0.19999999999999996,6.0,8.0,1.0,0.0
2025,Emilia Romagna Grand Prix,23,ALB,Williams,7.0,7.0,5.0,1,0,1,1,2025-05-18,114,0,8.4,10.4,0.8,0.0,10.0,7.6,0.8,0.19999999999999996
2025,Emilia Romagna Grand Prix,16,LEC,Ferrari,11.0,11.0,6.0,1,0,0,1,2025-05-18,158,0,7.2,5.0,0.8,0.19999999999999996,5.8,8.6,1.0,0.0
2025,Emilia Romagna Grand Prix,63,RUS,Mercedes,3.0,3.0,7.0,1,0,0,1,2025-05-18,138,0,3.6,3.4,1.0,0.0,6.2,4.0,0.8,0.0
2025,Emilia Romagna Grand Prix,55,SAI,Williams,6.0,6.0,8.0,1,0,0,1,2025-05-18,157,0,12.0,9.4,0.6,0.19999999999999996,7.2,7.4,1.0,0.0
2025,Emilia Romagna Grand Prix,6,HAD,Racing Bulls,9.0,9.0,9.0,1,0,0,1,2025-05-18,73,0,10.6,10.2,0.4,0.0,13.2,13.8,0.2,0.19999999999999996
2025,Emilia Romagna Grand Prix,22,TSU,Red Bull Racing,20.0,20.0,10.0,1,0,0,1,2025-05-18,98,0,13.2,10.4,0.4,0.4,7.2,4.4,0.8,0.19999999999999996
2025,Emilia Romagna Grand Prix,14,ALO,Aston Martin,5.0,5.0,11.0,1,0,0,0,2025-05-18,118,0,13.8,13.8,0.0,0.4,15.0,16.8,0.0,0.6
2025,Emilia Romagna Grand Prix,27,HUL,Kick Sauber,17.0,17.0,12.0,1,0,0,0,2025-05-18,97,0,16.0,15.6,0.0,0.8,17.0,16.6,0.0,1.0
2025,Emilia Romagna Grand Prix,10,GAS,Alpine,10.0,10.0,13.0,1,0,0,0,2025-05-18,158,0,14.6,11.8,0.2,0.4,16.8,13.8,0.0,0.6
2025,Emilia Romagna Grand Prix,30,LAW,Racing Bulls,15.0,16.0,14.0,1,0,0,0,2025-05-18,13,0,14.8,15.6,0.0,0.19999999999999996,11.8,12.2,0.4,0.19999999999999996
2025,Emilia Romagna Grand Prix,18,STR,Aston Martin,8.0,8.0,15.0,1,0,0,0,2025-05-18,156,0,15.6,17.6,0.2,0.6,13.8,14.0,0.0,0.6
2025,Emilia Romagna Grand Prix,43,COL,Alpine,16.0,15.0,16.0,1,0,0,0,2025-05-18,10,0,17.0,16.0,0.0,0.8,16.6,13.6,0.0,0.6
2025,Emilia Romagna Grand Prix,87,BEA,Haas F1 Team,19.0,19.0,17.0,1,0,0,0,2025-05-18,7,1,12.0,16.4,0.6,0.19999999999999996,13.6,16.6,0.2,0.19999999999999996
2025,Emilia Romagna Grand Prix,5,BOR,Kick Sauber,14.0,14.0,18.0,1,0,0,0,2025-05-18,112,0,17.4,17.4,0.0,0.6,15.4,16.8,0.0,0.8
2025,Emilia Romagna Grand Prix,12,ANT,Mercedes,13.0,13.0,19.0,0,0,0,0,2025-05-18,7,1,7.0,5.2,0.8,0.0,5.4,3.8,1.0,0.0
2025,Emilia Romagna Grand Prix,31,OCO,Haas F1 Team,18.0,18.0,20.0,0,0,0,0,2025-05-18,136,0,11.4,14.2,0.4,0.0,15.0,16.4,0.0,0.19999999999999996
2025,Monaco Grand Prix,4,NOR,McLaren,1.0,1.0,1.0,1,1,1,1,2025-05-25,139,0,2.6,4.8,1.0,0.0,2.4,4.2,1.0,0.0
2025,Monaco Grand Prix,16,LEC,Ferrari,2.0,2.0,2.0,1,1,1,1,2025-05-25,159,0,4.8,6.0,1.0,0.0,6.4,10.0,1.0,0.0
2025,Monaco Grand Prix,81,PIA,McLaren,3.0,3.0,3.0,1,1,1,1,2025-05-25,52,0,1.8,2.2,1.0,0.0,1.8,2.4,1.0,0.0
2025,Monaco Grand Prix,1,VER,Red Bull Racing,4.0,5.0,4.0,1,0,1,1,2025-05-25,76,0,2.8,2.4,1.0,0.0,8.8,8.2,0.8,0.19999999999999996
2025,Monaco Grand Prix,44,HAM,Ferrari,7.0,4.0,5.0,1,0,1,1,2025-05-25,158,0,6.2,9.6,1.0,0.0,5.4,9.0,1.0,0.0
2025,Monaco Grand Prix,6,HAD,Racing Bulls,5.0,6.0,6.0,0,0,0,1,2025-05-25,74,0,10.2,10.6,0.6,0.0,12.6,12.6,0.2,0.19999999999999996
2025,Monaco Grand Prix,31,OCO,Haas F1 Team,8.0,8.0,7.0,0,0,0,1,2025-05-25,137,0,14.4,15.6,0.2,0.19999999999999996,16.4,17.0,0.0,0.4
2025,Monaco Grand Prix,30,LAW,Racing Bulls,9.0,9.0,8.0,0,0,0,1,2025-05-25,14,0,15.2,14.8,0.0,0.19999999999999996,11.4,11.4,0.4,0.4
2025,Monaco Grand Prix,23,ALB,Williams,10.0,10.0,9.0,0,0,0,1,2025-05-25,115,0,8.0,9.8,0.8,0.0,7.2,7.4,1.0,0.0
2025,Monaco Grand Prix,55,SAI,Williams,11.0,11.0,10.0,0,0,0,1,2025-05-25,158,0,11.6,7.6,0.6,0.19999999999999996,7.2,7.2,1.0,0.19999999999999996
2025,Monaco Grand Prix,63,RUS,Mercedes,14.0,14.0,11.0,0,0,0,0,2025-05-25,139,0,4.4,3.6,1.0,0.0,8.2,5.8,0.8,0.19999999999999996
2025,Monaco Grand Prix,87,BEA,Haas F1 Team,20.0,17.0,12.0,0,0,0,0,2025-05-25,8,1,13.8,16.8,0.4,0.19999999999999996,15.0,14.8,0.2,0.6
2025,Monaco Grand Prix,43,COL,Alpine,18.0,20.0,13.0,0,0,0,0,2025-05-25,11,0,16.8,15.5,0.0,0.6,16.4,13.2,0.0,0.4
2025,Monaco Grand Prix,5,BOR,Kick Sauber,16.0,16.0,14.0,0,0,0,0,2025-05-25,113,0,18.2,16.4,0.0,0.4,16.0,16.0,0.0,0.6
2025,Monaco Grand Prix,18,STR,Aston Martin,19.0,19.0,15.0,0,0,0,0,2025-05-25,157,0,16.8,16.4,0.0,0.6,14.6,13.0,0.0,0.6
2025,Monaco Grand Prix,27,HUL,Kick Sauber,13.0,13.0,16.0,0,0,0,0,2025-05-25,98,0,15.4,16.6,0.0,0.6,15.2,15.2,0.0,0.6
2025,Monaco Grand Prix,22,TSU,Red Bull Racing,12.0,12.0,17.0,0,0,0,0,2025-05-25,99,0,12.0,12.6,0.6,0.19999999999999996,5.8,7.6,1.0,0.0
2025,Monaco Grand Prix,12,ANT,Mercedes,15.0,15.0,18.0,0,0,0,0,2025-05-25,8,1,9.6,6.2,0.6,0.19999999999999996,9.2,7.6,0.6,0.4
2025,Monaco Grand Prix,14,ALO,Aston Martin,6.0,7.0,19.0,0,0,0,0,2025-05-25,119,0,12.6,12.2,0.0,0.19999999999999996,14.4,13.6,0.0,0.6
2025,Monaco Grand Prix,10,GAS,Alpine,17.0,18.0,20.0,0,0,0,0,2025-05-25,159,0,13.2,10.6,0.2,0.19999999999999996,15.0,15.4,0.0,0.4
2025,Spanish Grand Prix,81,PIA,McLaren,1.0,1.0,1.0,1,1,1,1,2025-06-01,53,0,1.8,2.2,1.0,0.0,2.2,2.2,1.0,0.0
2025,Spanish Grand Prix,4,NOR,McLaren,2.0,2.0,2.0,1,1,1,1,2025-06-01,140,0,2.4,4.6,1.0,0.0,2.0,2.0,1.0,0.0
2025,Spanish Grand Prix,16,LEC,Ferrari,7.0,7.0,3.0,1,1,1,1,2025-06-01,160,0,4.4,5.6,1.0,0.0,5.0,8.2,1.0,0.0
2025,Spanish Grand Prix,63,RUS,Mercedes,4.0,4.0,4.0,1,0,1,1,2025-06-01,140,0,5.6,5.4,0.8,0.19999999999999996,12.2,9.6,0.4,0.6
2025,Spanish Grand Prix,27,HUL,Kick Sauber,15.0,16.0,5.0,1,0,1,1,2025-06-01,99,0,15.4,16.0,0.0,0.8,15.6,14.6,0.0,0.6
2025,Spanish Grand Prix,44,HAM,Ferrari,5.0,5.0,6.0,1,0,0,1,2025-06-01,159,0,5.8,8.8,1.0,0.0,4.0,7.2,1.0,0.0
2025,Spanish Grand Prix,6,HAD,Racing Bulls,9.0,9.0,7.0,1,0,0,1,2025-06-01,75,0,9.8,10.4,0.6,0.19999999999999996,10.8,11.0,0.6,0.6
2025,Spanish Grand Prix,10,GAS,Alpine,8.0,8.0,8.0,1,0,0,1,2025-06-01,160,0,14.6,12.0,0.2,0.4,16.4,15.4,0.0,0.6
2025,Spanish Grand Prix,14,ALO,Aston Martin,10.0,10.0,9.0,1,0,0,1,2025-06-01,120,0,14.2,11.0,0.0,0.4,15.2,11.6,0.0,0.6
2025,Spanish Grand Prix,1,VER,Red Bull Racing,3.0,3.0,10.0,1,0,0,1,2025-06-01,77,0,3.4,3.2,1.0,0.0,8.4,9.8,0.8,0.19999999999999996
2025,Spanish Grand Prix,30,LAW,Racing Bulls,13.0,13.0,11.0,1,0,0,0,2025-06-01,15,0,13.4,13.8,0.2,0.4,8.8,9.8,0.8,0.4
2025,Spanish Grand Prix,5,BOR,Kick Sauber,12.0,12.0,12.0,1,0,0,0,2025-06-01,114,0,17.2,16.2,0.0,0.6,13.0,15.2,0.2,0.4
2025,Spanish Grand Prix,22,TSU,Red Bull Racing,19.0,20.0,13.0,1,0,0,0,2025-06-01,100,0,13.0,12.0,0.6,0.4,8.4,8.4,0.8,0.19999999999999996
2025,Spanish Grand Prix,55,SAI,Williams,17.0,18.0,14.0,1,0,0,0,2025-06-01,159,0,10.8,7.4,0.8,0.4,8.2,8.0,1.0,0.4
2025,Spanish Grand Prix,43,COL,Alpine,18.0,19.0,15.0,1,0,0,0,2025-06-01,12,0,16.6,17.0,0.0,0.8,14.0,14.2,0.2,0.4
2025,Spanish Grand Prix,31,OCO,Haas F1 Team,16.0,17.0,16.0,1,0,0,0,2025-06-01,138,0,12.2,13.6,0.4,0.4,15.0,16.4,0.2,0.8
2025,Spanish Grand Prix,87,BEA,Haas F1 Team,14.0,15.0,17.0,1,0,0,0,2025-06-01,9,1,14.2,18.2,0.2,0.4,14.4,15.8,0.2,0.6
2025,Spanish Grand Prix,12,ANT,Mercedes,6.0,6.0,18.0,0,0,0,0,2025-06-01,9,1,12.0,8.0,0.4,0.4,11.8,9.8,0.4,0.6
2025,Spanish Grand Prix,23,ALB,Williams,11.0,11.0,19.0,0,0,0,0,2025-06-01,116,0,8.0,10.0,0.8,0.19999999999999996,9.2,10.4,0.8,0.4
2025,Canadian Grand Prix,63,RUS,Mercedes,1.0,1.0,1.0,1,1,1,1,2025-06-15,141,0,6.0,5.8,0.8,0.19999999999999996,14.0,10.4,0.2,0.8
2025,Canadian Grand Prix,1,VER,Red Bull Racing,2.0,2.0,2.0,1,1,1,1,2025-06-15,78,0,4.2,2.4,1.0,0.0,10.8,12.0,0.6,0.19999999999999996
2025,Canadian Grand Prix,12,ANT,Mercedes,4.0,4.0,3.0,1,1,1,1,2025-06-15,10,1,13.4,8.4,0.4,0.6,10.4,8.0,0.4,0.6
2025,Canadian Grand Prix,81,PIA,McLaren,3.0,3.0,4.0,1,0,1,1,2025-06-15,54,0,1.8,2.2,1.0,0.0,2.0,1.6,1.0,0.0
2025,Canadian Grand Prix,16,LEC,Ferrari,8.0,8.0,5.0,1,0,1,1,2025-06-15,161,0,4.2,6.4,1.0,0.0,4.4,5.8,1.0,0.0
2025,Canadian Grand Prix,44,HAM,Ferrari,5.0,5.0,6.0,1,0,0,1,2025-06-15,160,0,6.0,8.0,1.0,0.0,4.2,5.2,1.0,0.0
2025,Canadian Grand Prix,14,ALO,Aston Martin,6.0,6.0,7.0,1,0,0,1,2025-06-15,121,0,13.0,10.4,0.2,0.4,13.8,9.8,0.2,0.4
2025,Canadian Grand Prix,27,HUL,Kick Sauber,11.0,13.0,8.0,1,0,0,1,2025-06-15,100,0,12.4,16.0,0.2,0.6,13.0,14.2,0.2,0.4
2025,Canadian Grand Prix,31,OCO,Haas F1 Team,14.0,15.0,9.0,0,0,0,1,2025-06-15,139,0,13.8,14.2,0.2,0.4,14.4,15.0,0.2,0.6
2025,Canadian Grand Prix,55,SAI,Williams,16.0,17.0,10.0,0,0,0,1,2025-06-15,160,0,9.8,9.4,0.8,0.19999999999999996,12.0,11.2,0.6,0.6
2025,Canadian Grand Prix,87,BEA,Haas F1 Team,13.0,14.0,11.0,0,0,0,0,2025-06-15,10,1,15.6,17.2,0.0,0.4,12.2,14.4,0.4,0.6
2025,Canadian Grand Prix,22,TSU,Red Bull Racing,18.0,11.0,12.0,0,0,0,0,2025-06-15,101,0,13.8,14.0,0.4,0.4,9.2,8.4,0.6,0.19999999999999996
2025,Canadian Grand Prix,43,COL,Alpine,10.0,12.0,13.0,0,0,0,0,2025-06-15,13,0,15.8,17.5,0.0,0.6,14.4,16.0,0.2,0.4
2025,Canadian Grand Prix,5,BOR,Kick Sauber,15.0,16.0,14.0,0,0,0,0,2025-06-15,115,0,16.0,15.0,0.0,0.6,11.0,14.0,0.4,0.4
2025,Canadian Grand Prix,10,GAS,Alpine,20.0,20.0,15.0,0,0,0,0,2025-06-15,161,0,14.8,12.6,0.2,0.4,13.8,15.4,0.2,0.6
2025,Canadian Grand Prix,6,HAD,Racing Bulls,12.0,9.0,16.0,0,0,0,0,2025-06-15,76,0,8.6,9.8,0.8,0.19999999999999996,9.2,10.6,0.6,0.4
2025,Canadian Grand Prix,18,STR,Aston Martin,17.0,18.0,17.0,0,0,0,0,2025-06-15,158,0,15.8,16.2,0.0,0.6,13.0,10.0,0.4,0.4
2025,Canadian Grand Prix,4,NOR,McLaren,7.0,7.0,18.0,0,0,0,0,2025-06-15,141,0,2.2,3.8,1.0,0.0,2.2,2.0,1.0,0.0
2025,Canadian Grand Prix,30,LAW,Racing Bulls,19.0,19.0,19.0,0,0,0,0,2025-06-15,16,0,12.4,13.0,0.2,0.4,9.6,9.2,0.6,0.6
2025,Canadian Grand Prix,23,ALB,Williams,9.0,10.0,20.0,0,0,0,0,2025-06-15,117,0,9.4,9.2,0.8,0.4,12.4,13.4,0.6,0.8
2025,Austrian Grand Prix,4,NOR,McLaren,1.0,1.0,1.0,1,1,1,1,2025-06-29,142,0,5.0,3.2,0.8,0.19999999999999996,5.6,3.2,0.8,0.19999999999999996
2025,Austrian Grand Prix,81,PIA,McLaren,3.0,3.0,2.0,1,1,1,1,2025-06-29,55,0,2.4,2.4,1.0,0.0,5.2,2.8,0.8,0.19999999999999996
2025,Austrian Grand Prix,16,LEC,Ferrari,2.0,2.0,3.0,1,1,1,1,2025-06-29,162,0,4.6,7.2,1.0,0.0,5.0,5.8,1.0,0.0
2025,Austrian Grand Prix,44,HAM,Ferrari,4.0,4.0,4.0,1,0,1,1,2025-06-29,161,0,5.8,7.6,1.0,0.0,4.6,5.4,1.0,0.0
2025,Austrian Grand Prix,63,RUS,Mercedes,5.0,5.0,5.0,1,0,1,1,2025-06-29,142,0,5.2,5.4,0.8,0.19999999999999996,8.8,6.0,0.6,0.4
2025,Austrian Grand Prix,30,LAW,Racing Bulls,6.0,6.0,6.0,1,0,0,1,2025-06-29,17,0,13.8,14.4,0.2,0.6,12.2,11.8,0.4,0.6
2025,Austrian Grand Prix,14,ALO,Aston Martin,11.0,11.0,7.0,0,0,0,1,2025-06-29,122,0,12.2,9.0,0.4,0.4,13.4,12.0,0.4,0.6
2025,Austrian Grand Prix,5,BOR,Kick Sauber,8.0,8.0,8.0,0,0,0,1,2025-06-29,116,0,15.2,14.2,0.0,0.6,11.0,14.0,0.4,0.4
2025,Austrian Grand Prix,27,HUL,Kick Sauber,20.0,20.0,9.0,0,0,0,1,2025-06-29,101,0,11.0,15.0,0.4,0.4,9.4,13.0,0.6,0.4
2025,Austrian Grand Prix,31,OCO,Haas F1 Team,17.0,17.0,10.0,0,0,0,1,2025-06-29,140,0,12.8,13.4,0.4,0.6,13.0,15.6,0.2,0.6
2025,Austrian Grand Prix,87,BEA,Haas F1 Team,15.0,15.0,11.0,0,0,0,0,2025-06-29,11,1,15.2,17.0,0.0,0.6,12.6,15.6,0.4,0.6
2025,Austrian Grand Prix,6,HAD,Racing Bulls,13.0,13.0,12.0,0,0,0,0,2025-06-29,77,0,9.8,8.8,0.6,0.4,11.8,11.2,0.4,0.4
2025,Austrian Grand Prix,10,GAS,Alpine,10.0,10.0,13.0,0,0,0,0,2025-06-29,162,0,13.8,14.8,0.2,0.4,14.2,15.4,0.2,0.6
2025,Austrian Grand Prix,18,STR,Aston Martin,16.0,16.0,14.0,0,0,0,0,2025-06-29,159,0,15.8,16.0,0.0,0.8,11.8,10.4,0.6,0.6
2025,Austrian Grand Prix,43,COL,Alpine,14.0,14.0,15.0,0,0,0,0,2025-06-29,14,0,14.6,16.4,0.0,0.6,12.8,13.8,0.2,0.6
2025,Austrian Grand Prix,22,TSU,Red Bull Racing,18.0,18.0,16.0,0,0,0,0,2025-06-29,102,0,12.4,14.6,0.4,0.4,10.8,9.6,0.4,0.4
2025,Austrian Grand Prix,23,ALB,Williams,12.0,12.0,17.0,0,0,0,0,2025-06-29,118,0,11.6,9.0,0.6,0.6,14.6,13.4,0.4,0.8
2025,Austrian Grand Prix,1,VER,Red Bull Racing,7.0,7.0,18.0,0,0,0,0,2025-06-29,79,0,4.2,2.6,1.0,0.0,10.6,10.8,0.4,0.4
2025,Austrian Grand Prix,12,ANT,Mercedes,9.0,9.0,19.0,0,0,0,0,2025-06-29,11,1,12.8,8.2,0.4,0.6,6.2,4.0,0.8,0.19999999999999996
2025,Austrian Grand Prix,55,SAI,Williams,19.0,19.0,20.0,0,0,0,0,2025-06-29,161,0,10.2,11.6,0.8,0.4,16.0,13.6,0.2,0.8
2025,British Grand Prix,4,NOR,McLaren,3.0,3.0,1.0,1,1,1,1,2025-07-06,143,0,4.8,3.0,0.8,0.19999999999999996,5.4,3.2,0.8,0.19999999999999996
2025,British Grand Prix,81,PIA,McLaren,2.0,2.0,2.0,1,1,1,1,2025-07-06,56,0,2.6,2.2,1.0,0.0,5.2,3.4,0.8,0.19999999999999996
2025,British Grand Prix,27,HUL,Kick Sauber,19.0,19.0,3.0,1,1,1,1,2025-07-06,102,0,10.0,15.8,0.6,0.4,10.2,13.8,0.6,0.6
2025,British Grand Prix,44,HAM,Ferrari,5.0,5.0,4.0,1,0,1,1,2025-07-06,162,0,5.0,6.0,1.0,0.0,4.8,4.8,1.0,0.0
2025,British Grand Prix,1,VER,Red Bull Racing,1.0,1.0,5.0,1,0,1,1,2025-07-06,80,0,7.0,3.8,0.8,0.19999999999999996,12.2,11.6,0.2,0.6
2025,British Grand Prix,10,GAS,Alpine,8.0,10.0,6.0,1,0,0,1,2025-07-06,163,0,13.8,13.2,0.2,0.6,14.2,15.0,0.0,0.8
2025,British Grand Prix,18,STR,Aston Martin,17.0,18.0,7.0,1,0,0,1,2025-07-06,160,0,15.4,16.0,0.0,0.8,10.8,12.2,0.6,0.6
2025,British Grand Prix,23,ALB,Williams,13.0,14.0,8.0,1,0,0,1,2025-07-06,119,0,14.0,10.0,0.4,0.8,17.2,13.8,0.2,1.0
2025,British Grand Prix,14,ALO,Aston Martin,7.0,9.0,9.0,1,0,0,1,2025-07-06,123,0,10.6,7.8,0.6,0.4,10.4,13.8,0.6,0.6
2025,British Grand Prix,63,RUS,Mercedes,4.0,4.0,10.0,1,0,0,1,2025-07-06,143,0,5.6,5.4,0.8,0.19999999999999996,9.2,5.0,0.6,0.4
2025,British Grand Prix,87,BEA,Haas F1 Team,18.0,8.0,11.0,1,0,0,0,2025-07-06,12,1,13.6,16.0,0.0,0.6,11.6,15.2,0.4,0.8
2025,British Grand Prix,55,SAI,Williams,9.0,11.0,12.0,1,0,0,0,2025-07-06,162,0,12.4,14.2,0.6,0.6,15.0,14.4,0.4,0.8
2025,British Grand Prix,31,OCO,Haas F1 Team,14.0,15.0,13.0,1,0,0,0,2025-07-06,141,0,12.4,15.0,0.6,0.8,10.4,13.8,0.4,0.8
2025,British Grand Prix,16,LEC,Ferrari,6.0,6.0,14.0,1,0,0,0,2025-07-06,163,0,3.8,6.0,1.0,0.0,4.4,4.8,1.0,0.0
2025,British Grand Prix,22,TSU,Red Bull Racing,11.0,12.0,15.0,0,0,0,0,2025-07-06,103,0,13.6,16.2,0.2,0.6,10.6,7.8,0.4,0.6
2025,British Grand Prix,12,ANT,Mercedes,10.0,7.0,16.0,0,0,0,0,2025-07-06,12,1,15.4,9.4,0.2,0.8,7.6,4.6,0.8,0.19999999999999996
2025,British Grand Prix,6,HAD,Racing Bulls,12.0,13.0,17.0,0,0,0,0,2025-07-06,78,0,10.0,9.2,0.6,0.6,12.8,12.0,0.2,0.6
2025,British Grand Prix,5,BOR,Kick Sauber,16.0,17.0,18.0,0,0,0,0,2025-07-06,117,0,13.2,13.2,0.2,0.6,8.4,15.2,0.8,0.6
2025,British Grand Prix,30,LAW,Racing Bulls,15.0,16.0,19.0,0,0,0,0,2025-07-06,18,0,11.6,12.6,0.4,0.4,14.0,12.0,0.2,0.8
2025,British Grand Prix,43,COL,Alpine,20.0,20.0,20.0,0,0,0,0,2025-07-06,15,0,14.4,16.0,0.0,0.6,12.4,13.2,0.2,0.8
2025,Belgian Grand Prix,81,PIA,McLaren,2.0,2.0,1.0,1,1,1,1,2025-07-27,57,0,2.4,2.4,1.0,0.0,4.8,3.2,0.8,0.19999999999999996
2025,Belgian Grand Prix,4,NOR,McLaren,1.0,1.0,2.0,1,1,1,1,2025-07-27,144,0,4.6,2.8,0.8,0.19999999999999996,1.4,2.2,1.0,0.0
2025,Belgian Grand Prix,16,LEC,Ferrari,3.0,3.0,3.0,1,1,1,1,2025-07-27,164,0,5.4,5.0,0.8,0.0,6.2,4.4,0.8,0.0
2025,Belgian Grand Prix,1,VER,Red Bull Racing,4.0,4.0,4.0,1,0,1,1,2025-07-27,81,0,7.8,3.6,0.8,0.19999999999999996,13.2,9.8,0.2,0.8
2025,Belgian Grand Prix,63,RUS,Mercedes,6.0,6.0,5.0,1,0,1,1,2025-07-27,144,0,6.2,5.6,0.8,0.19999999999999996,10.6,5.8,0.6,0.4
2025,Belgian Grand Prix,23,ALB,Williams,5.0,5.0,6.0,1,0,0,1,2025-07-27,120,0,14.6,11.4,0.4,0.8,15.4,13.2,0.2,0.6
2025,Belgian Grand Prix,44,HAM,Ferrari,18.0,16.0,7.0,1,0,0,1,2025-07-27,163,0,5.0,4.6,1.0,0.0,5.6,4.0,0.8,0.0
2025,Belgian Grand Prix,30,LAW,Racing Bulls,9.0,9.0,8.0,1,0,0,1,2025-07-27,19,0,12.6,12.6,0.4,0.6,14.6,13.4,0.2,0.8
2025,Belgian Grand Prix,5,BOR,Kick Sauber,10.0,10.0,9.0,1,0,0,1,2025-07-27,118,0,13.2,13.8,0.2,0.8,10.4,16.0,0.6,0.8
2025,Belgian Grand Prix,10,GAS,Alpine,13.0,13.0,10.0,1,0,0,1,2025-07-27,164,0,12.4,13.2,0.4,0.6,13.8,14.8,0.2,0.8
2025,Belgian Grand Prix,87,BEA,Haas F1 Team,12.0,12.0,11.0,1,0,0,0,2025-07-27,13,1,12.4,13.8,0.0,0.6,11.2,13.8,0.2,0.6
2025,Belgian Grand Prix,27,HUL,Kick Sauber,14.0,14.0,12.0,1,0,0,0,2025-07-27,103,0,8.2,16.2,0.8,0.4,9.4,14.8,0.8,0.6
2025,Belgian Grand Prix,22,TSU,Red Bull Racing,7.0,7.0,13.0,1,0,0,0,2025-07-27,104,0,14.6,14.6,0.0,0.8,11.6,8.4,0.4,0.6
2025,Belgian Grand Prix,18,STR,Aston Martin,16.0,20.0,14.0,1,0,0,0,2025-07-27,161,0,13.6,15.8,0.2,0.6,10.8,14.4,0.6,0.6
2025,Belgian Grand Prix,31,OCO,Haas F1 Team,11.0,11.0,15.0,1,0,0,0,2025-07-27,142,0,11.0,14.4,0.6,0.6,11.2,13.4,0.2,0.4
2025,Belgian Grand Prix,12,ANT,Mercedes,19.0,18.0,16.0,1,0,0,0,2025-07-27,13,1,14.8,8.2,0.2,0.8,11.0,6.2,0.6,0.4
2025,Belgian Grand Prix,14,ALO,Aston Martin,20.0,19.0,17.0,1,0,0,0,2025-07-27,124,0,10.2,8.6,0.8,0.4,10.2,14.8,0.6,0.4
2025,Belgian Grand Prix,55,SAI,Williams,17.0,15.0,18.0,1,0,0,0,2025-07-27,163,0,13.2,15.2,0.4,0.6,12.6,12.2,0.4,0.4
2025,Belgian Grand Prix,43,COL,Alpine,15.0,17.0,19.0,1,0,0,0,2025-07-27,16,0,15.2,17.0,0.0,0.8,12.8,13.4,0.4,0.6
2025,Belgian Grand Prix,6,HAD,Racing Bulls,8.0,8.0,20.0,0,0,0,0,2025-07-27,79,0,11.6,10.0,0.4,0.8,12.4,11.4,0.4,0.6
2025,Hungarian Grand Prix,4,NOR,McLaren,3.0,3.0,1.0,1,1,1,1,2025-08-03,145,0,4.8,2.8,0.8,0.19999999999999996,1.6,2.2,1.0,0.0
2025,Hungarian Grand Prix,81,PIA,McLaren,2.0,2.0,2.0,1,1,1,1,2025-08-03,58,0,2.0,2.2,1.0,0.0,1.4,2.2,1.0,0.0
2025,Hungarian Grand Prix,63,RUS,Mercedes,4.0,4.0,3.0,1,1,1,1,2025-08-03,145,0,5.0,4.0,1.0,0.0,13.2,8.8,0.4,0.4
2025,Hungarian Grand Prix,16,LEC,Ferrari,1.0,1.0,4.0,1,0,1,1,2025-08-03,165,0,5.6,5.2,0.8,0.0,6.4,6.8,0.8,0.0
2025,Hungarian Grand Prix,14,ALO,Aston Martin,5.0,5.0,5.0,1,0,1,1,2025-08-03,125,0,9.8,11.0,0.8,0.19999999999999996,12.2,16.4,0.4,0.19999999999999996
2025,Hungarian Grand Prix,5,BOR,Kick Sauber,7.0,7.0,6.0,1,0,0,1,2025-08-03,119,0,12.2,12.6,0.4,0.6,10.2,16.0,0.6,0.4
2025,Hungarian Grand Prix,18,STR,Aston Martin,6.0,6.0,7.0,1,0,0,1,2025-08-03,162,0,13.4,18.2,0.2,0.6,10.4,14.2,0.6,0.0
2025,Hungarian Grand Prix,30,LAW,Racing Bulls,9.0,9.0,8.0,1,0,0,1,2025-08-03,20,0,12.6,12.6,0.4,0.4,15.2,11.8,0.2,0.8
2025,Hungarian Grand Prix,1,VER,Red Bull Racing,8.0,8.0,9.0,1,0,0,1,2025-08-03,82,0,7.8,3.4,0.8,0.19999999999999996,11.0,6.2,0.4,0.4
2025,Hungarian Grand Prix,12,ANT,Mercedes,15.0,15.0,10.0,0,0,0,1,2025-08-03,14,1,14.4,8.8,0.2,0.6,10.0,7.8,0.6,0.19999999999999996
2025,Hungarian Grand Prix,6,HAD,Racing Bulls,10.0,10.0,11.0,0,0,0,0,2025-08-03,80,0,14.4,10.4,0.2,0.8,14.4,11.0,0.4,0.6
2025,Hungarian Grand Prix,44,HAM,Ferrari,12.0,12.0,12.0,0,0,0,0,2025-08-03,164,0,5.4,7.0,1.0,0.0,6.4,6.2,0.8,0.0
2025,Hungarian Grand Prix,27,HUL,Kick Sauber,18.0,19.0,13.0,0,0,0,0,2025-08-03,104,0,7.4,16.4,0.8,0.19999999999999996,9.6,13.4,0.6,0.19999999999999996
2025,Hungarian Grand Prix,55,SAI,Williams,13.0,13.0,14.0,0,0,0,0,2025-08-03,164,0,14.8,16.0,0.2,0.4,12.8,12.8,0.4,0.19999999999999996
2025,Hungarian Grand Prix,23,ALB,Williams,19.0,20.0,15.0,0,0,0,0,2025-08-03,121,0,14.0,10.4,0.4,0.6,11.6,11.6,0.4,0.19999999999999996
2025,Hungarian Grand Prix,31,OCO,Haas F1 Team,17.0,18.0,16.0,0,0,0,0,2025-08-03,143,0,12.6,15.0,0.4,0.4,12.2,12.2,0.0,0.19999999999999996
2025,Hungarian Grand Prix,22,TSU,Red Bull Racing,20.0,16.0,17.0,0,0,0,0,2025-08-03,105,0,13.8,13.6,0.0,0.6,9.2,6.4,0.6,0.19999999999999996
2025,Hungarian Grand Prix,43,COL,Alpine,14.0,14.0,18.0,0,0,0,0,2025-08-03,17,0,16.4,16.4,0.0,0.6,14.0,14.8,0.4,0.4
2025,Hungarian Grand Prix,10,GAS,Alpine,16.0,17.0,19.0,0,0,0,0,2025-08-03,165,0,10.4,12.2,0.6,0.4,14.6,14.8,0.4,0.4
2025,Hungarian Grand Prix,87,BEA,Haas F1 Team,11.0,11.0,20.0,0,0,0,0,2025-08-03,14,1,12.2,12.8,0.0,0.4,13.2,12.8,0.0,0.19999999999999996
2025,Dutch Grand Prix,81,PIA,McLaren,1.0,1.0,1.0,1,1,1,1,2025-08-31,59,0,2.2,2.4,1.0,0.0,1.6,2.0,1.0,0.0
2025,Dutch Grand Prix,1,VER,Red Bull Racing,3.0,3.0,2.0,1,1,1,1,2025-08-31,83,0,7.6,4.4,0.8,0.19999999999999996,11.6,9.4,0.4,0.4
2025,Dutch Grand Prix,6,HAD,Racing Bulls,4.0,4.0,3.0,1,1,1,1,2025-08-31,81,0,15.2,10.6,0.0,1.0,13.2,10.4,0.4,0.6
2025,Dutch Grand Prix,63,RUS,Mercedes,5.0,5.0,4.0,1,0,1,1,2025-08-31,146,0,4.8,4.0,1.0,0.0,10.0,10.0,0.6,0.4
2025,Dutch Grand Prix,23,ALB,Williams,15.0,15.0,5.0,1,0,1,1,2025-08-31,122,0,13.2,12.2,0.4,0.6,13.0,12.8,0.2,0.4
2025,Dutch Grand Prix,87,BEA,Haas F1 Team,20.0,19.0,6.0,1,0,0,1,2025-08-31,15,1,12.8,12.0,0.0,0.6,15.0,13.4,0.0,0.4
2025,Dutch Grand Prix,18,STR,Aston Martin,19.0,20.0,7.0,1,0,0,1,2025-08-31,163,0,11.8,15.6,0.4,0.4,10.4,11.8,0.6,0.0
2025,Dutch Grand Prix,14,ALO,Aston Martin,10.0,10.0,8.0,1,0,0,1,2025-08-31,126,0,9.0,10.0,0.8,0.19999999999999996,10.0,14.0,0.6,0.0
2025,Dutch Grand Prix,22,TSU,Red Bull Racing,12.0,12.0,9.0,1,0,0,1,2025-08-31,106,0,14.6,12.8,0.0,0.8,9.0,7.6,0.6,0.19999999999999996
2025,Dutch Grand Prix,31,OCO,Haas F1 Team,18.0,18.0,10.0,1,0,0,1,2025-08-31,144,0,12.6,15.2,0.4,0.6,13.6,14.2,0.2,0.4
2025,Dutch Grand Prix,43,COL,Alpine,16.0,16.0,11.0,1,0,0,0,2025-08-31,18,0,17.0,15.4,0.0,0.8,17.2,16.2,0.2,0.6
2025,Dutch Grand Prix,30,LAW,Racing Bulls,8.0,8.0,12.0,1,0,0,0,2025-08-31,21,0,12.0,11.8,0.6,0.4,10.0,8.0,0.6,0.4
2025,Dutch Grand Prix,55,SAI,Williams,9.0,9.0,13.0,1,0,0,0,2025-08-31,165,0,14.8,15.0,0.2,0.6,11.6,13.6,0.4,0.4
2025,Dutch Grand Prix,27,HUL,Kick Sauber,17.0,17.0,14.0,1,0,0,0,2025-08-31,105,0,9.0,17.0,0.6,0.4,11.6,13.4,0.4,0.4
2025,Dutch Grand Prix,5,BOR,Kick Sauber,13.0,13.0,15.0,1,0,0,0,2025-08-31,120,0,11.0,11.6,0.6,0.6,10.8,13.4,0.4,0.19999999999999996
2025,Dutch Grand Prix,12,ANT,Mercedes,11.0,11.0,16.0,1,0,0,0,2025-08-31,15,1,12.8,10.6,0.4,0.6,7.6,9.6,0.8,0.19999999999999996
2025,Dutch Grand Prix,10,GAS,Alpine,14.0,14.0,17.0,1,0,0,0,2025-08-31,166,0,12.6,14.0,0.4,0.6,15.4,15.4,0.2,0.4
2025,Dutch Grand Prix,4,NOR,McLaren,2.0,2.0,18.0,0,0,0,0,2025-08-31,146,0,4.6,3.0,0.8,0.19999999999999996,1.4,1.8,1.0,0.0
2025,Dutch Grand Prix,16,LEC,Ferrari,6.0,6.0,19.0,0,0,0,0,2025-08-31,166,0,5.8,4.0,0.8,0.0,8.0,7.6,0.6,0.19999999999999996
2025,Dutch Grand Prix,44,HAM,Ferrari,7.0,7.0,20.0,0,0,0,0,2025-08-31,165,0,6.6,8.4,0.8,0.19999999999999996,9.0,7.6,0.6,0.4
2025,Italian Grand Prix,1,VER,Red Bull Racing,1.0,1.0,1.0,1,1,1,1,2025-09-07,84,0,7.6,4.6,0.8,0.19999999999999996,10.0,9.2,0.6,0.19999999999999996
2025,Italian Grand Prix,4,NOR,McLaren,2.0,2.0,2.0,1,1,1,1,2025-09-07,147,0,4.6,2.0,0.8,0.19999999999999996,4.8,1.8,0.8,0.19999999999999996
2025,Italian Grand Prix,81,PIA,McLaren,3.0,3.0,3.0,1,1,1,1,2025-09-07,60,0,1.6,2.0,1.0,0.0,4.8,2.0,0.8,0.19999999999999996
2025,Italian Grand Prix,16,LEC,Ferrari,4.0,4.0,4.0,1,0,1,1,2025-09-07,167,0,8.6,3.6,0.6,0.19999999999999996,12.4,8.4,0.4,0.6
2025,Italian Grand Prix,63,RUS,Mercedes,5.0,6.0,5.0,1,0,1,1,2025-09-07,147,0,5.4,4.8,1.0,0.0,9.8,10.6,0.6,0.19999999999999996
2025,Italian Grand Prix,44,HAM,Ferrari,10.0,5.0,6.0,1,0,0,1,2025-09-07,166,0,9.4,8.8,0.6,0.4,11.8,6.0,0.4,0.6
2025,Italian Grand Prix,23,ALB,Williams,14.0,14.0,7.0,1,0,0,1,2025-09-07,123,0,10.2,13.2,0.6,0.4,13.0,14.4,0.2,0.4
2025,Italian Grand Prix,5,BOR,Kick Sauber,7.0,8.0,8.0,1,0,0,1,2025-09-07,121,0,11.2,11.0,0.6,0.4,12.0,14.0,0.2,0.19999999999999996
2025,Italian Grand Prix,12,ANT,Mercedes,6.0,7.0,9.0,1,0,0,1,2025-09-07,16,1,15.4,12.0,0.2,0.6,7.6,8.2,0.8,0.19999999999999996
2025,Italian Grand Prix,6,HAD,Racing Bulls,19.0,16.0,10.0,1,0,0,1,2025-09-07,82,0,12.6,9.6,0.2,0.8,10.8,7.8,0.4,0.4
2025,Italian Grand Prix,55,SAI,Williams,13.0,13.0,11.0,1,0,0,0,2025-09-07,166,0,15.4,13.4,0.0,0.4,10.8,14.2,0.4,0.4
2025,Italian Grand Prix,87,BEA,Haas F1 Team,11.0,11.0,12.0,1,0,0,0,2025-09-07,16,1,11.8,13.0,0.2,0.4,13.4,15.4,0.4,0.4
2025,Italian Grand Prix,22,TSU,Red Bull Racing,9.0,10.0,13.0,1,0,0,0,2025-09-07,107,0,14.0,13.0,0.2,0.6,7.6,8.0,0.8,0.19999999999999996
2025,Italian Grand Prix,30,LAW,Racing Bulls,18.0,20.0,14.0,1,0,0,0,2025-09-07,22,0,10.6,9.6,0.6,0.19999999999999996,8.8,9.4,0.6,0.19999999999999996
2025,Italian Grand Prix,31,OCO,Haas F1 Team,15.0,15.0,15.0,0,0,0,0,2025-09-07,145,0,12.8,15.8,0.4,0.4,12.8,15.4,0.4,0.4
2025,Italian Grand Prix,10,GAS,Alpine,20.0,19.0,16.0,0,0,0,0,2025-09-07,167,0,13.0,12.8,0.4,0.4,16.8,15.6,0.0,0.4
2025,Italian Grand Prix,43,COL,Alpine,17.0,18.0,17.0,0,0,0,0,2025-09-07,19,0,16.6,16.2,0.0,0.6,16.2,16.0,0.0,0.6
2025,Italian Grand Prix,18,STR,Aston Martin,16.0,17.0,18.0,0,0,0,0,2025-09-07,164,0,9.8,16.0,0.6,0.19999999999999996,8.8,12.0,0.8,0.0
2025,Italian Grand Prix,14,ALO,Aston Martin,8.0,9.0,19.0,0,0,0,0,2025-09-07,127,0,9.2,10.8,0.8,0.19999999999999996,9.0,11.6,0.8,0.19999999999999996
2025,Italian Grand Prix,27,HUL,Kick Sauber,12.0,12.0,20.0,0,0,0,0,2025-09-07,106,0,10.2,17.8,0.4,0.4,11.2,12.8,0.4,0.19999999999999996
2025,Azerbaijan Grand Prix,1,VER,Red Bull Racing,1.0,1.0,1.0,1,1,1,1,2025-09-21,85,0,4.2,3.4,1.0,0.0,8.4,8.4,0.6,0.19999999999999996
2025,Azerbaijan Grand Prix,63,RUS,Mercedes,5.0,5.0,2.0,1,1,1,1,2025-09-21,148,0,5.4,5.0,1.0,0.0,8.8,8.8,0.8,0.19999999999999996
2025,Azerbaijan Grand Prix,55,SAI,Williams,2.0,2.0,3.0,1,1,1,1,2025-09-21,167,0,13.6,12.2,0.0,0.19999999999999996,10.2,14.2,0.4,0.19999999999999996
2025,Azerbaijan Grand Prix,12,ANT,Mercedes,4.0,4.0,4.0,1,0,1,1,2025-09-21,17,1,13.4,11.6,0.4,0.4,7.2,6.8,0.8,0.0
2025,Azerbaijan Grand Prix,30,LAW,Racing Bulls,3.0,3.0,5.0,1,0,1,1,2025-09-21,23,0,12.2,12.4,0.4,0.19999999999999996,10.0,11.6,0.4,0.19999999999999996
2025,Azerbaijan Grand Prix,22,TSU,Red Bull Racing,6.0,6.0,6.0,1,0,0,1,2025-09-21,108,0,13.4,11.4,0.2,0.4,5.2,5.4,0.8,0.0
2025,Azerbaijan Grand Prix,4,NOR,McLaren,7.0,7.0,7.0,1,0,0,1,2025-09-21,148,0,4.8,2.2,0.8,0.19999999999999996,5.2,2.0,0.8,0.19999999999999996
2025,Azerbaijan Grand Prix,44,HAM,Ferrari,12.0,12.0,8.0,1,0,0,1,2025-09-21,167,0,9.8,9.0,0.6,0.4,12.2,6.8,0.4,0.6
2025,Azerbaijan Grand Prix,16,LEC,Ferrari,10.0,10.0,9.0,1,0,0,1,2025-09-21,168,0,8.8,4.0,0.6,0.19999999999999996,11.4,6.8,0.6,0.4
2025,Azerbaijan Grand Prix,6,HAD,Racing Bulls,8.0,8.0,10.0,1,0,0,1,2025-09-21,83,0,12.2,10.2,0.4,0.6,8.8,10.2,0.6,0.0
2025,Azerbaijan Grand Prix,5,BOR,Kick Sauber,13.0,13.0,11.0,1,0,0,0,2025-09-21,122,0,11.2,11.0,0.6,0.19999999999999996,14.0,13.8,0.2,0.4
2025,Azerbaijan Grand Prix,87,BEA,Haas F1 Team,15.0,15.0,12.0,1,0,0,0,2025-09-21,17,1,12.0,12.2,0.2,0.19999999999999996,12.6,14.8,0.4,0.4
2025,Azerbaijan Grand Prix,23,ALB,Williams,19.0,19.0,13.0,1,0,0,0,2025-09-21,124,0,8.2,13.6,0.8,0.19999999999999996,7.8,10.6,0.6,0.0
2025,Azerbaijan Grand Prix,31,OCO,Haas F1 Team,20.0,20.0,14.0,1,0,0,0,2025-09-21,146,0,13.8,15.4,0.2,0.4,11.0,15.6,0.4,0.19999999999999996
2025,Azerbaijan Grand Prix,14,ALO,Aston Martin,11.0,11.0,15.0,1,0,0,0,2025-09-21,128,0,11.6,10.4,0.6,0.19999999999999996,11.8,12.4,0.6,0.4
2025,Azerbaijan Grand Prix,27,HUL,Kick Sauber,17.0,17.0,16.0,1,0,0,0,2025-09-21,107,0,12.4,16.2,0.2,0.4,13.6,12.6,0.2,0.19999999999999996
2025,Azerbaijan Grand Prix,18,STR,Aston Martin,14.0,14.0,17.0,1,0,0,0,2025-09-21,165,0,10.6,16.2,0.6,0.19999999999999996,13.4,13.4,0.4,0.4
2025,Azerbaijan Grand Prix,10,GAS,Alpine,18.0,18.0,18.0,0,0,0,0,2025-09-21,168,0,13.6,14.6,0.4,0.4,16.0,16.8,0.0,0.6
2025,Azerbaijan Grand Prix,43,COL,Alpine,16.0,16.0,19.0,0,0,0,0,2025-09-21,20,0,17.0,17.0,0.0,0.6,15.8,17.0,0.0,0.6
2025,Azerbaijan Grand Prix,81,PIA,McLaren,9.0,9.0,20.0,0,0,0,0,2025-09-21,61,0,1.8,2.0,1.0,0.0,6.2,3.0,0.8,0.19999999999999996
2025,Singapore Grand Prix,63,RUS,Mercedes,1.0,1.0,1.0,1,1,1,1,2025-10-05,149,0,3.8,5.2,1.0,0.0,7.2,6.6,0.8,0.0
2025,Singapore Grand Prix,1,VER,Red Bull Racing,2.0,2.0,2.0,1,1,1,1,2025-10-05,86,0,3.4,3.4,1.0,0.0,6.0,6.0,0.8,0.0
2025,Singapore Grand Prix,4,NOR,McLaren,5.0,5.0,3.0,1,1,1,1,2025-10-05,149,0,6.0,3.0,0.8,0.19999999999999996,10.0,4.6,0.6,0.4
2025,Singapore Grand Prix,81,PIA,McLaren,3.0,3.0,4.0,1,0,1,1,2025-10-05,62,0,5.4,3.4,0.8,0.19999999999999996,7.0,5.2,0.8,0.19999999999999996
2025,Singapore Grand Prix,12,ANT,Mercedes,4.0,4.0,5.0,1,0,1,1,2025-10-05,18,1,11.0,11.0,0.6,0.19999999999999996,4.2,4.6,1.0,0.0
2025,Singapore Grand Prix,16,LEC,Ferrari,7.0,7.0,6.0,1,0,0,1,2025-10-05,169,0,7.8,4.8,0.8,0.19999999999999996,9.4,7.6,0.8,0.19999999999999996
2025,Singapore Grand Prix,14,ALO,Aston Martin,10.0,10.0,7.0,1,0,0,1,2025-10-05,129,0,12.8,10.8,0.4,0.19999999999999996,15.4,12.2,0.2,0.4
2025,Singapore Grand Prix,44,HAM,Ferrari,6.0,6.0,8.0,1,0,0,1,2025-10-05,168,0,10.6,10.4,0.6,0.4,6.6,7.6,1.0,0.0
2025,Singapore Grand Prix,87,BEA,Haas F1 Team,9.0,9.0,9.0,1,0,0,1,2025-10-05,18,1,12.2,13.6,0.2,0.19999999999999996,12.6,15.8,0.2,0.19999999999999996
2025,Singapore Grand Prix,55,SAI,Williams,18.0,20.0,10.0,0,0,0,1,2025-10-05,168,0,11.8,10.4,0.2,0.19999999999999996,9.4,11.4,0.4,0.0
2025,Singapore Grand Prix,6,HAD,Racing Bulls,8.0,8.0,11.0,0,0,0,0,2025-10-05,84,0,10.8,9.2,0.6,0.4,10.2,11.0,0.6,0.0
2025,Singapore Grand Prix,22,TSU,Red Bull Racing,13.0,13.0,12.0,0,0,0,0,2025-10-05,109,0,11.6,10.2,0.4,0.19999999999999996,4.6,4.0,0.8,0.0
2025,Singapore Grand Prix,18,STR,Aston Martin,15.0,15.0,13.0,0,0,0,0,2025-10-05,166,0,12.6,15.4,0.4,0.19999999999999996,15.2,12.2,0.2,0.4
2025,Singapore Grand Prix,23,ALB,Williams,20.0,19.0,14.0,0,0,0,0,2025-10-05,125,0,9.2,14.6,0.6,0.19999999999999996,8.8,13.6,0.6,0.19999999999999996
2025,Singapore Grand Prix,30,LAW,Racing Bulls,12.0,12.0,15.0,0,0,0,0,2025-10-05,24,0,9.4,9.8,0.6,0.0,10.0,11.0,0.6,0.19999999999999996
2025,Singapore Grand Prix,43,COL,Alpine,16.0,16.0,16.0,0,0,0,0,2025-10-05,21,0,16.8,16.2,0.0,0.6,17.4,17.0,0.0,0.8
2025,Singapore Grand Prix,5,BOR,Kick Sauber,14.0,14.0,17.0,0,0,0,0,2025-10-05,123,0,9.8,10.2,0.6,0.0,14.0,12.6,0.2,0.19999999999999996
2025,Singapore Grand Prix,31,OCO,Haas F1 Team,17.0,17.0,18.0,0,0,0,0,2025-10-05,147,0,14.0,16.4,0.2,0.4,12.4,14.0,0.2,0.19999999999999996
2025,Singapore Grand Prix,10,GAS,Alpine,19.0,18.0,19.0,0,0,0,0,2025-10-05,169,0,16.0,16.2,0.2,0.6,17.2,17.4,0.0,1.0
2025,Singapore Grand Prix,27,HUL,Kick Sauber,11.0,11.0,20.0,0,0,0,0,2025-10-05,108,0,15.0,15.8,0.0,0.4,14.4,12.8,0.2,0.4
2025,United States Grand Prix,1,VER,Red Bull Racing,1.0,1.0,1.0,1,1,1,1,2025-10-19,87,0,3.0,3.0,1.0,0.0,6.8,6.4,0.6,0.19999999999999996
2025,United States Grand Prix,4,NOR,McLaren,2.0,2.0,2.0,1,1,1,1,2025-10-19,150,0,6.2,3.8,0.8,0.19999999999999996,7.4,5.4,0.8,0.19999999999999996
2025,United States Grand Prix,16,LEC,Ferrari,3.0,3.0,3.0,1,1,1,1,2025-10-19,170,0,8.4,5.6,0.8,0.19999999999999996,7.4,8.0,1.0,0.0
2025,United States Grand Prix,44,HAM,Ferrari,5.0,5.0,4.0,1,0,1,1,2025-10-19,169,0,10.8,8.4,0.6,0.4,6.8,8.75,1.0,0.0
2025,United States Grand Prix,81,PIA,McLaren,6.0,6.0,5.0,1,0,1,1,2025-10-19,63,0,6.0,3.6,0.8,0.19999999999999996,7.2,6.0,0.8,0.19999999999999996
2025,United States Grand Prix,63,RUS,Mercedes,4.0,4.0,6.0,1,0,0,1,2025-10-19,150,0,3.0,4.2,1.0,0.0,4.2,4.2,1.0,0.0
2025,United States Grand Prix,22,TSU,Red Bull Racing,13.0,13.0,7.0,1,0,0,1,2025-10-19,110,0,11.4,11.4,0.4,0.4,4.4,5.5,0.8,0.19999999999999996
2025,United States Grand Prix,27,HUL,Kick Sauber,11.0,11.0,8.0,1,0,0,1,2025-10-19,109,0,16.6,15.2,0.0,0.6,16.8,13.4,0.0,0.6
2025,United States Grand Prix,87,BEA,Haas F1 Team,8.0,8.0,9.0,1,0,0,1,2025-10-19,19,1,11.8,13.0,0.4,0.19999999999999996,13.6,15.2,0.2,0.4
2025,United States Grand Prix,14,ALO,Aston Martin,10.0,10.0,10.0,1,0,0,1,2025-10-19,130,0,10.8,9.0,0.6,0.19999999999999996,14.2,11.8,0.2,0.4
2025,United States Grand Prix,30,LAW,Racing Bulls,12.0,12.0,11.0,1,0,0,0,2025-10-19,25,0,10.8,10.4,0.4,0.19999999999999996,11.0,10.2,0.4,0.4
2025,United States Grand Prix,18,STR,Aston Martin,19.0,19.0,12.0,1,0,0,0,2025-10-19,167,0,12.4,14.4,0.4,0.4,12.4,12.5,0.4,0.19999999999999996
2025,United States Grand Prix,12,ANT,Mercedes,7.0,7.0,13.0,1,0,0,0,2025-10-19,19,1,8.8,8.2,0.8,0.19999999999999996,3.6,3.5,1.0,0.0
2025,United States Grand Prix,23,ALB,Williams,18.0,18.0,14.0,1,0,0,0,2025-10-19,126,0,10.8,17.4,0.4,0.4,10.2,14.6,0.4,0.4
2025,United States Grand Prix,31,OCO,Haas F1 Team,17.0,17.0,15.0,1,0,0,0,2025-10-19,148,0,14.6,17.6,0.2,0.6,12.4,15.25,0.4,0.19999999999999996
2025,United States Grand Prix,6,HAD,Racing Bulls,20.0,20.0,16.0,1,0,0,0,2025-10-19,85,0,9.0,9.2,0.6,0.4,10.4,7.75,0.4,0.4
2025,United States Grand Prix,43,COL,Alpine,15.0,15.0,17.0,0,0,0,0,2025-10-19,22,0,16.2,16.0,0.0,0.8,17.8,17.2,0.0,1.0
2025,United States Grand Prix,5,BOR,Kick Sauber,16.0,16.0,18.0,0,0,0,0,2025-10-19,124,0,11.4,11.0,0.4,0.19999999999999996,14.4,13.75,0.2,0.4
2025,United States Grand Prix,10,GAS,Alpine,14.0,14.0,19.0,0,0,0,0,2025-10-19,170,0,17.8,17.2,0.0,0.8,17.8,17.0,0.0,1.0
2025,United States Grand Prix,55,SAI,Williams,9.0,9.0,20.0,0,0,0,0,2025-10-19,169,0,10.2,11.4,0.4,0.4,10.8,15.0,0.4,0.4
2025,São Paulo Grand Prix,4,NOR,McLaren,1.0,1.0,1.0,1,1,1,1,2025-11-09,151,0,6.4,4.0,0.8,0.19999999999999996,6.8,5.666666666666667,0.8,0.19999999999999996
2025,São Paulo Grand Prix,12,ANT,Mercedes,2.0,2.0,2.0,1,1,1,1,2025-11-09,20,1,9.4,6.5,0.6,0.0,5.8,3.0,0.8,0.0
2025,São Paulo Grand Prix,1,VER,Red Bull Racing,19.0,19.0,3.0,1,1,1,1,2025-11-09,88,0,1.4,1.75,1.0,0.0,5.6,7.0,0.8,0.19999999999999996
2025,São Paulo Grand Prix,63,RUS,Mercedes,6.0,6.0,4.0,1,0,1,1,2025-11-09,151,0,3.6,4.25,1.0,0.0,5.4,2.5,0.8,0.0
2025,São Paulo Grand Prix,81,PIA,McLaren,4.0,4.0,5.0,1,0,1,1,2025-11-09,64,0,6.6,4.0,0.8,0.19999999999999996,3.0,4.0,1.0,0.0
2025,São Paulo Grand Prix,87,BEA,Haas F1 Team,8.0,8.0,6.0,1,0,0,1,2025-11-09,20,1,9.6,13.5,0.6,0.0,13.0,15.333333333333334,0.4,0.19999999999999996
2025,São Paulo Grand Prix,30,LAW,Racing Bulls,7.0,7.0,7.0,1,0,0,1,2025-11-09,26,0,11.4,10.75,0.2,0.19999999999999996,12.6,9.333333333333334,0.2,0.4
2025,São Paulo Grand Prix,6,HAD,Racing Bulls,5.0,5.0,8.0,1,0,0,1,2025-11-09,86,0,10.0,9.0,0.6,0.19999999999999996,12.0,10.0,0.2,0.4
2025,São Paulo Grand Prix,27,HUL,Kick Sauber,10.0,10.0,9.0,1,0,0,1,2025-11-09,110,0,15.6,14.25,0.2,0.4,15.8,14.0,0.2,0.6
2025,São Paulo Grand Prix,10,GAS,Alpine,9.0,9.0,10.0,1,0,0,1,2025-11-09,171,0,17.8,17.25,0.0,0.8,18.0,16.666666666666668,0.0,1.0
2025,São Paulo Grand Prix,23,ALB,Williams,12.0,12.0,11.0,1,0,0,0,2025-11-09,127,0,10.6,16.75,0.4,0.19999999999999996,14.2,19.333333333333332,0.2,0.6
2025,São Paulo Grand Prix,31,OCO,Haas F1 Team,20.0,20.0,12.0,1,0,0,0,2025-11-09,149,0,14.4,17.5,0.2,0.4,11.4,13.0,0.6,0.19999999999999996
2025,São Paulo Grand Prix,55,SAI,Williams,15.0,15.0,13.0,1,0,0,0,2025-11-09,170,0,11.4,11.0,0.4,0.4,13.8,19.5,0.2,0.6
2025,São Paulo Grand Prix,14,ALO,Aston Martin,11.0,11.0,14.0,1,0,0,0,2025-11-09,131,0,11.8,10.0,0.6,0.19999999999999996,11.8,13.0,0.4,0.19999999999999996
2025,São Paulo Grand Prix,43,COL,Alpine,16.0,16.0,15.0,1,0,0,0,2025-11-09,23,0,16.0,16.5,0.0,0.8,16.2,17.0,0.2,0.8
2025,São Paulo Grand Prix,18,STR,Aston Martin,14.0,14.0,16.0,1,0,0,0,2025-11-09,168,0,13.4,16.5,0.2,0.4,11.2,12.5,0.4,0.19999999999999996
2025,São Paulo Grand Prix,22,TSU,Red Bull Racing,17.0,17.0,17.0,1,0,0,0,2025-11-09,111,0,9.4,10.25,0.6,0.19999999999999996,5.0,7.5,0.8,0.19999999999999996
2025,São Paulo Grand Prix,44,HAM,Ferrari,13.0,13.0,18.0,0,0,0,0,2025-11-09,170,0,9.2,7.5,0.8,0.19999999999999996,6.0,7.666666666666667,1.0,0.0
2025,São Paulo Grand Prix,16,LEC,Ferrari,3.0,3.0,19.0,0,0,0,0,2025-11-09,171,0,8.2,6.75,0.8,0.19999999999999996,7.8,6.5,0.8,0.19999999999999996
2025,São Paulo Grand Prix,5,BOR,Kick Sauber,18.0,18.0,20.0,0,0,0,0,2025-11-09,125,0,13.8,12.0,0.2,0.4,14.4,12.5,0.4,0.6
2025,Las Vegas Grand Prix,1,VER,Red Bull Racing,2.0,2.0,1.0,1,1,1,1,2025-11-22,89,0,1.6,1.3333333333333333,1.0,0.0,8.0,13.0,0.6,0.19999999999999996
2025,Las Vegas Grand Prix,63,RUS,Mercedes,4.0,4.0,2.0,1,1,1,1,2025-11-22,152,0,3.6,4.0,1.0,0.0,6.0,4.0,0.8,0.0
2025,Las Vegas Grand Prix,12,ANT,Mercedes,17.0,17.0,3.0,1,1,1,1,2025-11-22,21,1,6.6,5.0,0.8,0.0,5.4,10.466084656084657,0.8,0.0
2025,Las Vegas Grand Prix,16,LEC,Ferrari,9.0,9.0,4.0,1,0,1,1,2025-11-22,172,0,8.2,7.0,0.8,0.19999999999999996,10.4,6.0,0.6,0.4
2025,Las Vegas Grand Prix,55,SAI,Williams,3.0,3.0,5.0,1,0,1,1,2025-11-22,171,0,11.4,11.666666666666666,0.4,0.4,14.4,19.0,0.0,0.4
2025,Las Vegas Grand Prix,6,HAD,Racing Bulls,8.0,8.0,6.0,1,0,0,1,2025-11-22,87,0,11.0,10.666666666666666,0.6,0.19999999999999996,11.4,12.0,0.4,0.19999999999999996
2025,Las Vegas Grand Prix,27,HUL,Kick Sauber,11.0,11.0,7.0,1,0,0,1,2025-11-22,111,0,14.6,13.333333333333334,0.4,0.4,15.0,11.0,0.4,0.6
2025,Las Vegas Grand Prix,44,HAM,Ferrari,19.0,19.0,8.0,1,0,0,1,2025-11-22,171,0,8.8,7.666666666666667,0.8,0.19999999999999996,9.6,10.466084656084657,0.6,0.4
2025,Las Vegas Grand Prix,31,OCO,Haas F1 Team,13.0,13.0,9.0,1,0,0,1,2025-11-22,150,0,14.8,17.333333333333332,0.0,0.4,12.0,17.0,0.4,0.19999999999999996
2025,Las Vegas Grand Prix,87,BEA,Haas F1 Team,14.0,14.0,10.0,1,0,0,1,2025-11-22,21,1,9.6,11.666666666666666,0.6,0.0,10.2,10.466084656084657,0.6,0.0
2025,Las Vegas Grand Prix,14,ALO,Aston Martin,7.0,7.0,11.0,1,0,0,0,2025-11-22,132,0,13.0,10.0,0.4,0.19999999999999996,13.0,15.0,0.2,0.19999999999999996
2025,Las Vegas Grand Prix,22,TSU,Red Bull Racing,20.0,20.0,12.0,1,0,0,0,2025-11-22,112,0,11.0,9.666666666666666,0.4,0.19999999999999996,5.8,10.466084656084657,0.8,0.0
2025,Las Vegas Grand Prix,10,GAS,Alpine,10.0,10.0,13.0,1,0,0,0,2025-11-22,172,0,16.4,18.333333333333332,0.2,0.8,16.0,18.0,0.2,0.6
2025,Las Vegas Grand Prix,30,LAW,Racing Bulls,6.0,6.0,14.0,0,0,0,0,2025-11-22,27,0,10.4,11.666666666666666,0.4,0.19999999999999996,9.6,10.466084656084657,0.6,0.0
2025,Las Vegas Grand Prix,43,COL,Alpine,15.0,15.0,15.0,0,0,0,0,2025-11-22,24,0,16.8,16.666666666666668,0.0,0.8,14.8,10.466084656084657,0.2,0.4
2025,Las Vegas Grand Prix,23,ALB,Williams,16.0,16.0,16.0,0,0,0,0,2025-11-22,128,0,11.8,17.333333333333332,0.2,0.19999999999999996,12.6,10.466084656084657,0.2,0.19999999999999996
2025,Las Vegas Grand Prix,5,BOR,Kick Sauber,18.0,18.0,17.0,0,0,0,0,2025-11-22,126,0,14.8,11.666666666666666,0.2,0.6,12.4,10.466084656084657,0.6,0.4
2025,Las Vegas Grand Prix,18,STR,Aston Martin,12.0,12.0,18.0,0,0,0,0,2025-11-22,169,0,15.2,15.333333333333334,0.0,0.4,12.6,10.466084656084657,0.2,0.0
2025,Las Vegas Grand Prix,4,NOR,McLaren,1.0,1.0,19.0,0,0,0,0,2025-11-22,152,0,3.0,4.666666666666667,1.0,0.0,3.4,3.0,1.0,0.0
2025,Las Vegas Grand Prix,81,PIA,McLaren,5.0,5.0,20.0,0,0,0,0,2025-11-22,65,0,7.4,5.0,0.8,0.19999999999999996,6.4,10.466084656084657,0.8,0.19999999999999996
